index,celebrity_age_during_season,1,2,3,4,5,6,7,8,9,10,11,industry_Actor_Performer,industry_Influencer,industry_Model_Fashion,industry_Music,industry_Others,industry_Sports,industry_TV_Media,fame_1,fame_1.1,fame_1.2,fame_1.3,fame_1.4
0,50,0.18348623853211,0.2148760330578512,0.2264150943396226,0.2282608695652173,0.3698630136986301,0.4954128440366973,,,,,,1,0,0,0,0,0,0,49,72.31288491813308,106.7174147996562,157.49069663608591,232.42054329636488
1,29,0.1192660550458715,0.140495867768595,0.1981132075471698,0.2826086956521739,0.3219178082191781,0.5045871559633028,,,,,,1,0,0,0,0,0,0,114,183.06079178697712,293.9583639445171,472.0372882112955,757.9957871310279
2,42,0.165137614678899,0.1157024793388429,0.1226415094339622,,,,,,,,,0,0,0,0,0,1,0,47,69.0728926279167,101.5120105529299,149.185706497159,219.24868694676914
3,35,0.18348623853211,0.1983471074380165,0.2452830188679245,0.2717391304347826,,,,,,,,0,0,1,0,0,0,0,24,32.9786114475993,45.316200542155286,62.26939041505117,85.56491798236814
4,32,0.18348623853211,0.1735537190082644,0.2075471698113207,0.217391304347826,0.3082191780821918,,,,,,,0,0,0,1,0,0,0,31,43.70165288902177,61.60756339459819,86.8500758325527,122.43522152965917
5,32,0.165137614678899,0.1570247933884297,,,,,,,,,,0,0,0,0,0,0,1,39,56.25628739463053,81.14794542121189,117.05338818203819,168.84587297651242
6,42,0.1179487179487179,0.0849999999999999,,,,,,,,,,1,0,0,0,0,0,0,118,190.13856330404124,306.37858690953266,493.68122323814305,795.4901569210344
7,39,0.1025641025641025,0.1099999999999999,0.1428571428571428,0.1582278481012658,0.1456953642384106,,,,,,,1,0,0,0,0,0,0,167,278.6044944985786,464.79319972939186,775.4100266885276,1293.6090929023135
8,66,0.0923076923076923,0.1099999999999999,0.1208791208791208,0.1329113924050633,0.1589403973509933,0.1729323308270676,,,,,,1,0,0,0,0,0,0,109,174.24853993250795,278.5555382441356,445.3017965977478,711.8641090502762
9,42,0.0974358974358974,0.0999999999999999,0.1373626373626373,0.1645569620253164,0.1655629139072847,0.2030075187969924,0.2598039215686274,,,,,1,0,0,0,0,0,0,129,209.72426513862055,340.96331308476255,554.3277540769863,901.2091540289751
10,26,0.1128205128205128,0.145,0.1483516483516483,0.1645569620253164,0.1986754966887417,0.225563909774436,0.2696078431372549,0.339920718960216,,,,0,0,0,0,0,1,0,1690,3553.655918356774,7472.467684066333,15712.768645095894,33040.10253811578
11,43,0.1076923076923077,0.1149999999999999,0.1043956043956044,0.1518987341772152,0.152317880794702,0.1729323308270676,0.2009803921568627,0.3162063678588072,,,,0,0,0,0,0,1,0,637,1214.9359290953917,2317.2202697125285,4419.582670803556,8429.371708581795
12,44,0.1179487179487179,0.12,0.1208791208791208,,,,,,,,,0,0,0,0,0,0,1,48,70.69120116166508,104.10929003497905,153.32522426376747,225.80717232473725
13,35,0.0615384615384615,0.0799999999999999,0.0769230769230769,0.050632911392405,,,,,,,,0,0,0,1,0,0,0,865,1701.0525025651273,3345.1787473792806,6578.410034401391,12936.671505107532
14,29,0.123076923076923,0.1349999999999999,0.1483516483516483,0.1772151898734177,0.1788079470198675,0.225563909774436,0.2696078431372549,0.3438729131809768,,,,0,0,0,1,0,0,0,107,170.73484139522105,272.43351463786223,434.7092795554957,693.6450457751242
15,46,0.0666666666666666,,,,,,,,,,,0,0,0,0,0,0,1,74,113.80330944684268,175.01612487910566,269.1542461865422,413.9276211851177
16,54,0.080188679245283,0.0913043478260869,0.1062801932367149,,,,,,,,,1,0,0,0,0,0,0,79,122.28967770665166,189.3008262480598,293.03211432250754,453.6050989645331
17,42,0.1037735849056603,0.1043478260869565,0.1304347826086956,0.1212121212121212,,,,,,,,1,0,0,0,0,0,0,157,260.3092600463528,431.59815838139906,715.5987085708954,1186.4775179504156
18,25,0.0896226415094339,0.1130434782608695,0.1304347826086956,0.1212121212121212,0.149171270718232,0.1949152542372881,0.2,0.2431192660550458,,,,1,0,0,0,0,0,0,427,782.4753454857504,1433.8821224661442,2627.5817544790098,4815.030307091369
19,30,0.0990566037735849,0.1260869565217391,0.1062801932367149,0.1363636363636363,0.1381215469613259,0.2033898305084745,0.2111111111111111,0.2477064220183486,0.3333333333333333,,,1,0,0,0,0,0,0,158,262.1336626162108,434.8990954214516,721.529700957608,1197.071032901246
20,32,0.1226415094339622,0.0913043478260869,0.1062801932367149,0.1464646464646464,0.149171270718232,0.2372881355932203,0.2074074074074074,0.2614678899082568,0.3333333333333333,0.5,,1,0,0,0,0,0,0,424,776.4302409499065,1421.801695899833,2603.608097477578,4767.735996376512
21,37,0.1132075471698113,0.1043478260869565,0.0917874396135265,0.1212121212121212,0.149171270718232,0.211864406779661,0.2111111111111111,0.2477064220183486,0.3333333333333333,0.5,,0,0,0,0,0,1,0,438,804.6768766838691,1478.321634405721,2715.916062803169,4989.577293954343
22,31,0.0849056603773584,0.0956521739130434,,,,,,,,,,0,0,1,0,0,0,0,228,392.39939733632775,675.338978201373,1162.2921405436412,2000.362874903836
23,25,0.1037735849056603,0.0999999999999999,0.1062801932367149,0.1414141414141414,0.149171270718232,,,,,,,0,0,0,1,0,0,0,897,1770.4011676284667,3494.225523233259,6896.522794079545,13611.607588868164
24,35,0.070754716981132,0.0913043478260869,0.1207729468599033,0.101010101010101,0.1325966850828729,,,,,,,0,0,0,1,0,0,0,544,1021.312834714325,1917.4262984415604,3599.801632752106,6758.315459476661
25,62,0.0754716981132075,0.0826086956521739,0.1014492753623188,0.1111111111111111,0.1325966850828729,0.1525423728813559,0.1703703703703703,,,,,0,0,0,0,0,0,1,431,790.5420892887222,1450.0157655150283,2659.625273252521,4878.296334668524
26,37,0.0566037735849056,,,,,,,,,,,0,0,0,0,0,0,1,999,1993.0676361947799,3976.294897344386,7932.957629493033,15826.747858505503
27,59,0.0825242718446602,0.0857142857142857,0.091743119266055,0.0842105263157894,0.1022727272727272,0.1117647058823529,0.145631067961165,,,,,1,0,0,0,0,0,0,359,646.5526460728714,1164.4298722669391,2097.1175907534403,3776.8716641437327
28,42,0.1019417475728155,0.0897959183673469,0.110091743119266,0.1263157894736842,0.1363636363636363,0.1411764705882353,0.174757281553398,0.1872509960159362,0.2447257383966244,,,1,0,0,0,0,0,0,145,238.5090169811638,392.32104262980016,645.3248704735096,1061.4882792422998
29,44,0.0776699029126213,0.073469387755102,0.073394495412844,0.0789473684210526,0.0738636363636363,,,,,,,0,0,0,0,0,1,0,236,407.5709327080969,703.8731575785926,1215.5857599258486,2099.3111099985517
30,29,0.1116504854368932,0.110204081632653,0.0963302752293577,0.1105263157894736,0.1590909090909091,0.1647058823529411,0.1909385113268608,0.2111553784860558,0.2531645569620253,0.3281854310465651,,0,0,0,0,0,1,0,277,486.1023783738601,853.0524269340186,1497.006547329314,2627.0701916896
31,24,0.1019417475728155,0.1061224489795918,0.1055045871559633,0.1368421052631578,0.1704545454545454,0.1647058823529411,0.174757281553398,0.2310756972111554,0.2489451476793249,0.3397685007685367,,0,0,0,0,0,1,0,218,373.5099219707152,639.9525771127045,1096.4616382675429,1878.6206465742755
32,28,0.0922330097087378,0.0816326530612245,0.0963302752293577,,,,,,,,,0,0,1,0,0,0,0,295,520.959806515326,919.9970169643578,1624.6829422116236,2869.133936350227
33,41,0.0922330097087378,0.0857142857142857,,,,,,,,,,0,0,1,0,0,0,0,330,589.3392062915007,1052.486969916047,1879.6116226741506,3356.754005585037
34,39,0.087378640776699,0.0979591836734694,0.110091743119266,0.1210526315789473,0.1193181818181818,0.1352941176470588,,,,,,0,0,1,0,0,0,0,1087,2187.018710207438,4400.230762463108,8853.161919721395,17812.35580766022
35,45,0.0631067961165048,0.0857142857142857,0.0963302752293577,0.1105263157894736,0.096590909090909,0.1235294117647058,0.1229773462783171,0.1513944223107569,,,,0,0,0,1,0,0,0,2199,4747.311750753082,10248.735270049228,22125.48493763632,47765.609202160544
36,30,0.116504854368932,0.0979591836734694,0.110091743119266,0.1473684210526316,0.1420454545454545,0.1588235294117647,0.1909385113268608,0.2191235059760956,0.2531645569620253,0.3320460681848982,,0,0,0,1,0,0,0,452,833.0139575722277,1535.2041006861598,2829.3062911364837,5214.273519388496
37,50,0.0728155339805825,0.0857142857142857,0.110091743119266,0.0842105263157894,,,,,,,,0,0,0,0,0,0,1,93,146.32928259906882,230.23934350492604,362.26621463609035,570.0016698664444
38,38,0.0817120622568093,0.088235294117647,0.0962343096234309,0.1153846153846153,0.1306532663316583,0.1388888888888889,0.1634615384615384,0.1939163498098859,,,,1,0,0,0,0,0,0,94,148.06098659843977,233.21335906918443,367.3382982097834,578.6007537056634
39,56,0.0933852140077821,0.088235294117647,0.1129707112970711,0.1111111111111111,0.1306532663316583,0.1222222222222222,0.1602564102564102,,,,,1,0,0,0,0,0,0,416,760.3309403180344,1389.671006742562,2539.92755598385,4642.272853319436
40,23,0.1011673151750972,0.1092436974789916,0.1129707112970711,0.1282051282051282,0.1407035175879397,0.1388888888888889,,,,,,1,0,0,0,0,0,0,801,1563.132409454076,3050.415642304246,5952.813424209036,11616.773521616013
41,35,0.0817120622568093,0.088235294117647,0.108786610878661,0.1153846153846153,0.1256281407035176,0.15,0.1698717948717948,0.1901140684410646,0.2478632478632478,,,1,0,0,0,0,0,0,279,489.96451004573066,860.448821162554,1511.0730648040765,2653.663705519817
42,30,0.0700389105058365,0.088235294117647,0.0878661087866108,0.0982905982905982,,,,,,,,0,0,0,0,0,1,0,1603,3352.948435965044,7013.264637704566,14669.441483468794,30683.64371707882
43,29,0.0622568093385213,,,,,,,,,,,0,0,1,0,0,0,0,461,851.2772317805615,1571.958623314479,2902.760488782499,5360.203716730482
44,22,0.0817120622568093,0.088235294117647,,,,,,,,,,0,0,1,0,0,0,0,49,72.31288491813308,106.7174147996562,157.49069663608591,232.42054329636488
45,32,0.0972762645914396,0.1134453781512605,0.100418410041841,0.1153846153846153,0.1155778894472362,0.1555555555555555,0.1666666666666666,0.2167300380228136,0.2564102564102564,0.352940954028016,,0,0,0,0,0,1,0,30,42.15347479450939,59.23051457504459,83.22573344016544,116.94179522748564
46,32,0.0933852140077821,0.0966386554621848,0.1129707112970711,0.1111111111111111,0.1457286432160804,0.1666666666666666,0.173076923076923,0.2129277566539923,0.2564102564102564,0.3571422268889026,,0,0,0,1,0,0,0,1039,2081.0240644392275,4168.105059456358,8348.341609085253,16720.98150785918
47,65,0.0739299610894941,0.0630252100840336,0.0753138075313807,,,,,,,,,0,0,0,1,0,0,0,333,595.2352698945144,1063.9790586378228,1901.8554418330207,3399.553865525008
48,47,0.0817120622568093,0.1008403361344537,0.108786610878661,0.1111111111111111,0.1055276381909547,0.1277777777777778,0.1666666666666666,0.1863117870722433,0.2393162393162393,0.2899168190830813,,0,0,0,1,0,0,0,558,1050.2619189032223,1976.7922908571277,3720.6983237790387,7003.060503928621
49,49,0.0817120622568093,0.0756302521008403,0.0836820083682008,0.094017094017094,0.1055276381909547,,,,,,,0,0,0,0,0,0,1,1405,2900.3069057518974,5987.032133489062,12358.883019015548,25512.13791276199
50,34,0.0864197530864197,0.0778210116731517,0.1096491228070175,0.1155555555555555,0.1173469387755102,0.15,0.1488673139158576,0.2134831460674157,0.2545454545454546,0.3076923076923077,,1,0,0,0,0,0,0,173,289.6347811475164,484.903505493466,811.8203508165523,1359.1410961841148
51,49,0.074074074074074,0.0622568093385213,0.0921052631578947,,,,,,,,,1,0,0,0,0,0,0,662,1267.487801721556,2426.7754192038374,4646.387071538639,8896.13132213287
52,62,0.0987654320987654,0.0817120622568093,0.1140350877192982,0.0977777777777777,0.1071428571428571,,,,,,,1,0,0,0,0,0,0,634,1208.6433967144847,2304.130694671175,4392.543137667941,8373.84583300611
53,42,0.0905349794238683,0.0933852140077821,0.0921052631578947,0.1066666666666666,0.1122448979591836,0.1166666666666666,,,,,,1,0,0,0,0,0,0,417,762.3416722566456,1393.680636112849,2547.867689990347,4657.903394426656
54,34,0.0864197530864197,0.0933852140077821,0.1052631578947368,0.1244444444444444,0.1173469387755102,0.1333333333333333,0.1650485436893204,,,,,1,0,0,0,0,0,0,780,1518.1128731073898,2954.7008916594496,5750.730076679607,11192.637639965571
55,35,0.074074074074074,0.0817120622568093,0.0833333333333333,0.1066666666666666,0.1224489795918367,0.1444444444444444,0.1682847896440129,0.1872659176029962,0.2363636363636363,,,1,0,0,0,0,0,0,223,382.94407054404513,657.6061038782173,1129.266180420335,1939.2187796317878
56,33,0.0905349794238683,0.1050583657587548,0.1008771929824561,0.1288888888888889,0.1377551020408163,0.1333333333333333,0.1779935275080906,0.194756554307116,0.25,0.3372781065088757,,0,0,0,0,0,1,0,650,1242.2376628991433,2374.0837094232666,4537.194151878288,8671.189937459903
57,36,0.1111111111111111,0.1050583657587548,0.1184210526315789,0.1288888888888889,0.1479591836734693,0.1666666666666666,0.174757281553398,0.2059925093632958,0.2590909090909091,0.3550295857988166,,0,0,0,0,0,1,0,643,1227.5298740220674,2343.4363788750084,4473.776303171336,8540.737265684
58,34,0.0617283950617283,0.0583657587548638,,,,,,,,,,0,0,0,0,0,1,0,1026,2052.4004294359647,4105.6018740242935,8212.806090975206,16428.817493169387
59,53,0.0658436213991769,0.0661478599221789,,,,,,,,,,1,0,0,0,0,0,0,729,1409.2897107552558,2724.4135649391355,5266.787386708875,10181.658810458668
60,43,0.0617283950617283,0.0739299610894941,0.0921052631578947,0.0844444444444444,,,,,,,,0,0,0,0,0,0,1,1307,2678.570899937734,5489.473654164675,11250.148726870968,23056.098699133952
61,21,0.0987654320987654,0.1011673151750972,0.0921052631578947,0.1066666666666666,0.1377551020408163,0.1555555555555555,0.1650485436893204,0.198501872659176,,,,0,0,0,1,0,0,0,1804,3818.2133038700963,8081.34857752249,17104.386170680737,36201.881835601314
62,50,0.0734126984126984,,,,,,,,,,,1,0,0,0,0,0,0,237,409.4710297005938,707.4536884559678,1222.286034926364,2111.775195400648
63,82,0.0634920634920634,0.0678733031674208,0.0804020100502512,0.1083743842364532,0.1076923076923077,0.09375,,,,,,1,0,0,0,0,0,0,555,1044.0523648855617,1964.0456587804188,3694.714441068319,6950.406035629206
64,61,0.0734126984126984,0.0950226244343891,0.1055276381909547,0.1182266009852216,0.1128205128205128,0.14375,0.1632653061224489,,,,,1,0,0,0,0,0,0,438,804.6768766838691,1478.321634405721,2715.916062803169,4989.577293954343
65,18,0.0813492063492063,0.0950226244343891,0.1055276381909547,0.1133004926108374,0.1435897435897436,0.14375,0.1496598639455782,0.188235294117647,0.2288557213930348,,,1,0,0,0,0,0,0,1832,3883.452667793481,8232.098593336397,17450.308539209167,36990.96465633793
66,31,0.0833333333333333,0.0950226244343891,,,,,,,,,,0,0,0,0,0,1,0,661,1265.381863308776,2422.377095296199,4637.264814648116,8877.323436937442
67,34,0.0773809523809523,0.085972850678733,0.1206030150753769,0.0985221674876847,0.1384615384615384,0.13125,0.1700680272108843,0.188235294117647,,,,0,0,0,0,0,1,0,349,626.7696660841233,1125.6166599518706,2021.496785377536,3630.4093557627657
68,35,0.0853174603174603,0.1085972850678732,0.1256281407035176,0.1083743842364532,0.1282051282051282,0.15625,0.1428571428571428,0.2117647058823529,0.2437810945273631,0.3235294117647059,,0,0,0,0,0,1,0,732,1415.6705225406047,2737.8729896043524,5294.9809915888,10240.366813121687
69,43,0.0476190476190476,,,,,,,,,,,1,0,0,0,0,0,0,0,0.0,0.0,0.0,0.0
70,40,0.0892857142857142,0.1040723981900452,0.1105527638190954,0.1083743842364532,0.1128205128205128,,,,,,,0,0,0,1,0,0,0,1944,4145.394688915344,8839.65901588864,18849.73021413961,40195.25283805622
71,29,0.0853174603174603,0.090497737556561,0.1105527638190954,0.1280788177339901,0.1076923076923077,0.1687499999999999,0.1700680272108843,0.196078431372549,0.2835820895522388,0.3235294117647059,,0,0,0,1,0,0,0,2675,5889.1981229465655,12965.478329464408,28544.400239620994,62842.477873574266
72,27,0.0734126984126984,0.0769230769230769,,,,,,,,,,0,0,0,0,0,0,1,2719,5995.841287220471,13221.814174894289,29156.270438318516,64294.36192550039
73,41,0.0694444444444444,0.0723981900452488,0.100502512562814,0.0886699507389162,,,,,,,,0,0,0,0,0,0,1,140,229.47788538288188,376.14357056999296,616.5473655340627,1010.5998977224518
74,37,0.0972222222222222,0.1085972850678732,0.1407035175879397,0.1280788177339901,0.1487179487179487,0.1624999999999999,0.2040816326530612,0.2156862745098039,0.2437810945273631,0.3529411764705882,,0,0,0,0,0,0,1,754,1462.542450706336,2836.9103715094066,5502.787595731551,10673.820233392093
75,33,0.0987654320987654,0.1018867924528302,0.1062992125984251,0.1239669421487603,0.138095238095238,0.1397849462365591,0.1483516483516483,0.1762820512820512,0.2097378277153558,0.273972602739726,0.3314285714285714,1,0,0,0,0,0,0,128,207.9366134671964,337.79402515786086,548.7480128185822,891.4437768152308
76,38,0.074074074074074,0.0792452830188679,0.0629921259842519,,,,,,,,,1,0,0,0,0,0,0,1215,2471.9171220879866,5029.114616026127,10231.732122055912,20816.455819858118
77,52,0.0781893004115226,0.0641509433962264,0.0944881889763779,0.0909090909090909,0.1047619047619047,,,,,,,1,0,0,0,0,0,0,419,766.3645818399291,1401.7056618107126,2563.7650915900426,4689.209456687848
78,50,0.0658436213991769,0.0754716981132075,0.0787401574803149,0.0785123966942148,0.0952380952380952,0.1182795698924731,0.1153846153846153,,,,,0,0,0,0,0,1,0,1911,4068.0544362893384,8659.898951655332,18434.81964840338,39243.24953055003
79,39,0.0576131687242798,0.0754716981132075,0.0905511811023622,0.1033057851239669,0.1,0.0967741935483871,0.1318681318681318,0.1666666666666666,0.1722846441947565,0.2191780821917808,,0,0,0,0,0,1,0,243,420.88834623923736,728.9999999999998,1262.665038717712,2186.999999999999
80,17,0.0946502057613168,0.090566037735849,0.1062992125984251,0.1033057851239669,0.1238095238095238,0.1397849462365591,0.1538461538461538,0.1666666666666666,0.2097378277153558,0.2557077625570776,0.3428571428571428,0,0,0,0,0,1,0,1293,2647.027037712969,5418.98850609705,11093.74253108639,22711.087725608613
81,58,0.0534979423868312,0.0641509433962264,0.0393700787401574,0.0495867768595041,,,,,,,,0,0,0,0,1,0,0,2458,5365.869007627938,11713.812126534573,25571.51401584547,55823.187361980636
82,50,0.0699588477366255,0.0679245283018867,,,,,,,,,,0,0,0,1,0,0,0,1185,2404.862140660372,4880.474190364201,9904.529627744261,20100.445842034685
83,29,0.0823045267489712,0.0754716981132075,0.0905511811023622,0.0909090909090909,0.1095238095238095,0.1236559139784946,0.1483516483516483,0.1634615384615384,,,,0,0,0,1,0,0,0,425,778.4448020585153,1425.8266114162827,2611.593680691087,4783.485943112563
84,34,0.0864197530864197,0.0867924528301886,0.0984251968503937,0.1115702479338842,0.1238095238095238,0.1505376344086021,0.1428571428571428,0.1794871794871795,0.194756554307116,,,0,0,0,1,0,0,0,4336,10018.396154754564,23147.661788192076,53483.03640460854,123573.39627779693
85,34,0.0699588477366255,0.0528301886792452,0.0590551181102362,0.0619834710743801,0.0857142857142857,0.086021505376344,,,,,,0,0,0,0,0,0,1,1684,3539.7802016914784,7440.643631999372,15640.286826836787,32875.996234211874
86,30,0.074074074074074,0.0679245283018867,0.0669291338582677,0.0661157024793388,,,,,,,,0,0,0,0,0,0,1,1205,2449.546858008038,4979.485319151072,10122.392214127518,20576.990907585936
87,26,0.0946502057613168,0.0981132075471698,0.1062992125984251,0.1198347107438016,0.119047619047619,0.1451612903225806,0.1593406593406593,0.1474358974358974,0.2134831460674157,0.2511415525114155,0.3257142857142857,0,0,0,0,0,0,1,381,690.2675752512897,1250.5756573314811,2265.700332426481,4104.828017611721
88,34,0.0467979676767199,,,,,,,,,,,1,0,0,0,0,0,0,69,105.37412947279289,160.92329220505667,245.75582359425687,375.30878223353693
89,45,0.0541874056646528,0.0714285714285714,0.065891472868217,,,,,,,,,1,0,0,0,0,0,0,264,461.0672972956314,805.2388357405224,1406.3230820922863,2456.0969037301215
90,33,0.0591135334523485,0.064625850340136,0.0736434108527131,0.1157024793388429,0.0950413223140495,0.0923076272187096,,,,,,1,0,0,0,0,0,0,1220,2483.1091699576696,5053.95995895726,10286.503539906278,20936.484644871533
91,45,0.0714283603088091,0.0714285714285714,0.0697674418604651,0.0909090909090909,0.1074380165289256,0.1230773491139007,0.1225071225071225,,,,,1,0,0,0,0,0,0,302,534.5737600208647,946.25531424783,1674.9776863483025,2964.8977474909257
92,39,0.0541874056646528,0.064625850340136,0.065891472868217,0.0702479338842975,,,,,,,,0,0,0,0,0,1,0,3603,8172.043850133059,18535.193085899926,42040.080674065306,95352.03517390853
93,27,0.0665022325211133,0.0714285714285714,0.1007751937984496,0.0991735537190082,0.0909090909090909,,,,,,,0,0,0,0,0,1,0,213,364.0973883561053,622.3798507405464,1063.8820573713408,1818.575955905281
94,21,0.0665022325211133,0.064625850340136,0.0775193798449612,0.0661157024793388,0.0909090909090909,0.0923080118354255,,,,,,0,0,0,0,0,1,0,146,240.31901836771806,395.57007252892845,651.1165172999939,1071.7512484968609
95,43,0.0467982139831092,0.0680272108843537,0.0542635658914728,0.0661157024793388,0.0867768595041322,0.0846149082823748,0.1339031339031339,,,,,0,0,0,0,0,1,0,1154,2335.7501730832505,4727.667999184078,9569.021964795804,19368.1496624863
96,30,0.0837439260844377,0.0680272108843537,0.0891472868217054,0.1074380165289256,0.0991735537190082,0.1384616331364224,0.1566951566951566,0.198473282442748,0.2531258701201785,,,0,0,1,0,0,0,0,615,1168.8603515534026,2221.5195470464096,4222.1888109649135,8024.632679527293
97,46,0.0492610315705677,0.0612244897959183,,,,,,,,,,0,0,1,0,0,0,0,466,861.4389576254592,1592.4400809331262,2943.755200429258,5441.771269017813
98,62,0.0492610315705677,0.0612244897959183,0.0581395348837209,,,,,,,,,0,0,0,0,1,0,0,3207,7189.668325381962,16118.282079513741,36135.04899490229,81009.98353438535
99,42,0.0467979676767199,,,,,,,,,,,0,0,0,1,0,0,0,822,1608.2701422844686,3146.633638155354,6156.492614298305,12045.381086095866
100,21,0.078817798296742,0.0918367346938775,0.0813953488372093,0.0743801652892562,0.0991735537190082,0.1269227470402782,0.150997150997151,0.1908396946564885,,,,0,0,0,1,0,0,0,2433,5305.866515263482,11570.990332015703,25233.921147176163,55029.92900271305
101,29,0.0763547344028942,0.0918367346938775,0.1046511627906976,0.1157024793388429,0.1115702479338842,0.1269235162737101,0.1396011396011396,0.2251908396946564,0.2718749970703024,0.3432030932030932,,0,0,0,1,0,0,0,4259,9822.870172631012,22655.266125466973,52251.64073183078,120512.11157918087
102,51,0.0738916705090463,0.0850340136054421,0.0813953488372093,0.0991735537190082,0.1198347107438016,0.1192307973373754,0.1481481481481481,0.1908396946564885,0.2312501699224591,0.3512776905634048,,0,0,0,1,0,0,0,982,1955.791870365994,3895.2360898062193,7757.913520976809,15450.981868970312
103,24,0.0763544880965048,0.064625850340136,0.0775193798449612,0.0950413223140495,0.0991735537190082,0.096153409761803,0.1481481481481481,0.1946564885496183,0.2437489628870599,0.305519216233502,,0,0,0,0,0,0,1,1342,2757.577757514598,5666.345073576175,11643.358525555948,23925.086805395676
104,32,0.0717703349282296,0.0863636363636363,0.0985221674876847,0.0889487870619946,,,,,,,,1,0,0,0,0,0,0,167,278.6044944985786,464.79319972939186,775.4100266885276,1293.6090929023135
105,38,0.0861244019138755,0.0909090909090909,,,,,,,,,,1,0,0,0,0,0,0,1768,3734.482999549883,7888.214521451961,16661.992662423567,35194.529602061986
106,40,0.0861244019138755,0.0954545454545454,0.1034482758620689,0.0970350404312668,0.1040462427745664,0.1244013735931173,0.157556270096463,0.1699604743083003,,,,1,0,0,0,0,0,0,325,579.5243614072398,1033.3799552752882,1842.6734112983186,3285.7665598915596
107,80,0.0669856459330143,0.0545454545454545,0.064039408866995,,,,,,,,,0,0,0,0,1,0,0,1964,4192.331649804989,8948.902577370975,19102.223781127177,40775.38561062977
108,32,0.0861244019138755,0.0727272727272727,0.0985221674876847,0.1185983827493261,0.1040462427745664,0.148325377166335,0.1672025723472668,0.1778656126482213,0.2300884955752212,,,0,0,0,0,0,1,0,3251,7298.248832018003,16384.015999400814,36780.8753095636,82570.2799965001
109,24,0.1100478468899521,0.1090909090909091,0.1280788177339901,0.1401617250673854,0.1560693641618497,0.1291870355546645,0.1736334405144694,0.2094861660079051,0.2610619469026548,0.325268368450467,,0,0,0,0,0,1,0,1279,2615.5173118584075,5348.655831611431,10937.843567437158,22367.567791267367
110,42,0.1004784688995215,0.1,0.1034482758620689,0.1266846361185983,0.1213872832369942,0.1435401936752898,0.1639871382636656,,,,,0,0,1,0,0,0,0,5171,12159.955666127564,28594.956836624944,67242.97184455437,158126.38880070462
111,31,0.1196172248803827,0.1272727272727273,0.1133004926108374,0.1347708894878706,0.1676300578034682,0.1722489022690506,0.1736334405144694,0.2332015810276679,0.2610619469026548,0.3481193038992962,,0,0,0,1,0,0,0,7063,17135.158534457736,41570.67223573541,100852.33741233282,244672.34746296794
112,32,0.1004784688995215,0.1045454545454545,0.1133004926108374,0.105121293800539,0.1271676300578034,0.1626799706984664,0.1639871382636656,0.2094861660079051,0.247787610619469,0.3266123276502367,,0,0,0,0,0,0,1,1318,2703.379096091606,5544.960953858162,11373.392664115574,23328.21849758089
113,35,0.0765550239234449,0.0681818181818181,0.0738916256157635,0.0862533692722371,0.0867052023121387,,,,,,,0,0,0,0,0,0,1,1530,3185.3750488832493,6631.773988266632,13806.985223566984,28745.37662186269
114,32,0.0956937799043062,0.0909090909090909,0.1034482758620689,0.1024258760107816,0.1329479768786127,0.1196171470430762,,,,,,0,0,0,0,0,0,1,70,107.05521894516544,163.7259986199614,250.39603756108315,382.9457517729086
115,58,0.066079295154185,,,,,,,,,,,1,0,0,0,0,0,0,4679,10893.522875137061,25362.009111163545,59047.15247101831,137472.00388004756
116,76,0.079295154185022,0.085972850678733,0.090497737556561,0.0977653631284916,0.1153846153846153,,,,,,,1,0,0,0,0,0,0,436,800.6360447244283,1470.2249452109538,2699.8052408002,4957.7096089920915
117,19,0.1013215859030837,0.0995475113122171,0.1040723981900452,0.111731843575419,0.1098901098901099,0.1449275432332379,0.1606714628297362,0.2113207547169811,0.2543859649122806,0.3293164561842317,,1,0,0,0,0,0,0,2205,4761.562104815888,10282.30098776357,22203.997611630835,47948.16943445066
118,50,0.105726872246696,0.1085972850678732,0.1085972850678732,0.1564245810055866,0.1373626373626373,0.1400970921157704,0.1750599520383693,0.2150943396226415,0.2631578947368421,0.361446654088323,,1,0,0,0,0,0,0,538,1008.9287629016216,1892.076670279173,3548.2724428620545,6654.189825677922
119,41,0.0969162995594713,0.0950226244343891,0.1085972850678732,0.1089385474860335,0.1318681318681318,0.1449280263266591,0.1654676258992805,,,,,0,0,0,0,0,1,0,640,1221.231425700701,2330.322179873382,4446.660434482399,8485.00228439036
120,39,0.0837004405286343,0.0950226244343891,0.1040723981900452,0.0949720670391061,0.1318681318681318,0.1062800695461289,0.1678657074340527,0.1811320754716981,,,,0,0,0,0,0,1,0,2339,5080.813386674908,11036.62448491445,23973.933059708164,52076.56264258792
121,41,0.066079295154185,0.0814479638009049,0.0814479638009049,,,,,,,,,1,0,0,0,0,0,0,1217,2476.393389608699,5039.050304106534,10253.632590793037,20864.443687194867
122,57,0.0704845814977973,0.0542986425339366,,,,,,,,,,0,0,0,1,0,0,0,1482,3075.622462061095,6382.897118174587,13246.546389799456,27490.806761944295
123,31,0.1013215859030837,0.0950226244343891,0.1085972850678732,0.1340782122905028,0.1483516483516483,0.1739131484985698,0.1750599520383693,0.2150943396226415,0.25,,,0,0,0,1,0,0,0,884,1742.1979224566885,3433.5447975253355,6766.871734061777,13336.232892096492
124,28,0.066079295154185,0.0814479638009049,0.090497737556561,0.0782122905027933,,,,,,,,0,0,0,0,0,0,1,206,350.95702696395415,597.916673666881,1018.6556221471133,1735.4580031498422
125,25,0.0837004405286343,0.1040723981900452,0.1176470588235294,0.1284916201117318,0.1263736263736264,0.1545889285615942,,,,,,0,0,0,0,0,0,1,1550,3231.207647146039,6735.937328370984,14042.07239105083,29272.807543059116
126,19,0.079295154185022,0.0995475113122171,0.085972850678733,0.0893854748603352,0.0989010989010989,0.1352651917180396,0.1558752997601918,0.1773584905660377,0.2324561403508772,0.3092368897274452,,0,0,0,0,0,0,1,1109,2235.757522996421,4507.314428886459,9086.800850219312,18319.101317266064
127,49,0.1159420289855072,0.0972222222222222,0.0981308411214953,0.1213592233009708,0.1134020618556701,0.1333333333333333,0.1750663129973474,0.1769230769230769,0.2042553191489362,,,1,0,0,0,0,0,0,1221,2485.3481306157705,5058.931474492462,10297.465915678235,20960.514057011038
128,22,0.1014492753623188,0.0833333333333333,0.1074766355140187,0.1262135922330096,0.134020618556701,0.1555555555555555,0.169761273209549,0.2115384615384615,0.3106382978723404,0.3396948007112996,,1,0,0,0,0,0,0,1869,3969.814662970246,8432.010946138867,17909.855908136808,38041.09609192384
129,60,0.1111111111111111,0.0925925925925926,0.0981308411214953,0.1067961165048543,0.1185567010309278,0.1444444444444444,0.1591511936339522,0.2038461538461538,0.2297872340425532,0.3206103985774007,,1,0,0,0,0,0,0,1546,3222.0363711890304,6715.083038334385,13994.981749720524,29167.102336174743
130,35,0.1014492753623188,0.1064814814814814,0.116822429906542,0.1213592233009708,0.1391752577319588,0.15,0.1750663129973474,0.2076923076923076,0.2553191489361702,0.3396948007112996,,0,0,0,0,0,1,0,1890,4018.907260273229,8545.828342157061,18171.900301240075,38640.83706540471
131,54,0.0821256038647343,0.0787037037037037,0.0934579439252336,0.1019417475728155,,,,,,,,0,0,0,0,0,1,0,1295,2651.531221516288,5429.048508629843,11116.055307921599,22760.283945216932
132,40,0.0917874396135265,0.1064814814814814,0.0981308411214953,0.1116504854368932,0.134020618556701,0.1222222222222222,,,,,,0,0,0,0,0,1,0,8158,20078.99960035769,49419.738287713095,121635.07052326217,299376.13783109287
133,31,0.0869565217391304,0.0833333333333333,0.116822429906542,0.1116504854368932,0.1134020618556701,,,,,,,0,0,1,0,0,0,0,124,200.80006713708298,325.1666690504595,526.5603949683381,852.6884085594443
134,32,0.0628019323671497,0.0787037037037037,,,,,,,,,,0,0,0,0,0,0,1,994,1982.0975414409222,3952.425215076602,7881.380585042697,15715.960845848414
135,21,0.0917874396135265,0.1064814814814814,0.0934579439252336,0.1116504854368932,0.134020618556701,0.1555555555555555,0.1591511936339522,0.1999999999999999,,,,0,0,0,1,0,0,0,913,1805.1689520935658,3569.1510904737984,7056.868273662864,13952.726732344256
136,46,0.0676328502415459,0.0787037037037037,0.0700934579439252,,,,,,,,,0,0,0,0,0,0,1,1813,3839.1721324475084,8129.753261203268,17215.401083334713,36454.98515611979
137,25,0.0869565217391304,0.0879629629629629,0.1074766355140187,0.087378640776699,0.1134020618556701,0.1388888888888889,0.1618037135278514,,,,,0,0,0,0,0,0,1,2224,4806.71376615845,10388.712783173161,22453.043501593842,48527.58691154023
138,33,0.0691244239631336,0.0941704035874439,,,,,,,,,,1,0,0,0,0,0,0,340,609.0133443479486,1090.874275276096,1953.9911489677643,3500.0196601739626
139,40,0.0829493087557603,0.0807174887892376,0.1012658227848101,0.1100478468899521,0.1329787234042553,0.1385542168674698,0.1604095563139931,,,,,1,0,0,0,0,0,0,1205,2449.546858008038,4979.485319151072,10122.392214127518,20576.990907585936
140,42,0.0921658986175115,0.1031390134529148,0.1139240506329113,0.138755980861244,0.1276595744680851,0.1746987951807228,0.1808873720136519,0.2007722007722007,0.2827007708893286,0.3313613318879616,,1,0,0,0,0,0,0,914,1807.3439735138363,3573.842711812667,7066.918038819442,13974.126617917416
141,28,0.1013824884792626,0.0986547085201793,0.1097046413502109,0.124401913875598,0.1489361702127659,0.1746987951807228,0.1638225255972696,0.2316602316602316,0.2362879168266533,0.3333329388541484,,1,0,0,0,0,0,0,495,920.5888676588002,1712.0886126410317,3184.100438874209,5921.7119546163485
142,31,0.064516129032258,,,,,,,,,,,0,0,0,0,0,1,0,2658,5848.041882186175,12866.664355080346,28308.800614199332,62284.067579494025
143,30,0.0967741935483871,0.085201793721973,0.1012658227848101,0.1148325358851674,0.1276595744680851,0.1204819277108433,0.1706484641638225,0.2007722007722007,0.2067502394524871,,,0,0,0,0,0,1,0,701,1349.8633927246763,2599.331211152883,5005.338156208235,9638.406198678336
144,43,0.1013824884792626,0.0941704035874439,0.1097046413502109,0.1004784688995215,,,,,,,,0,0,0,1,0,0,0,245,424.70042227091517,736.2059129677284,1276.1916821050565,2212.2414134230467
145,24,0.0875576036866359,0.0986547085201793,0.1012658227848101,,,,,,,,,0,0,0,0,0,0,1,2036,4361.697587247652,9344.010728193496,20017.558471698307,42883.36762701138
146,41,0.0783410138248848,0.0807174887892376,0.0970464135021097,0.0956937799043062,0.101063829787234,,,,,,,0,0,0,0,0,0,1,453,835.0414280333827,1539.2807649713686,2837.446375554104,5230.431067132101
147,42,0.0783410138248848,0.0762331838565022,0.0759493670886076,0.1004784688995215,0.1117021276595744,0.1144578313253012,,,,,,0,0,0,0,0,0,1,945,1874.8865318808628,3719.787838548406,7380.084783014425,14642.139220965739
148,51,0.0737327188940092,0.0941704035874439,0.0886075949367088,0.1004784688995215,0.1170212765957446,0.144578313253012,0.1501706484641638,0.1698841698841698,,,,0,0,0,0,0,0,1,2857,6331.42205061766,14031.118369985112,31094.481008943036,68908.74438660611
149,24,0.0737327188940092,0.0941704035874439,0.1012658227848101,0.1148325358851674,0.1329787234042553,0.1325301204819277,0.1740614334470989,0.1969111969111969,0.2742610728315309,0.33530572925789,,0,0,0,0,0,0,1,1567,3270.211911696212,6824.68790516897,14242.61370841904,29723.270582616224
150,31,0.0888888888888888,0.0929368029739777,0.1,0.0944206008583691,0.1294642857142857,0.1395352623049752,0.1444141689373297,0.1743119266055046,0.2521739130434782,0.3320893016258233,,1,0,0,0,0,0,0,1942,4140.703640025569,8828.746979670945,18824.523561065,40137.37035584388
151,52,0.0851851851851851,0.0780669144981412,0.0857142857142857,,,,,,,,,1,0,0,0,0,0,0,403,734.235790977467,1337.7225725863668,2437.2302510951936,4440.450821853815
152,44,0.0851851851851851,0.0855018587360594,0.0857142857142857,0.0901287553648068,,,,,,,,1,0,0,0,0,0,0,1175,2382.5479690415596,4831.09346790132,9796.010153360197,19863.373698381954
153,35,0.0962962962962963,0.0817843866171003,0.0892857142857143,0.0944206008583691,0.1071428571428571,0.1434104666175451,0.1389645776566757,,,,,1,0,0,0,0,0,0,1994,4262.826622237475,9113.184960509796,19482.410964410898,41650.020122598755
154,20,0.0851851851851851,0.0966542750929368,0.0892857142857143,0.111587982832618,0.1160714285714285,0.1085266510413012,0.1416893732970027,0.1712538226299694,,,,1,0,0,0,0,0,0,943,1870.5221788531303,3710.3427588350546,7359.786237060531,14598.773476182103
155,47,0.074074074074074,0.0743494423791821,0.0857142857142857,0.0944206008583691,0.09375,0.116279385254146,0.1280653950953678,0.1559633027522936,,,,1,0,0,0,0,0,0,678,1301.225792818007,2497.3282653316346,4792.902584045684,9198.596555788068
156,55,0.074074074074074,0.0631970260223048,,,,,,,,,,0,0,0,0,0,1,0,1848,3920.777196013082,8318.449037216547,17648.693339456506,37444.04458050266
157,37,0.0777777777777777,0.0892193308550185,0.0928571428571428,0.1158798283261802,0.1205357142857143,0.1317829156900813,0.1444141689373297,0.1681957186544342,0.2478260869565217,0.3320893016258233,,0,0,0,0,0,1,0,738,1428.439983389972,2764.8249134785096,5351.47215919434,10358.07154768489
158,35,0.074074074074074,0.0780669144981412,0.0857142857142857,0.0987124463519313,0.0848214285714285,,,,,,,0,0,0,1,0,0,0,1362,2802.8174863986937,5767.831029414302,11869.44028475432,24425.752411067875
159,67,0.0851851851851851,0.070631970260223,0.0857142857142857,0.0858369098712446,0.0982142857142857,0.0930235082033168,,,,,,0,0,0,1,0,0,0,1160,2349.112350309981,4757.180029636961,9633.750310576024,19509.277443428204
160,31,0.0962962962962963,0.0966542750929368,0.1035714285714285,0.1030042918454935,0.1294642857142857,0.151162813232439,0.1471389645776566,0.1681957186544342,0.2434782608695652,0.3358213967483534,,0,0,0,1,0,0,0,1195,2427.1951509638707,4929.938327081604,10013.324185810383,20338.31958897755
161,33,0.0777777777777777,0.0929368029739777,0.0964285714285714,0.111587982832618,0.1205357142857143,0.1162789976561951,0.1553133514986376,0.1620795107033639,0.2565217391304348,,,0,0,0,0,0,0,1,911,1800.8196241330186,3559.7709315725374,7036.778650926566,13909.955088110659
162,36,0.0867992766726944,0.092391304347826,0.0917266187050359,0.1228615863141524,0.1271091113610798,0.1216814159292035,0.1384293260352406,0.1469193195013584,,,,1,0,0,0,0,0,0,244,422.7939936724824,732.6014798587166,1269.4242026222848,2199.6103618491047
163,28,0.081374321880651,0.0942028985507246,0.0917266187050359,0.1104199066874028,0.1316085489313835,0.1327433628318584,,,,,,1,0,0,0,0,0,0,2048,4389.984102548659,9410.136924135708,20171.070068243116,43237.63522020617
164,61,0.0687160940325497,0.0760869565217391,0.0863309352517985,0.093312597200622,0.1181102362204724,0.1216814159292035,0.1157024007920684,0.127962327890669,,,,1,0,0,0,0,0,0,1668,3502.8024994675907,7355.890497767614,15447.381067979795,32439.523390376427
165,36,0.077757685352622,0.0797101449275362,0.0971223021582733,0.1166407465007776,0.1158605174353206,0.1194690265486725,0.1487607608782339,0.1421801970519487,0.1922770048446911,0.3331212530739241,,1,0,0,0,0,0,0,941,1866.1587513595127,3700.901684671297,7339.500602306594,14555.444505422789
166,30,0.0795660036166365,0.0887681159420289,0.0917266187050359,0.1073094867807153,0.1271091113610798,0.1327433628318584,0.1363640308050477,0.1469193195013584,0.2029153253517561,,,0,0,0,0,0,1,0,974,1938.272582503443,3857.1874785262426,7675.852910886041,15275.046452258352
167,43,0.0886075949367088,0.0815217391304347,0.0899280575539568,0.1119751166407465,0.1259842519685039,0.1172566371681416,0.142561982617305,0.1458037890899821,0.1914897691271683,,,0,0,0,0,0,1,0,2154,4640.558681593448,9997.578865975991,21538.696100937817,46402.777707246874
168,20,0.0795660036166365,0.0905797101449275,0.0953237410071942,0.1228615863141524,0.1271091113610798,0.1238938053097345,0.1570244211450198,0.1396711317991905,0.2092203033056099,0.3312148193751337,,0,0,0,0,0,1,0,1929,4110.223617644847,8757.87360655545,18660.87036703611,39761.71597117706
169,45,0.0614828209764918,,,,,,,,,,,0,0,1,0,0,0,0,5720,13587.377188329741,32275.667632507528,76668.12414825968,182118.65753917728
170,37,0.077757685352622,0.0833333333333333,0.0917266187050359,,,,,,,,,0,0,0,0,0,1,0,130,211.5133031369914,344.1375184916982,559.9204866888196,911.0048587201841
171,35,0.0741410488245931,0.0815217391304347,,,,,,,,,,0,0,0,1,0,0,0,980,1951.4107057165859,3885.7181044747936,7737.379498437624,15406.944068819574
172,36,0.077757685352622,0.0815217391304347,0.0863309352517985,,,,,,,,,0,0,0,1,0,0,0,346,620.8457445228303,1114.0157181852803,1998.9361790950168,3586.7948565429647
173,21,0.0705244122965642,0.0652173913043478,0.0809352517985611,0.0995334370139968,,,,,,,,0,0,0,0,0,0,1,1514,3148.7520458389913,6548.6390001157315,13619.577575347039,28325.41133014318
174,29,0.0759493670886076,0.0851449275362318,0.0971223021582733,0.1150855365474339,0.1271091113610798,0.1305309734513274,0.1611570777270843,0.1505439151654929,0.2040975973707745,0.3356639275509421,,0,0,0,0,0,0,1,554,1041.9832584337587,1959.7998390906712,3686.062494970494,6932.8798001801815
175,41,0.0873362445414847,0.0819672131147541,0.0893618542329433,0.1026785714285714,0.1004784688995215,0.1220159151193634,0.1358695652173913,0.1543408360128617,0.1808510638297872,,,1,0,0,0,0,0,0,241,417.07940646151883,721.8059389804673,1249.1717535700107,2161.841549989519
176,16,0.1048034934497816,0.1065573770491803,0.1106376351278895,0.1160714285714285,0.138755980861244,0.1352785145888594,0.1630434782608695,0.1864951768488746,0.1950354609929077,0.256410475564509,,1,0,0,0,0,0,0,1757,3708.9325691986123,7829.357315231756,16527.352499918306,34888.35285689984
177,56,0.0917030567685589,0.0614754098360655,,,,,,,,,,0,0,0,0,0,1,0,391,710.2225104830233,1290.066532984162,2343.3102090694156,4256.4492570991715
178,26,0.0786026200873362,0.0737704918032786,0.0978725070170332,0.0803571428571428,0.1004784688995215,0.1061007957559681,,,,,,0,0,0,0,0,1,0,993,1979.904183705446,3947.6541557445344,7871.074500282773,15693.830144377736
179,18,0.0917030567685589,0.0983606557377049,0.0978725070170332,0.1205357142857142,0.1196172248803827,0.1379310344827586,0.1739130434782608,0.180064308681672,0.2092198581560284,0.2478634597123587,,0,0,0,0,0,1,0,837,1640.5822323486234,3215.663155433678,6302.938874578975,12354.22882821228
180,28,0.0873362445414847,0.0942622950819672,0.1106376351278895,0.1071428571428571,0.124401913875598,0.1193633952254641,0.1467391304347826,0.1672025723472668,0.2092198581560284,0.2393155891586232,,0,0,0,0,0,1,0,457,843.1557771718175,1555.6053929501327,2870.0605559420997,5295.203804322837
181,50,0.0524017467248908,0.0655737704918032,0.0680852222727187,0.09375,0.0861244019138755,,,,,,,1,0,0,0,0,0,0,587,1110.4574225543167,2100.708155546805,3974.0152707791103,7517.844556696525
182,47,0.074235807860262,0.0819672131147541,0.0765958750568086,0.09375,0.0861244019138755,0.1140583554376657,0.0923913043478261,,,,,1,0,0,0,0,0,0,2355,5119.057438768106,11127.281979366047,24187.344199466694,52575.96783368339
183,48,0.0786026200873362,0.0737704918032786,0.0638298958806738,,,,,,,,,0,0,0,1,0,0,0,743,1439.0891377334892,2787.318366544434,5398.653546028462,10456.451785297351
184,26,0.0917030567685589,0.1065573770491803,0.106383159801123,0.1160714285714285,0.1291866028708133,0.143236074270557,0.1576086956521739,0.1768488745980707,0.2056737588652482,0.256410475564509,,0,0,0,1,0,0,0,3532,7995.079091953527,18097.760386917416,40966.315311616134,92731.8604253333
185,52,0.0786026200873362,0.0737704918032786,0.0893618542329433,0.0803571428571428,,,,,,,,0,0,0,0,0,0,1,102,161.97955031042886,257.2291639094973,408.488865654784,648.6945369174415
186,29,0.0829694323144104,0.0819672131147541,0.0893618542329433,0.0892857142857142,0.1148325358851674,0.1220159151193634,0.1304347826086956,0.135048231511254,,,,0,0,0,0,0,0,1,0,0.0,0.0,0.0,0.0
187,74,0.08203125,0.0714285714285714,0.0627450980392156,0.0759493670886076,,,,,,,,1,0,0,0,0,0,0,581,1097.9782713084555,2074.967787031846,3921.2900926436446,7410.48419487063
188,28,0.0859375,0.0864661654135338,0.1058823529411764,0.0886075949367088,0.1148936170212766,0.1341995989596501,0.128668171557562,0.140625,,,,1,0,0,0,0,0,0,199,337.8612496458904,573.6192161421233,973.8879657621801,1653.46233732414
189,39,0.09375,0.093984962406015,0.0980392156862745,0.1139240506329113,0.1106382978723404,0.1385277524770649,0.1218961625282167,0.1302083333333333,0.1777777777777777,,,1,0,0,0,0,0,0,1019,2037.002689489933,4072.011734042407,8140.03812941997,16272.109482020662
190,43,0.08203125,0.0902255639097744,0.0941176470588235,0.1012658227848101,0.0936170212765957,0.1212121080938808,0.1196388261851015,0.1458333333333333,0.1714285714285714,0.1857142857142857,,1,0,0,0,0,0,0,1459,3023.1578307045434,6264.210602707461,12979.915926495878,26895.3629027228
191,24,0.09375,0.0977443609022556,0.1019607843137254,0.1139240506329113,0.1191489361702127,0.1168830887726018,0.1331828442437923,0.15625,0.1841269841269841,0.2142857142857142,0.2590965542177513,1,0,0,0,0,0,0,5967,14234.153392318678,33955.274475625425,80999.59533506545,193222.8363859661
192,27,0.10546875,0.0902255639097744,0.0941176470588235,0.1139240506329113,0.1106382978723404,0.1385281853789969,0.1331828442437923,0.1458333333333333,0.1619047619047619,0.2257142857142857,0.2736538357406239,1,0,0,0,0,0,0,519,969.8042737349439,1812.1778985637006,3386.23867205219,6327.531283319365
193,41,0.06640625,0.0676691729323308,,,,,,,,,,0,0,0,0,0,1,0,720,1390.1630664142963,2684.1018766977722,5182.415688164642,10006.115117350699
194,56,0.0703125,0.0789473684210526,0.0941176470588235,0.0886075949367088,0.1021276595744681,0.1038960308087647,0.1128668171557562,0.125,0.1333333333333333,0.1714285714285714,0.2227077172456798,1,0,0,0,0,0,0,676,1297.0041495387077,2488.490775030509,4774.530859916221,9160.630676644889
195,31,0.0859375,0.093984962406015,0.1019607843137254,0.1012658227848101,0.1191489361702127,,,,,,,0,0,0,1,0,0,0,4663,10852.55403815497,25257.9732256216,58784.79934062402,136814.3280004756
196,25,0.08984375,0.075187969924812,0.0980392156862745,0.1012658227848101,0.1148936170212766,0.129870579638371,0.1218961625282167,,,,,0,0,0,0,0,0,1,1514,3148.7520458389913,6548.6390001157315,13619.577575347039,28325.41133014318
197,27,0.08984375,0.0902255639097744,0.0862745098039215,0.1012658227848101,0.1148936170212766,0.1168826558706696,0.128668171557562,0.15625,0.1714285714285714,0.2028571428571428,0.2445418927959448,0,0,0,0,0,0,1,787,1533.1060786657588,2986.5492356313803,5817.9120551220385,11333.515040470624
198,57,0.0546875,0.0639097744360902,0.0627450980392156,,,,,,,,,0,0,0,0,0,0,1,3841,8767.761706470174,20013.966503890817,45685.41762754247,104285.04431628835
199,76,0.0572519083969465,0.0614754098360655,,,,,,,,,,1,0,0,0,0,0,0,1103,2222.455447746592,4478.067286689482,9022.942009681632,18180.495579436538
200,39,0.0916030534351145,0.0983606557377049,0.1157556270096463,0.1077441077441077,0.1211180124223602,0.1276595744680851,0.1422924901185771,0.168141592920354,,,,1,0,0,0,0,0,0,998,1990.8731770972838,3971.519045376179,7922.636011794032,15804.572673131977
201,23,0.0801526717557252,0.1024590163934426,0.1157556270096463,0.1178451178451178,0.124223602484472,0.1241134751773049,0.1383399209486166,0.1592920353982301,0.1989528795811518,0.2529075649013137,,1,0,0,0,0,0,0,2337,5076.034715687088,11025.300999084486,23947.287386500804,52014.23282858937
202,37,0.0954198473282442,0.0860655737704918,0.1028938906752411,0.0942760942760942,0.108695652173913,0.1134751773049645,0.1462450592885375,0.1592920353982301,0.1884816753926701,0.2267429691696957,,1,0,0,0,0,0,0,1335,2741.759723023486,5630.896163890496,11564.467645454994,23750.55551199753
203,33,0.0763358778625954,0.0860655737704918,,,,,,,,,,0,0,0,0,0,1,0,3080,6877.107104913785,15355.390302745318,34285.929788874695,76554.54913949511
204,64,0.0687022900763358,,,,,,,,,,,0,0,0,0,0,1,0,663,1269.5940582760643,2431.175072111439,4655.513463320612,8914.95057504685
205,26,0.1030534351145038,0.1024590163934426,0.1157556270096463,0.1111111111111111,0.1149068322981366,0.1276595744680851,0.1403162055335968,0.1769911504424778,0.1989528795811518,,,0,0,0,0,0,1,0,853,1675.1123258854468,3289.5677659242056,6460.018184683575,12686.114990161277
206,34,0.0916030534351145,0.0983606557377049,0.1157556270096463,0.1144781144781144,0.1149068322981366,0.1347517730496454,0.1482213438735178,0.1769911504424778,0.2041884816753926,0.2587209505138384,,0,0,0,0,0,1,0,254,441.892965707823,768.7771383545472,1337.469329275056,2326.843655340971
207,27,0.0916030534351145,0.1024590163934426,0.1254019292604501,0.1313131313131313,0.1118012422360248,0.1418439716312056,0.1541501976284585,0.1592920353982301,0.2094240837696335,0.2616285154151521,,0,0,0,0,0,1,0,1020,2039.201720767907,4076.807507826262,8150.424397253761,16294.470054773114
208,55,0.0801526717557252,0.0860655737704918,0.0964630225080385,0.1111111111111111,0.0869565217391304,0.1134751773049645,,,,,,1,0,0,0,0,0,0,2528,5534.19906403141,12115.252879875823,26522.239378288225,58061.452667460224
209,17,0.0839694656488549,0.0901639344262295,0.112540192926045,0.1043771043771043,0.1055900621118012,,,,,,,0,0,0,1,0,0,0,1777,3755.3997289029653,7936.424943075093,16772.339943546955,35445.605445731286
210,46,0.0801526717557252,0.0860655737704918,0.0996784565916398,0.1077441077441077,0.1118012422360248,0.1170212765957446,0.1304347826086956,,,,,0,0,0,0,0,0,1,707,1362.57794533473,2626.0518488155753,5061.103723481749,9754.099452146678
211,42,0.0672043010752688,0.0856353591160221,0.0821529745042493,0.090625,0.106060606060606,0.0955631399317406,0.1141199226305609,,,,,1,0,0,0,0,0,0,739,1430.569238666444,2769.321172691051,5360.900787062924,10377.726329519535
212,33,0.0806451612903225,0.0828729281767955,0.0906515580736544,0.075,0.0909090909090909,0.1092150170648464,,,,,,1,0,0,0,0,0,0,682,1309.6728126029125,2515.0188798698255,4829.69479493921,9274.662706893949
213,53,0.086021505376344,0.0966850828729281,0.0878186968838526,0.121875,0.1287878787878787,0.1092150170648464,0.1353965183752417,0.1290322580645161,0.1635514018691588,,,1,0,0,0,0,0,0,655,1252.7529381518623,2396.0151512185057,4582.6183519776505,8764.715427280364
214,25,0.0779569892473118,0.0939226519337016,0.1133144475920679,0.1125,0.125,0.1126279863481228,0.1295938104448742,0.1733870967741935,0.1799065420560747,0.2136986301369863,0.2494662035526728,1,0,0,0,0,0,0,686,1318.1247881317688,2532.7302581449244,4866.5518001635555,9350.90752262807
215,42,0.0967741935483871,0.0883977900552486,0.0906515580736544,0.125,0.1287878787878787,0.1331058020477815,0.1315280464216634,0.1653225806451612,0.1799065420560747,0.2054794520547945,0.2558640849980489,1,0,0,0,0,0,0,1740,3669.477026962827,7738.541178970073,16319.769585308342,34416.67791874456
216,32,0.0591397849462365,,,,,,,,,,,0,0,0,0,0,1,0,787,1533.1060786657588,2986.5492356313803,5817.9120551220385,11333.515040470624
217,51,0.0833333333333333,0.0773480662983425,0.0736543909348441,,,,,,,,,0,0,0,0,0,1,0,4245,9787.357772224555,22565.929837814892,52028.46378930779,119957.87737224605
218,76,0.0725806451612903,0.0773480662983425,0.0963172804532577,0.0875,0.0871212121212121,0.0955631399317406,0.11605415860735,0.1169354838709677,0.1331775700934579,0.1698630136986301,,1,0,0,0,0,0,0,1246,2541.3813970498336,5183.482668756785,10572.396810841668,21563.798216133197
219,72,0.053763440860215,0.0773480662983425,0.0821529745042493,0.090625,,,,,,,,0,0,1,0,0,0,0,436,800.6360447244283,1470.2249452109538,2699.8052408002,4957.7096089920915
220,51,0.0672043010752688,0.0662983425414364,0.0793201133144475,0.078125,0.0757575757575757,0.1023890784982935,0.1083172147001934,0.1008064516129032,,,,0,0,0,0,0,1,0,1190,2416.0262999011547,4905.195867070635,9958.892622696725,20219.282768341884
221,50,0.0779569892473118,0.0773480662983425,,,,,,,,,,0,0,0,0,0,0,1,586,1108.376674572502,2096.41442446484,3965.2164646999404,7499.920544546496
222,18,0.086021505376344,0.0911602209944751,0.1133144475920679,0.103125,0.1212121212121212,0.1228668941979522,0.1450676982591876,0.1612903225806451,0.1728971962616822,0.2082191780821917,0.2430708807481465,0,1,0,0,0,0,0,412,752.2928559812008,1373.6517989328904,2508.224356657617,4579.901127940694
223,17,0.0913978494623656,0.0856353591160221,0.0906515580736544,0.115625,0.1363636363636363,0.1194539249146757,0.1199226305609284,0.1532258064516129,0.1705607476635514,0.2027397260273972,0.2515988307011315,0,0,0,0,0,0,1,211,360.33852860366346,615.373721309256,1050.914034492598,1794.714771933658
224,68,0.0786163522012578,0.0806916426512968,0.0798722044728434,0.0861538461538461,0.0989399293286219,,,,,,,1,0,0,0,0,0,0,904,1785.6045072964946,3526.972850085788,6966.569267948615,13760.550315533483
225,14,0.0786163522012578,0.0922190201729106,0.1022364217252396,0.12,0.1201413427561837,0.1289752650176678,0.1535433070866141,,,,,1,0,0,0,0,0,0,567,1068.9105531100633,2015.1142337743565,3798.9010056502807,7161.702601693142
226,23,0.0974842767295597,0.0922190201729106,0.108626198083067,0.1046153846153846,0.1342756183745583,0.1342756183745583,0.1456692913385826,0.1843971631205673,0.2547770700636942,0.3448275862068966,,1,0,0,0,0,0,0,684,1313.8981825320402,2523.8719796213395,4848.1152148655265,9312.762820932367
227,26,0.10062893081761,0.0922190201729106,0.1054313099041533,0.1076923076923077,0.1378091872791519,0.1254416961130742,0.1456692913385826,0.1891252955082742,0.2484076433121019,0.3448275862068966,,1,0,0,0,0,0,0,877,1727.0286916884568,3400.944243916919,6697.295653451795,13188.622292168327
228,25,0.0943396226415094,0.0979827089337175,0.108626198083067,0.1107692307692307,0.1342756183745583,0.1289752650176678,0.1614173228346456,0.1796690307328605,0.2547770700636942,,,0,0,0,0,0,1,0,47,69.0728926279167,101.5120105529299,149.185706497159,219.24868694676914
229,25,0.0817610062893081,0.0806916426512968,0.0766773162939297,0.0923076923076923,,,,,,,,0,0,0,0,0,1,0,611,1160.50049828894,2204.192154711745,4186.523885216943,7951.658027647798
230,52,0.0880503144654088,0.0806916426512968,0.0926517571884984,0.1046153846153846,0.0848056537102473,0.1183745583038869,0.1220472440944882,0.1465721040189125,,,,0,0,0,0,1,0,0,491,912.4091698154756,1695.4999860760981,3150.6919240689267,5854.827296912524
231,21,0.0691823899371069,0.0749279538904899,0.0702875399361022,,,,,,,,,0,0,1,0,0,0,0,190,321.09161242560003,542.630650368798,917.0218446235228,1549.726435366656
232,33,0.0817610062893081,0.0778097982708933,0.0958466453674121,0.0984615384615384,0.0989399293286219,0.1201413427561837,0.1496062992125984,0.1489361702127659,0.2420382165605095,0.3103448275862069,,0,0,0,0,1,0,0,166,276.76992550052086,461.4553714552036,769.3793299968186,1282.777468944939
233,39,0.0691823899371069,0.0893371757925072,,,,,,,,,,0,0,0,1,0,0,0,978,1947.0304350917718,3876.2040032450386,7716.858043908645,15362.942203244238
234,70,0.0786163522012578,0.0806916426512968,0.0702875399361022,0.0923076923076923,0.0954063604240282,0.1201413427561837,,,,,,0,0,0,1,0,0,0,2450,5346.661539965687,11668.077397121715,25463.37169980964,55568.991896009255
235,33,0.0817610062893081,0.0605187319884726,0.0894568690095846,0.083076923076923,0.0954063604240282,0.1236749116607773,0.1220472440944882,0.1513002364066193,,,,0,0,0,0,0,0,1,65,98.67444498786934,149.7945552871391,227.3983785409717,345.20628913341193
236,71,0.06,0.0609981515711645,0.081967213114754,0.0677966101694915,,,,,,,,1,0,0,0,0,0,0,2819,6238.850565977472,13807.469451790475,30557.906564036773,67629.0218737592
237,27,0.088,0.0850277264325323,0.1180327868852459,0.0889830508474576,0.132890365448505,0.0958466453674121,0.1244343891402714,0.1391746572412079,0.182370820668693,,,1,0,0,0,0,0,0,2125,4571.880053231677,9836.276339358894,21162.482632465708,45530.50928199135
238,26,0.092,0.0831792975970425,0.101639344262295,0.1059322033898305,0.1295681063122923,0.121405750798722,0.1266968325791855,0.149483967476188,0.1641337386018237,0.2658227848101265,0.2542375035911047,1,0,0,0,0,0,0,1942,4140.703640025569,8828.746979670945,18824.523561065,40137.37035584388
239,43,0.06,0.0683918669131238,,,,,,,,,,0,0,0,0,0,1,0,241,417.07940646151883,721.8059389804673,1249.1717535700107,2161.841549989519
240,22,0.088,0.0831792975970425,0.1081967213114754,0.1016949152542372,0.0963455149501661,0.0958466453674121,0.1199095022624434,0.1288663779372513,0.155015197568389,0.240506329113924,0.2372874892266857,0,0,0,0,1,0,0,150,247.5713500530704,408.61048911399905,674.4016695719879,1113.0835454265437
241,62,0.052,0.055452865064695,,,,,,,,,,0,0,0,1,0,0,0,1761,3718.221789272498,7850.751433401905,16576.283385483963,34999.60140207954
242,31,0.084,0.0813308687615526,0.0950819672131147,0.097457627118644,0.1196013289036544,0.1277955271565495,0.1266968325791855,0.1237106918887378,,,,0,0,0,1,0,0,0,802,1565.2791671836808,3054.986123714755,5962.4764781620115,11637.082563702874
243,38,0.092,0.0905730129390018,0.1081967213114754,0.1144067796610169,0.0963455149501661,0.1277955271565495,0.1221719457013574,0.1443303432897215,0.1489361702127659,,,0,0,0,1,0,0,0,1847,3918.4434632171574,8313.047739268675,17636.279140958046,37415.680950384434
244,35,0.096,0.0831792975970425,0.1180327868852459,0.1144067796610169,0.1162790697674418,0.1246006389776357,0.1221719457013574,0.1701036188771718,0.1671732522796352,0.2278481012658227,0.2542375035911047,0,0,0,1,0,0,0,3039,6776.47390207091,15110.430584221147,33693.79351860109,75131.65924335828
245,15,0.084,0.0831792975970425,0.0983606557377049,0.1144067796610169,0.0996677740863787,0.1022364217252396,0.1266968325791855,,,,,0,1,0,0,0,0,0,147,242.13025991512546,398.8235562351439,656.9200770849662,1082.042374204401
246,17,0.096,0.088724584103512,0.1049180327868852,0.1186440677966101,0.1229235880398671,0.1277955271565495,0.1312217194570135,0.1443303432897215,0.182370820668693,0.2658227848101265,0.2542375035911047,0,0,0,0,0,0,1,2156,4645.298562249719,10008.719263654577,21564.69814722434,46463.10820902144
247,37,0.048,0.0683918669131238,,,,,,,,,,0,0,0,0,0,0,1,1411,2913.934028611294,6017.726097164303,12427.53851834819,25664.79615910157
248,68,0.06,0.0683918669131238,0.0655737704918032,0.0762711864406779,0.0863787375415282,0.0766773162939297,,,,,,0,0,0,0,0,0,1,2128,4578.980414974752,9852.942500339437,21201.330234458015,45620.52439614435
249,30,0.0675105485232067,0.0635593220338983,0.0759493670886076,,,,,,,,,1,0,0,0,0,0,0,3309,7441.602085463607,16735.400906127594,37636.20256394943,84639.96478960905
250,46,0.0843881856540084,0.0805084745762711,0.0928270042194092,0.1003134796238244,0.1014492753623188,0.105726872246696,0.1214953271028037,,,,,1,0,0,0,0,0,0,494,918.5433213866372,1707.9389337327814,3175.7406901142926,5904.9704480977125
251,34,0.0843881856540084,0.0889830508474576,0.0970464135021097,0.0846394984326018,0.1268115942028985,0.1101321585903083,0.1191588785046729,0.1775147928994082,,,,1,0,0,0,0,0,0,1449,3000.3728298726132,6212.724029149606,12864.381212254788,26637.63965657206
252,53,0.0632911392405063,0.0847457627118644,0.0843881856540084,0.0752351097178683,0.1014492753623188,0.092511013215859,,,,,,0,0,0,0,0,1,0,1603,3352.948435965044,7013.264637704566,14669.441483468794,30683.64371707882
253,27,0.0886075949367088,0.0847457627118644,0.0843881856540084,0.1003134796238244,0.1050724637681159,0.105726872246696,0.1214953271028037,,,,,0,0,0,0,0,1,0,1400,2888.955413532993,5961.473843843982,12301.737238434582,25385.121707739956
254,27,0.0886075949367088,0.0805084745762711,0.0843881856540084,0.109717868338558,0.0942028985507246,0.118942731277533,0.1214953271028037,0.1597633136094674,0.1916376306620208,,,0,0,0,0,0,1,0,1423,2941.205639982207,6079.192281562282,12565.112175029713,25970.891634719905
255,22,0.0886075949367088,0.1016949152542372,0.0970464135021097,0.1128526645768025,0.1123188405797101,0.1233480176211453,0.1285046728971962,0.165680473372781,0.205574912891986,0.3409969701010119,,0,0,0,0,0,1,0,389,706.2273971974437,1282.1520219852835,2327.740065033692,4225.999505092418
256,72,0.0548523206751054,0.0550847457627118,,,,,,,,,,0,0,0,0,0,0,1,2384,5188.440923859647,11291.91242465667,24575.260290573773,53484.59991867267
257,26,0.0970464135021097,0.0847457627118644,0.1054852320675105,0.1065830721003134,0.1340579710144927,0.1101321585903083,0.1308411214953271,0.1715976331360946,0.1986062717770034,0.3333325670462853,,0,0,1,0,0,0,0,471,871.6115926600571,1612.9655381303614,2984.8820840670705,5523.689654344302
258,35,0.0970464135021097,0.0889830508474576,0.0886075949367088,0.1128526645768025,0.1159420289855072,0.105726872246696,0.1285046728971962,0.1775147928994082,0.1951219512195122,0.3256704628527027,,0,0,0,0,0,0,1,251,436.15523913755203,757.8939945304182,1316.969866236371,2288.4593902202137
259,42,0.0970464135021097,0.1016949152542372,0.1012658227848101,0.109717868338558,0.108695652173913,0.1277533039647577,0.1285046728971962,0.1479289940828402,0.2090592334494773,,,0,0,0,1,0,0,0,197,334.1279827982114,566.7081669482321,961.1830287192123,1630.2443984052047
260,52,0.0886075949367088,0.0847457627118644,0.0886075949367088,0.0877742946708464,,,,,,,,0,0,0,0,0,0,1,687,1320.2385532940425,2537.161335668041,4875.776144506484,9369.996569445177
261,21,0.0666666666666666,0.0681818181818181,,,,,,,,,,1,0,0,0,0,0,0,4160,9571.99942139728,22024.801183468684,50678.217352055864,116608.62191618353
262,60,0.0666666666666666,0.0738636363636363,0.0861538461538461,0.0919540229885057,0.1043478260869565,0.101639344262295,0.1197822141560798,,,,,1,0,0,0,0,0,0,1132,2286.8151964073354,4619.720620600276,9332.55063458042,18853.19665406307
263,64,0.0818181818181818,0.0767045454545454,0.0861538461538461,0.0804597701149425,0.117391304347826,0.1114754098360655,0.1161524500907441,0.1144279745551985,0.158590308370044,,,1,0,0,0,0,0,0,666,1275.9147324771375,2444.381988817122,4682.917404404701,8971.476437317639
264,32,0.0727272727272727,0.0681818181818181,0.0769230769230769,0.0842911877394636,0.1043478260869565,0.0983606557377049,0.1197822141560798,0.1293533625406592,,,,0,0,0,0,0,1,0,1979,4227.565777833325,9030.981508796089,19292.101246504255,41212.03992532435
265,30,0.0787878787878787,0.0795454545454545,0.0984615384615384,0.0881226053639846,0.1043478260869565,0.121311475409836,0.1343012704174228,0.1492538798546068,0.1629955947136563,0.1911262798634812,0.2519161626669803,0,0,0,0,0,1,0,3294,7404.5036973179485,16644.406497751992,37414.562675248184,84103.29922963229
266,16,0.0939393939393939,0.0909090909090909,0.0953846153846153,0.1149425287356321,0.108695652173913,0.121311475409836,0.1252268602540834,0.1641792678400675,0.1762114537444934,0.204778156996587,0.2584885858282496,0,0,0,0,0,1,0,357,642.5915905260846,1156.6497260919962,2081.942260983238,3747.4470276433894
267,32,0.0727272727272727,0.0681818181818181,0.0769230769230769,0.0919540229885057,0.1043478260869565,0.0918032786885245,,,,,,0,0,1,0,0,0,0,2165,4666.6334613559675,10058.876610922465,21681.796848120874,46734.8723666342
268,66,0.0606060606060606,0.0625,0.0707692307692307,,,,,,,,,0,0,0,0,1,0,0,5363,12657.51867029655,29873.7234549516,70506.65903082711,166406.7412013659
269,29,0.0939393939393939,0.0823863636363636,0.0892307692307692,0.10727969348659,0.1260869565217391,0.1245901639344262,0.1343012704174228,0.1741285314711756,0.158590308370044,0.2013651877133105,0.2562975590489603,0,0,0,0,0,1,0,397,722.2200773759189,1313.8585394581298,2390.163768333658,4348.171943846473
270,57,0.0787878787878787,0.0852272727272727,0.0769230769230769,0.0689655172413793,,,,,,,,0,0,0,1,0,0,0,1229,2503.266406190867,5098.732872549821,10385.261768913773,21153.032469991987
271,48,0.0757575757575757,0.0738636363636363,0.0707692307692307,0.0881226053639846,,,,,,,,0,0,0,1,0,0,0,3672,8344.35821756005,18961.959167473262,43089.70038130273,97918.27218652594
272,32,0.0818181818181818,0.0823863636363636,0.08,0.0881226053639846,0.1130434782608695,0.1311475409836065,0.1252268602540834,0.1492538798546068,0.1762114537444934,0.1979522184300341,0.2332976924558098,0,0,0,1,0,0,0,966,1920.7676784454397,3819.201319420992,7593.994256542463,15099.688114148083
273,36,0.0757575757575757,0.0880681818181818,0.0923076923076923,0.0957854406130268,0.117391304347826,0.0983606557377049,0.1252268602540834,0.1194031038836854,0.1674008810572687,0.204778156996587,,0,0,0,0,0,0,1,9391,23441.371875382716,58513.24836545444,146058.01454278003,364583.13643673266
274,66,0.0695364238410596,0.0762195121951219,0.0761904761904762,,,,,,,,,1,0,0,0,0,0,0,1295,2651.531221516288,5429.048508629843,11116.055307921599,22760.283945216932
275,64,0.0662251655629139,0.0670731707317073,0.0761904761904762,0.0858895705521472,,,,,,,,1,0,0,0,0,0,0,67,102.0192867638687,155.34231151952935,236.53599739512075,360.1676678840373
276,30,0.0927152317880794,0.0914634146341463,0.1047619047619047,0.107361963190184,0.1118421052631579,0.137546468401487,,,,,,1,0,0,0,0,0,0,1252,2554.846204329938,5213.44978257115,10638.628105804024,21709.312009098372
277,47,0.0927152317880794,0.0853658536585365,0.1047619047619047,0.1012269938650306,0.1184210526315789,0.1245353159851301,0.1422924901185771,,,,,0,0,0,0,0,1,0,999,1993.0676361947799,3976.294897344386,7932.957629493033,15826.747858505503
278,29,0.0728476821192053,0.0853658536585365,0.0761904761904762,0.0981595092024539,0.0986842105263157,0.1171003717472119,0.1225296442687747,0.166189111747851,,,,0,0,0,0,0,1,0,55,82.11054948483415,122.5844061218435,183.00859899884796,273.21702953172843
279,20,0.1059602649006622,0.0884146341463414,0.1015873015873015,0.1104294478527607,0.125,0.1282527881040892,0.1541501976284585,0.2063037249283667,0.264026402640264,,,0,0,0,0,0,1,0,1586,3313.854997205977,6924.107782160785,14467.521547986324,30229.047023316234
280,40,0.0927152317880794,0.0823170731707317,0.0984126984126984,0.0950920245398773,0.0953947368421052,0.1152416356877323,0.1264822134387351,0.1862464183381088,0.231023102310231,0.3150292500591764,,0,0,0,0,0,1,0,834,1634.1151474204262,3201.837308188102,6273.586144947267,12292.280753123776
281,32,0.1026490066225165,0.0975609756097561,0.0888888888888888,0.1196319018404908,0.1052631578947368,0.1301115241635687,0.1541501976284585,0.2148997134670487,0.2541254125412541,0.3439307536171316,,0,0,0,0,0,1,0,334,597.2018074938305,1067.8143678859215,1909.2834448184265,3413.8548630647006
282,46,0.0562913907284768,0.0670731707317073,,,,,,,,,,1,0,0,0,0,0,0,822,1608.2701422844686,3146.633638155354,6156.492614298305,12045.381086095866
283,45,0.0794701986754966,0.0853658536585365,0.0825396825396825,0.0920245398773006,0.1052631578947368,,,,,,,0,0,0,1,0,0,0,593,1122.9493360535012,2126.5011995666055,4026.902378027476,7625.644775308959
284,20,0.0894039735099337,0.0975609756097561,0.1079365079365079,0.0981595092024539,0.1282894736842105,0.1338289962825278,0.1660079051383399,0.2263610315186246,0.2508250825082508,0.341039996323692,,0,0,0,1,0,0,0,481,891.989175232087,1654.1469620191633,3067.528449821488,5688.57000406908
285,36,0.0794701986754966,0.0762195121951219,0.0825396825396825,0.0920245398773006,0.1118421052631579,0.1133828996282527,0.1343873517786561,,,,,0,0,0,0,0,0,1,88,137.69904852264557,215.4662268641123,337.15334577219045,527.5647149892853
286,21,0.0753138075313807,0.0822669104204753,0.0778688524590164,0.0885608856088561,0.0919540229885057,,,,,,,1,0,0,0,0,0,0,1978,4225.216002772143,9025.505697715762,19279.429275581293,41182.88832128397
287,31,0.0794979079497907,0.0877513711151736,0.0860655737704918,0.0885608856088561,0.1111111111111111,0.1013071895424836,0.1395348837209302,0.1693290734824281,0.1888888888888888,0.2486669433277468,,1,0,0,0,0,0,0,4068,9339.401340713628,21441.597198358744,49226.07709473777,113014.27984677126
288,23,0.0920502092050209,0.0877513711151736,0.1024590163934426,0.1070110701107011,0.1149425287356321,0.1274509803921568,0.1255813953488372,0.1916932907348243,0.2148148148148148,0.2557729554628947,,1,0,0,0,0,0,0,279,489.96451004573066,860.448821162554,1511.0730648040765,2653.663705519817
289,43,0.0753138075313807,0.0694698354661791,0.0860655737704918,0.084870848708487,,,,,,,,0,0,0,0,0,1,0,2438,5317.862102018853,11599.53131094681,25301.35683333269,55188.32101461665
290,33,0.0836820083682008,0.0712979890310786,0.0860655737704918,0.0885608856088561,0.1034482758620689,0.1176470588235294,0.1116279069767441,,,,,0,0,0,0,0,1,0,1259,2570.5633017921905,5248.447727180904,10716.018362879953,21879.43093324098
291,43,0.0627615062761506,0.0712979890310786,0.0860655737704918,0.0885608856088561,0.0957854406130268,0.1209150326797385,0.113953488372093,0.1629392971246006,,,,0,0,0,0,0,1,0,8398,20729.721016267125,51169.48480736676,126307.35229850347,311778.5395869657
292,22,0.0794979079497907,0.0804387568555758,0.0901639344262295,0.0996309963099631,0.1034482758620689,0.1013071895424836,0.1325581395348837,0.1533546325878594,0.2074074074074074,,,0,0,0,0,0,1,0,84,130.82996182444748,203.76760608317105,317.36795386809905,494.30044391507585
293,68,0.0585774058577405,0.0621572212065813,,,,,,,,,,0,0,0,0,1,0,0,311,552.1237485993213,980.1949638822063,1740.1572920154986,3089.331727395626
294,31,0.0920502092050209,0.0822669104204753,0.110655737704918,0.0959409594095941,0.10727969348659,0.130718954248366,0.1186046511627906,0.1725239616613418,0.2111111111111111,0.2557729554628947,,0,0,0,1,0,0,0,2391,5205.201349716633,11331.71103767955,24669.108150534696,53704.59014699647
295,47,0.0711297071129707,0.0749542961608775,,,,,,,,,,0,0,0,1,0,0,0,2011,4302.820981330383,9206.498457174006,19698.614980663406,42147.99295969535
296,43,0.0753138075313807,0.0694698354661791,0.0860655737704918,0.081180811808118,0.0842911877394636,0.0849673202614379,,,,,,0,0,0,1,0,0,0,2704,5959.466131997769,13134.33305415251,28947.342086760615,63798.33756560769
297,39,0.0669456066945606,0.0749542961608775,0.0942622950819672,0.0885608856088561,0.0957854406130268,0.0980392156862745,0.1325581395348837,0.1501597444089457,0.1777777777777777,0.2397871457464638,,0,0,0,0,0,0,1,569,1073.0587321639048,2023.6468236787432,3816.330219620782,7197.093966581839
298,36,0.0878661087866108,0.0859232175502742,0.0942622950819672,0.0885608856088561,0.0919540229885057,0.1176470588235294,0.1255813953488372,,,,,0,0,0,0,0,0,1,1656,3475.0924725122586,7292.4321814682025,15303.065326163225,32113.265169875052
299,27,0.0904761904761904,,,,,,,,,,,0,0,0,0,0,1,0,266,464.910976866439,812.5647233492718,1420.188944735029,2482.185825683003
300,44,0.0857142857142857,,,,,,,,,,,0,0,0,0,0,1,0,3394,7652.142021010426,17252.5861843587,38897.83138256781,87699.39011453291
301,71,0.0809523809523809,0.1102803738317757,,,,,,,,,,0,0,0,0,0,1,0,4050,9293.954147845512,21327.798445001146,48943.106375884316,112314.81148409711
302,21,0.0952380952380952,0.1308411214953271,,,,,,,,,,0,0,0,0,0,1,0,35,49.9430255960178,71.26588016241392,101.69239077354787,145.10930500924405
303,37,0.1,0.1177570093457943,0.1374407582938388,,,,,,,,,0,0,0,0,0,1,0,1619,3389.780161122861,7097.3499325152015,14860.071647799077,31113.265018266546
304,29,0.1,0.1233644859813084,0.1563981042654028,,,,,,,,,0,0,0,0,0,1,0,96,151.52990687977484,239.18034040617928,377.5309865543874,595.9087003834978
305,25,0.1095238095238095,0.1383177570093458,0.1658767772511848,,,,,,,,,0,0,0,0,0,1,0,1664,3493.5636015867003,7334.72754707417,15399.241097363954,32330.665979452322
306,47,0.1095238095238095,0.1233644859813084,0.1658767772511848,0.3274853801169591,,,,,,,,0,0,0,0,0,1,0,3720,8464.420568798821,19259.789130511945,43823.375071783135,99714.91326660915
307,30,0.1142857142857142,0.1177570093457943,0.1800947867298578,0.3333333333333333,,,,,,,,0,0,0,0,0,1,0,1073,2156.0542992524406,4332.311408504124,8705.217742782585,17492.00572251164
308,28,0.1142857142857142,0.1383177570093458,0.1943127962085308,0.3391812865497076,,,,,,,,0,0,0,0,0,1,0,1018,2034.803874004276,4067.216901436938,8129.654918919007,16249.757685004211
309,39,0.0862745098039215,0.0961182994454713,0.1107011070110701,0.1034482758620689,0.1306306306306306,0.131004366812227,0.128735632183908,0.1863354037267081,,,,1,0,0,0,0,0,0,289,509.31636052353986,897.5887719617443,1581.8569085894437,2787.7702545044717
310,27,0.0705882352941176,0.088724584103512,0.0996309963099631,0.1034482758620689,0.1081081081081081,0.1266375545851528,0.135632183908046,0.1801242236024844,0.2597402597402597,,,1,0,0,0,0,0,0,2569,5633.009902406756,12351.421004520245,27082.78584167277,59384.04080611285
311,52,0.0764705882352941,0.0757855822550831,0.081180811808118,,,,,,,,,1,0,0,0,0,0,0,520,971.859933493805,1816.3687121741957,3394.723030411235,6344.6063433948975
312,58,0.0705882352941176,0.0794824399260628,0.077490774907749,0.0905172413793103,0.1081081081081081,0.0829694323144104,0.1241379310344827,,,,,1,0,0,0,0,0,0,1108,2233.540009592798,4502.437702573816,9076.150495846294,18295.9794815507
313,17,0.0784313725490196,0.0961182994454713,0.0996309963099631,0.125,0.1216216216216216,0.131004366812227,0.1333333333333333,0.170807453416149,0.2597402597402597,,,1,0,0,0,0,0,0,246,426.60762916434766,739.8132896797779,1282.9674533925481,2224.893104011443
314,46,0.0705882352941176,0.0683918669131238,,,,,,,,,,0,0,0,0,0,1,0,29,40.61044960745049,56.86926266618188,79.63745950751189,111.52113917914444
315,50,0.0784313725490196,0.0850277264325323,0.0885608856088561,0.1120689655172413,0.1126126126126126,0.1048034934497816,,,,,,0,0,0,0,0,1,0,856,1681.5939691764543,3303.455931274086,6489.569592839593,12748.62276853965
316,36,0.0901960784313725,0.0868761552680221,0.0959409594095941,0.0948275862068965,0.1171171171171171,0.1135371179039301,0.1218390804597701,,,,,0,0,0,0,0,1,0,1582,3304.662612662546,6903.157385290536,14420.10500663399,30122.365288300425
317,34,0.0686274509803921,,,,,,,,,,,1,0,0,0,0,0,0,352,632.6986820904796,1137.237563406333,2044.1156465652703,3674.1740784726517
318,38,0.0784313725490196,0.0720887245841035,0.084870848708487,0.0862068965517241,0.0945945945945946,0.0960698689956331,0.1218390804597701,0.139751552795031,0.2337662337662337,,,0,0,0,0,0,0,1,382,692.2607350920747,1254.5155113880078,2273.4341102038543,4119.919288777787
319,25,0.0901960784313725,0.0961182994454713,0.0996309963099631,0.1120689655172413,,,,,,,,0,0,0,1,0,0,0,2642,5809.330632117557,12773.778347183692,28087.47230892286,61759.808199462124
320,21,0.0862745098039215,0.0905730129390018,0.0959409594095941,0.1077586206896552,0.1306306306306306,0.1179039301310043,0.1264367816091954,0.1801242236024844,0.2467532467532467,,,0,1,0,0,0,0,0,311,552.1237485993213,980.1949638822063,1740.1572920154986,3089.331727395626
321,32,0.0549019607843137,0.0646950092421441,0.066420664206642,0.0646551724137931,0.0765765765765765,0.0960698689956331,0.1080459770114942,0.1428571428571428,,,,0,0,0,0,0,0,1,4,4.59479341998814,5.278031643091577,6.062866266041593,6.964404506368992
322,55,0.0761421319796954,0.0958904109589041,0.1212121212121212,0.0921985815602836,0.1116279069767441,0.1184210526315789,0.1188118811881188,0.1347145480395774,,,,1,0,0,0,0,0,0,355,638.6327534475822,1148.8782923268725,2066.792414661597,3718.0882551546783
323,42,0.1065989847715735,0.091324200913242,0.1161616161616161,0.0992907801418439,0.1209302325581395,0.1184210526315789,0.1336633663366336,0.1658027598041857,0.1726618705035971,0.1854545454545454,,1,0,0,0,0,0,0,1340,2753.057475247573,5656.21303135562,11620.805647437557,23875.183474684425
324,41,0.0812182741116751,0.091324200913242,0.101010101010101,0.1134751773049645,0.1209302325581395,0.1140350877192982,0.1262376237623762,0.1554400225493162,0.1774580335731415,0.2072727272727272,0.2521367521367521,1,0,0,0,0,0,0,3383,7624.86568057973,17185.508911286575,38734.022199517036,87301.7193437512
325,44,0.0761421319796954,0.0684931506849315,,,,,,,,,,0,0,0,0,0,1,0,3341,7520.8014464612515,16929.79778422435,38110.04120439718,85788.10326690444
326,39,0.0558375634517766,0.0547945205479452,0.0606060606060606,0.0709219858156028,,,,,,,,0,0,0,0,0,1,0,2278,4935.249256070656,10692.135741679507,23164.334927537428,50185.147813213516
327,21,0.0913705583756345,0.0821917808219178,0.1161616161616161,0.1099290780141844,0.1116279069767441,0.1184210526315789,,,,,,0,0,1,0,0,0,0,11512,29326.879789879975,74710.37857974884,190325.0774552396,484854.1233086688
328,48,0.0609137055837563,0.0730593607305936,0.0757575757575757,0.0744680851063829,0.0883720930232558,0.0921052631578947,0.1039603960396039,0.1036273725486945,0.1199040767386091,,,0,0,0,0,1,0,0,1198,2433.8987063187396,4944.793750100188,10046.015952739428,20409.83742156083
329,75,0.0862944162436548,0.0684931506849315,,,,,,,,,,0,0,0,1,0,0,0,953,1892.3531641765903,3757.608077617155,7461.407697181887,14815.969008366934
330,24,0.0964467005076142,0.0867579908675799,0.101010101010101,0.1134751773049645,0.1069767441860465,0.1140350877192982,0.1336633663366336,0.1243528470584334,0.1678657074340527,0.1963636363636363,0.2435897435897435,0,0,0,1,0,0,0,2524,5524.567517945615,12092.252876521283,26467.697092081577,57932.876239990976
331,26,0.0812182741116751,0.091324200913242,0.1212121212121212,0.1134751773049645,0.1255813953488372,0.1096491228070175,0.1336633663366336,0.1554410588230417,0.1918465227817745,0.2145454545454545,0.2564102564102564,0,0,0,1,0,0,0,857,1683.7550221841527,3308.0874850995947,6499.426974166845,12769.478190283035
332,38,0.0862944162436548,0.0867579908675799,0.0808080808080808,0.0992907801418439,0.0976744186046511,0.1096491228070175,0.1212871287128712,,,,,0,0,0,0,0,0,1,220,377.28101248452657,647.0043744606788,1109.5566612656485,1902.7939116875193
333,24,0.1015228426395939,0.1095890410958904,0.106060606060606,0.1134751773049645,0.1162790697674418,0.1052631578947368,0.1287128712871287,0.160621391176751,0.1702637889688249,0.1963636363636363,0.2478632478632478,0,0,0,0,0,0,1,155,256.66394663851116,425.0089129293964,703.7707416064661,1165.371458512434
334,51,0.0692307692307692,0.0659340659340659,0.0533807829181494,0.0697674418604651,,,,,,,,1,0,0,0,0,0,0,1529,3183.0849848150365,6626.572936922776,13795.254948528818,28719.077101607156
335,41,0.0692307692307692,0.0732600732600732,0.0711743772241992,0.0697674418604651,0.0662020905923344,,,,,,,1,0,0,0,0,0,0,1557,3247.2630725780737,6772.458228984698,14124.568733178874,29458.054247490392
336,39,0.0499999999999999,0.0659340659340659,0.0782918149466192,0.0730897009966777,0.0662020905923344,0.0895522388059701,0.1,0.1216218407600734,,,,1,0,0,0,0,0,0,397,722.2200773759189,1313.8585394581298,2390.163768333658,4348.171943846473
337,18,0.0807692307692307,0.0549450549450549,0.0640569395017793,0.0930232558139535,0.0836236933797909,0.0671641791044776,0.1038461538461538,0.1216209398575492,0.1502586539218815,0.1637931034482758,,1,0,0,0,0,0,0,4829,11278.281390667878,26340.78093333716,61519.72238892436,143681.2466717868
338,48,0.0807692307692307,0.0769230769230769,0.0676156583629893,0.079734219269103,0.0836236933797909,0.1007462686567164,0.1,0.1306299650990362,0.1347145480395774,0.1666666666666666,0.2531645569620253,1,0,0,0,0,0,0,479,887.9102403107287,1645.8968577216178,3050.9575667354384,5655.483228095815
339,56,0.0461538461538461,0.0549450549450549,,,,,,,,,,0,0,0,0,0,1,0,643,1227.5298740220674,2343.4363788750084,4473.776303171336,8540.737265684
340,36,0.0653846153846153,0.0659340659340659,0.0782918149466192,0.0730897009966777,0.073170731707317,0.0783582089552238,,,,,,0,0,0,0,0,1,0,51,75.56613219696311,111.96549676880197,165.89803000646933,245.8092640526393
341,36,0.0692307692307692,0.0659340659340659,0.0854092526690391,0.079734219269103,0.1010452961672473,0.0820895522388059,0.1038461538461538,0.1351353786223038,0.1554410588230417,0.1637931034482758,,0,0,0,0,0,1,0,2376,5169.2921773746675,11246.456908698183,24468.10678506515,53233.498737039175
342,35,0.0769230769230769,0.0769230769230769,0.0854092526690391,0.079734219269103,0.0905923344947735,0.0970149253731343,0.1153846153846153,0.1351353786223038,0.1502586539218815,0.1724137931034483,0.2531645569620253,0,0,0,0,1,0,0,487,904.2361330334803,1678.9383660848887,3117.364960472586,5788.160240475967
343,42,0.0692307692307692,0.0695970695970696,0.0747330960854092,0.079734219269103,0.0836236933797909,0.1007462686567164,0.1,0.1216218407600734,0.1295331794121426,,,0,0,0,1,0,0,0,1571,3279.3955540070187,6845.5984720821025,14289.895094757027,29829.54706618257
344,45,0.0615384615384615,0.0659340659340659,0.0640569395017793,0.0697674418604651,0.0836236933797909,0.0895522388059701,0.1038461538461538,0.108108302897843,0.1243528470584334,0.160919540229885,0.240506329113924,0,0,0,1,0,0,0,5763,13699.77648309178,32567.04419341909,77418.22421738913,184038.23833005587
345,35,0.0769230769230769,0.0805860805860805,0.0818505338078291,0.0830564784053156,0.0940766550522648,0.1007462686567164,0.0923076923076923,0.1261263533808169,0.1554410588230417,0.1724137931034483,0.2531645569620253,0,0,0,0,0,0,1,250,434.2441830549219,754.2720420681452,1310.1529868361977,2275.7052537825994
346,59,0.0423076923076923,0.0586080586080586,0.0427046263345195,,,,,,,,,0,0,0,0,0,0,1,429,786.5077772040875,1441.9451832226425,2643.5923098055505,4846.633826151469
347,48,0.073076923076923,0.0586080586080586,0.0747330960854092,0.079734219269103,0.0905923344947735,0.1007462686567164,0.0846153846153846,,,,,0,0,0,0,0,0,1,57,85.40087909704994,127.95280965875322,191.70670925956188,287.22669297489705
348,41,0.0692307692307692,0.0659340659340659,0.0782918149466192,0.0697674418604651,0.0836236933797909,0.0932835820895522,0.0961538461538461,,,,,0,0,0,0,0,0,1,791,1541.6796217561887,3004.773775143238,5856.3824236735045,11414.24202248868
349,75,0.0355191256830601,0.0389610389610389,,,,,,,,,,1,0,0,0,0,0,0,667,1278.022257291896,2448.7869417293423,4692.060292197681,8990.341058446993
350,48,0.0655737704918032,0.0597402597402597,0.0637583892617449,0.0623501199040767,,,,,,,,1,0,0,0,0,0,0,2390,5202.806702399697,11326.024093110947,24655.69626074397,53673.147178966385
351,54,0.0710382513661202,0.0701298701298701,0.0771812080536912,0.0875299760191846,0.0935064935064935,0.0934065934065934,0.1162079510703364,0.1363636363636363,0.1592920353982301,,,1,0,0,0,0,0,0,619,1177.2256439258565,2238.869493887957,4257.923395166731,8097.797432410528
352,29,0.0655737704918032,0.0571428571428571,0.0671140939597315,0.0683453237410072,,,,,,,,0,0,0,0,0,1,0,117,188.3668381387757,303.265518892305,488.24928983127046,786.0681619574274
353,40,0.0655737704918032,0.0675324675324675,0.0738255033557047,0.0779376498800959,0.0831168831168831,0.0934065934065934,0.0978593272171253,,,,,0,0,0,0,0,1,0,13433,34752.84122667485,89909.92133748741,232608.14568186743,601786.1948122664
354,18,0.0765027322404371,0.0727272727272727,0.0704697986577181,0.0815347721822542,0.0935064935064935,0.0989010989010989,0.1039755351681957,0.1363636363636363,0.165929203539823,,,0,0,0,0,0,1,0,508,947.2183078542099,1766.1860683743928,3293.2357855143155,6140.577220708258
355,31,0.0573770491803278,0.0649350649350649,0.0637583892617449,0.0755395683453237,0.0727272727272727,0.1098901098901098,0.1039755351681957,0.1136363636363636,0.165929203539823,0.2547770700636942,,0,0,0,0,0,1,0,1602,3350.6476697665876,7008.0148607442225,14657.545981799154,30656.84911885884
356,34,0.0655737704918032,0.0623376623376623,0.0604026845637583,0.0695443645083932,0.0831168831168831,0.0989010989010989,0.110091743119266,0.1233766233766233,0.1570796460176991,0.2420382165605095,,0,0,0,0,0,1,0,141,231.2815684787204,379.369956865085,622.278572038733,1020.7203132752938
357,47,0.0737704918032786,0.0779220779220779,0.0738255033557047,0.079136690647482,0.0935064935064935,,,,,,,0,0,0,1,0,0,0,5408,12774.395302318038,30174.77354657634,71276.716982599,168364.82222395772
358,36,0.0601092896174863,0.0701298701298701,0.0671140939597315,0.0779376498800959,0.0883116883116883,0.1043956043956044,0.1162079510703364,0.1038961038961039,,,,0,0,0,1,0,0,0,376,680.3096469794633,1230.9074887588333,2227.1229764412224,4029.609696496217
359,21,0.0683060109289617,0.0701298701298701,0.0805369127516778,0.0839328537170263,0.0935064935064935,0.0989010989010989,0.128440366972477,0.1168831168831168,,,,0,1,0,0,0,0,0,594,1125.032554213941,2130.8051313823944,4035.732558066174,7643.654053746706
360,18,0.0792349726775956,0.0805194805194805,0.0805369127516778,0.0839328537170263,0.1038961038961039,0.1098901098901098,0.1192660550458715,0.1331168831168831,0.1769911504424778,0.2547770700636942,,0,1,0,0,0,0,0,1196,2429.4294826374585,4934.889306946571,10024.218708903289,20362.1508961669
361,38,0.0683060109289617,0.0623376623376623,0.0704697986577181,,,,,,,,,0,0,0,0,0,0,1,0,0.0,0.0,0.0,0.0
362,50,0.0710382513661202,0.0623376623376623,0.0704697986577181,0.0707434052757793,0.0935064935064935,0.0879120879120879,,,,,,0,0,0,0,0,0,1,1204,2447.3108499491836,4974.526907208461,10111.473150644038,20553.087998788185
363,39,0.0765027322404371,0.0831168831168831,0.0805369127516778,0.0815347721822542,0.1012987012987013,0.1043956043956044,0.1039755351681957,0.1363636363636363,0.1747787610619469,0.2484076433121019,,0,0,0,0,0,0,1,174,291.47692091886864,488.2689392433582,817.9260171895185,1370.1526266082426
364,51,0.0471204188481675,,,,,,,,,,,1,0,0,0,0,0,0,548,1029.5764835465498,1934.3571815183896,3634.249388450217,6827.988514036073
365,71,0.0549738219895288,0.0509708737864077,0.0595533498759305,,,,,,,,,1,0,0,0,0,0,0,799,1558.8396982754632,3041.2781037791406,5933.498174802064,11576.185862986791
366,50,0.0732984293193717,0.0679611650485436,0.0694789081885856,0.0780487804878048,0.0891861761426978,,,,,,,1,0,0,0,0,0,0,1826,3869.4643564966664,8199.755972726252,17376.047901662037,36821.46660036136
367,24,0.0602094240837696,0.058252427184466,0.0719602977667493,0.0682926829268292,0.0780379041248606,,,,,,,1,0,0,0,0,0,0,126,204.36550822691996,331.4703250225972,537.6277891697256,872.0045743697319
368,39,0.0549738219895288,0.0728155339805825,0.0669975186104218,0.0682926829268292,0.0802675585284281,0.0985507246376811,0.1198156682027649,0.1242038216560509,0.1477272727272727,,,1,0,0,0,0,0,0,572,1079.2837336538933,2036.4569540732277,3842.5085049258532,7250.2743457923225
369,32,0.0706806282722513,0.0703883495145631,0.0769230769230769,0.0707317073170731,0.0746934225195094,0.0985507246376811,0.1121351766513056,0.1242038216560509,0.1568181818181818,,,1,0,0,0,0,0,0,88,137.69904852264557,215.4662268641123,337.15334577219045,527.5647149892853
370,50,0.0759162303664921,0.0776699029126213,0.0818858560794044,0.0878048780487804,0.0914158305462653,0.0985507246376811,0.1167434715821812,0.143312101910828,0.1659090909090909,0.2435897435897435,,1,0,0,0,0,0,0,2359,5128.622519282076,11149.965640223478,24240.76510032705,52701.03169909459
371,61,0.0523560209424083,0.0631067961165048,0.0620347394540942,0.0609756097560975,,,,,,,,0,0,0,0,0,0,1,645,1231.7304732851899,2352.185982665668,4491.874656873756,8577.951778370316
372,34,0.0523560209424083,0.0606796116504854,0.064516129032258,0.0756097560975609,0.0802675585284281,0.0927536231884058,,,,,,0,0,0,1,0,0,0,1821,3857.8109403899966,8172.820017458937,17314.219921576856,36680.38826896074
373,32,0.0680628272251308,0.0655339805825242,0.0719602977667493,0.0829268292682926,0.0791527313266443,0.0985507246376811,0.1059907834101382,,,,,0,0,0,1,0,0,0,7947,19508.48456336219,47889.89177789608,117561.24505979258,288592.1397380897
374,50,0.06282722513089,0.0679611650485436,0.0794044665012407,0.0829268292682926,0.0869565217391304,0.1043478260869565,0.1075268817204301,0.1114649681528662,,,,0,1,0,0,0,0,0,10253,25818.79998494252,65016.13504949444,163721.6996622362,412279.1199428557
375,18,0.0837696335078534,0.0776699029126213,0.0818858560794044,0.0878048780487804,0.0936454849498327,0.1159420289855072,0.1198156682027649,0.143312101910828,0.1818181818181818,0.2564102564102564,,0,1,0,0,0,0,0,1251,2552.6016208122055,5208.453265046433,10627.582930681176,21685.040299099004
376,50,0.0523560209424083,0.0558252427184466,,,,,,,,,,0,0,0,0,0,0,1,819,1601.8147628155295,3132.857795328165,6127.298982122548,11983.880300059158
377,34,0.0445026178010471,0.0655339805825242,0.0570719602977667,0.0707317073170731,0.0691192865105908,0.081159420289855,0.0967741935483871,0.0923566878980891,,,,0,0,0,0,0,0,1,550,1033.7105732284022,1942.8319076439818,3651.501608976528,6862.901493381007
378,40,0.0732984293193717,0.0679611650485436,0.0744416873449131,0.0780487804878048,0.0858416945373467,0.1043478260869565,0.1121351766513056,0.1337579617834395,0.1659090909090909,0.2435897435897435,,0,0,0,0,0,0,1,868,1707.5431912148117,3359.105702608362,6608.085335322298,12999.528941585275
379,31,0.0732984293193717,0.0776699029126213,0.0818858560794044,0.0878048780487804,0.0914158305462653,0.1072463768115942,0.1090629800307219,0.1273885350318471,0.1818181818181818,0.2564102564102564,,0,0,0,0,0,0,1,66,100.34559884453336,152.56423041618189,231.95680399041126,352.66430912851274
380,32,0.0649350649350649,0.0672268907563025,,,,,,,,,,1,0,0,0,0,0,0,8415,20775.884983235814,51293.80829906626,126639.84094753978,312662.48007383937
381,55,0.0735930735930736,0.0756302521008403,0.0804953560371517,0.0875,0.0916666666666666,,,,,,,1,0,0,0,0,0,0,1137,2297.9284981918167,4644.217575023827,9386.174069877346,18969.882923623736
382,68,0.0692640692640692,0.0630252100840336,0.0773993808049535,0.075,0.1,0.0993788819875776,0.1152482269503546,0.1383399209486166,,,,1,0,0,0,0,0,0,622,1183.503163569625,2251.896685175737,4284.769856812599,8152.7953066004375
383,49,0.0562770562770562,0.0798319327731092,0.0743034055727554,0.075,0.0875,0.0962732919254658,0.1241134751773049,0.1422924901185771,0.1447963800904977,0.1789473684210526,0.1821305841924398,1,0,0,0,0,0,0,2353,5114.27550754519,11115.943037431603,24160.643952232866,52513.46774816156
384,17,0.0779220779220779,0.1008403361344537,0.0990712074303405,0.1125,0.1166666666666666,0.1304347826086956,0.1312056737588652,0.1581027667984189,0.1855203619909502,0.2105263157894736,0.2061855670103092,1,0,0,0,0,0,0,594,1125.032554213941,2130.8051313823944,4035.732558066174,7643.654053746706
385,38,0.0779220779220779,0.0630252100840336,0.0681114551083591,0.0875,,,,,,,,0,0,0,0,0,1,0,7910,19408.59652674086,47622.45501110198,116850.19152001855,286712.79662255774
386,58,0.0519480519480519,,,,,,,,,,,1,0,0,0,0,0,0,2534,5548.649240170099,12149.766531349707,26604.101354545244,58254.469915669106
387,52,0.0519480519480519,0.0756302521008403,0.0619195046439628,,,,,,,,,0,0,1,0,0,0,0,1237,2521.196349286846,5138.586120984081,10473.229239063154,21346.05280741328
388,46,0.0909090909090909,0.1008403361344537,0.1052631578947368,0.1,0.1125,0.1211180124223602,0.1276595744680851,0.1304347826086956,0.1945701357466063,0.2,0.2061855670103092,0,0,0,1,0,0,0,4349,10051.44147808651,23230.967069992585,53691.585648053646,124092.39618465849
389,27,0.0822510822510822,0.088235294117647,0.0835913312693498,0.0916666666666666,0.1,0.1149068322981366,0.1294326241134751,,,,,0,1,0,0,0,0,0,3277,7362.47927907435,16541.379656636884,37163.73664000338,83496.25906164193
390,26,0.0519480519480519,0.0630252100840336,0.0743034055727554,0.0875,0.075,0.0900621118012422,0.1134751773049645,0.1106719367588932,0.1357466063348416,,,0,0,0,0,0,0,1,2,2.1435469250725863,2.2973967099940698,2.4622888266898326,2.6390158215457884
391,53,0.0649350649350649,0.0504201680672268,0.0712074303405572,0.0791666666666666,0.1,0.1024844720496894,,,,,,0,0,0,0,0,0,1,31,43.70165288902177,61.60756339459819,86.8500758325527,122.43522152965917
392,27,0.0952380952380952,0.088235294117647,0.0990712074303405,0.1,0.1166666666666666,0.1180124223602484,0.1276595744680851,0.1541501976284585,0.171945701357466,0.2070175438596491,0.2027491408934708,0,0,0,0,0,0,1,19,25.505213368279996,34.237679419025696,45.95996414826417,61.69572063157768
393,38,0.0909090909090909,0.0840336134453781,0.1052631578947368,0.1041666666666666,0.1,0.1273291925465838,0.1312056737588652,0.1660079051383399,0.167420814479638,0.2035087719298245,0.2027491408934708,0,0,0,0,0,0,1,341,610.98397113866,1094.725551285532,1961.4655854293053,3514.4399784088328
394,51,0.0688259109311741,0.0736434108527131,,,,,,,,,,1,0,0,0,0,0,0,2280,4940.015728794196,10703.401491550003,23190.7770701124,50246.8436356644
395,68,0.0607287449392712,0.0581395348837209,0.0723270440251572,,,,,,,,,1,0,0,0,0,0,0,1849,3923.111055096672,8323.850919752134,17661.1095534106,37472.41435059948
396,74,0.0647773279352226,0.0581395348837209,0.0660377358490566,,,,,,,,,1,0,0,0,0,0,0,1472,3052.8016728241546,6331.248677715993,13130.466409237159,27231.460474918822
397,24,0.0931174089068826,0.0930232558139534,0.1084905660377358,0.1088435374149659,0.1336633663366336,0.1553398058252427,0.1875,0.2071428571428571,0.2061855670103092,,,1,0,0,0,0,0,0,62,93.67654367085214,141.53701345350098,213.8499713196592,323.1084867312341
398,38,0.0890688259109311,0.0852713178294573,0.0817610062893081,0.0986394557823129,0.1188118811881188,0.1504854368932038,0.15,,,,,0,0,0,0,0,1,0,4565,10601.928233017257,24622.318128816696,57183.80059851794,132805.81599926733
399,39,0.0809716599190283,0.0813953488372093,0.0943396226415094,0.1224489795918367,0.1262376237623762,0.1359223300970873,0.159375,0.1928571428571428,0.1924398625429553,,,0,0,0,0,0,1,0,1824,3864.8026066442562,8188.9798181602055,17351.31060689845,36765.016700786815
400,26,0.0850202429149797,0.0852713178294573,0.0974842767295597,0.1122448979591836,0.1188118811881188,0.1359223300970873,0.16875,0.1892857142857143,0.2027491408934708,,,0,0,0,0,0,1,0,368,664.4045539771043,1199.5473134388978,2165.719287390774,3910.091731463254
401,28,0.0728744939271255,0.0813953488372093,0.0880503144654088,0.1088435374149659,0.1287128712871287,0.116504854368932,0.1625,0.2035714285714285,0.1958762886597938,,,0,0,0,0,0,1,0,217,371.6256717411289,636.4315202628807,1089.9276093775156,1866.5671888669194
402,33,0.0728744939271255,0.065891472868217,,,,,,,,,,0,0,0,0,1,0,0,1551,3233.500836207608,6741.152583981484,14053.850752615863,29299.25090942633
403,27,0.0728744939271255,0.0775193798449612,0.0959119496855346,0.1088435374149659,,,,,,,,0,0,1,0,0,0,0,83,129.11773577858514,200.86011677817484,312.4651022484354,486.0817652065305
404,51,0.0769230769230769,0.0813953488372093,0.0880503144654088,0.1088435374149659,0.1188118811881188,,,,,,,0,0,0,0,0,0,1,225,386.7236837071829,664.6898112891248,1142.450188197167,1963.6113121403212
405,26,0.0769230769230769,0.0736434108527131,0.0974842767295597,0.1088435374149659,0.1262376237623762,0.1504854368932038,,,,,,0,0,0,0,0,0,1,45,65.84666218484509,96.35073157522456,140.98609051769998,206.29918833513275
406,29,0.0850202429149797,0.0852713178294573,0.110062893081761,0.1224489795918367,0.1287128712871287,0.1553398058252427,0.171875,0.2071428571428571,0.2027491408934708,,,0,0,0,0,0,0,1,99,156.74681105322793,248.17740177127587,392.9395586174062,622.1416439388008
407,54,0.0548780487804878,0.0539568345323741,,,,,,,,,,1,0,0,0,0,0,0,3402,7671.984914470045,17301.39698055727,39017.06544212021,87988.92930006945
408,44,0.073170731707317,0.0683453237410071,0.0817120622568093,0.0846774193548387,0.0926517571884984,0.1058823529411764,0.1054216867469879,0.1227197346600331,,,,1,0,0,0,0,0,0,1952,4164.163706445302,8883.329597375123,18950.63458083035,40427.02086864799
409,55,0.073170731707317,0.0755395683453237,0.0817120622568093,0.0967741935483871,0.0958466453674121,0.1058823529411764,0.0963855421686747,0.1243781094527363,0.1333333333333333,0.1656976744186046,0.1963875280869962,1,0,0,0,0,0,0,602,1141.710881774287,2165.2886006010262,4106.534148651178,7788.163993177325
410,46,0.0609756097560975,0.0647482014388489,,,,,,,,,,0,0,0,0,0,1,0,2696,5940.074291324217,13087.716092897193,28836.055599246603,63534.24055203271
411,24,0.0609756097560975,0.079136690647482,0.0933852140077821,0.0967741935483871,0.1022364217252396,0.1147058823529411,0.1144578313253012,0.1293532338308457,0.1444444444444444,0.1656976744186046,0.2009031179782509,0,0,0,0,0,1,0,681,1307.560592033124,2510.594275826742,4820.490657349467,9255.62939473422
412,59,0.0548780487804878,0.0575539568345323,0.0700389105058365,0.0725806451612903,0.0766773162939297,0.0794117647058823,0.0873493975903614,0.1127694859038142,0.1074074074074074,,,1,0,0,0,0,0,0,1188,2411.5600721918513,4895.304698476395,9937.139185234717,20171.72398226016
413,22,0.0914634146341463,0.079136690647482,0.0856031128404669,0.0887096774193548,0.1118210862619808,0.1058823529411764,0.1234939759036144,0.1260364842454394,0.1555555555555555,0.1715116279069767,0.2009031179782509,0,0,0,0,1,0,0,939,1861.7962511702408,3691.4646228664083,7319.227897955533,14512.152355563614
414,41,0.0853658536585365,0.0755395683453237,0.0856031128404669,0.0927419354838709,,,,,,,,0,0,0,0,1,0,0,991,1975.5181310474536,3938.114920380644,7850.471672412171,15649.595485494092
415,29,0.0792682926829268,0.0755395683453237,0.0700389105058365,,,,,,,,,0,0,0,1,0,0,0,2069,4439.525345389687,9526.044123904003,20440.36458645351,43859.60205440598
416,34,0.0609756097560975,0.0647482014388489,0.0856031128404669,0.0846774193548387,0.0958466453674121,0.0823529411764705,,,,,,0,0,0,1,0,0,0,353,634.6761460828862,1141.115610217067,2051.6681522028016,3688.795569068184
417,24,0.0792682926829268,0.0755395683453237,0.0894941634241245,0.0967741935483871,0.1118210862619808,0.1029411764705882,0.1295180722891566,0.1276948590381426,0.1481481481481481,0.1686046511627907,0.2031609129238783,0,1,0,0,0,0,0,325,579.5243614072398,1033.3799552752882,1842.6734112983186,3285.7665598915596
418,26,0.073170731707317,0.079136690647482,0.0739299610894941,0.0927419354838709,0.0926517571884984,0.0941176470588235,0.1024096385542168,,,,,0,0,0,0,0,0,1,29,40.61044960745049,56.86926266618188,79.63745950751189,111.52113917914444
419,32,0.0914634146341463,0.079136690647482,0.0933852140077821,0.1008064516129032,0.1054313099041533,0.1147058823529411,0.1265060240963855,0.1310116086235489,0.1555555555555555,0.1686046511627907,,0,0,0,0,0,0,1,35,49.9430255960178,71.26588016241392,101.69239077354787,145.10930500924405
420,33,0.0609756097560975,0.0719424460431654,0.0894941634241245,0.0927419354838709,0.1150159744408945,0.0941176470588235,0.1144578313253012,0.1260364842454394,0.1555555555555555,0.1598837209302325,0.1986453230326235,0,0,0,0,0,0,1,84,130.82996182444748,203.76760608317105,317.36795386809905,494.30044391507585
