index,celebrity_age_during_season,1,2,3,4,5,6,7,8,9,10,11,industry_Actor_Performer,industry_Influencer,industry_Model_Fashion,industry_Music,industry_Others,industry_Sports,industry_TV_Media
0,50,0.18348623853211,0.2148760330578512,0.2264150943396226,0.2282608695652173,0.3698630136986301,0.4954128440366973,,,,,,1,0,0,0,0,0,0
1,29,0.1192660550458715,0.140495867768595,0.1981132075471698,0.2826086956521739,0.3219178082191781,0.5045871559633028,,,,,,1,0,0,0,0,0,0
2,42,0.165137614678899,0.1157024793388429,0.1226415094339622,,,,,,,,,0,0,0,0,0,1,0
3,35,0.18348623853211,0.1983471074380165,0.2452830188679245,0.2717391304347826,,,,,,,,0,0,1,0,0,0,0
4,32,0.18348623853211,0.1735537190082644,0.2075471698113207,0.217391304347826,0.3082191780821918,,,,,,,0,0,0,1,0,0,0
5,32,0.165137614678899,0.1570247933884297,,,,,,,,,,0,0,0,0,0,0,1
6,42,0.1179487179487179,0.0849999999999999,,,,,,,,,,1,0,0,0,0,0,0
7,39,0.1025641025641025,0.1099999999999999,0.1428571428571428,0.1582278481012658,0.1456953642384106,,,,,,,1,0,0,0,0,0,0
8,66,0.0923076923076923,0.1099999999999999,0.1208791208791208,0.1329113924050633,0.1589403973509933,0.1729323308270676,,,,,,1,0,0,0,0,0,0
9,42,0.0974358974358974,0.0999999999999999,0.1373626373626373,0.1645569620253164,0.1655629139072847,0.2030075187969924,0.2598039215686274,,,,,1,0,0,0,0,0,0
10,26,0.1128205128205128,0.145,0.1483516483516483,0.1645569620253164,0.1986754966887417,0.225563909774436,0.2696078431372549,0.339920718960216,,,,0,0,0,0,0,1,0
11,43,0.1076923076923077,0.1149999999999999,0.1043956043956044,0.1518987341772152,0.152317880794702,0.1729323308270676,0.2009803921568627,0.3162063678588072,,,,0,0,0,0,0,1,0
12,44,0.1179487179487179,0.12,0.1208791208791208,,,,,,,,,0,0,0,0,0,0,1
13,35,0.0615384615384615,0.0799999999999999,0.0769230769230769,0.050632911392405,,,,,,,,0,0,0,1,0,0,0
14,29,0.123076923076923,0.1349999999999999,0.1483516483516483,0.1772151898734177,0.1788079470198675,0.225563909774436,0.2696078431372549,0.3438729131809768,,,,0,0,0,1,0,0,0
15,46,0.0666666666666666,,,,,,,,,,,0,0,0,0,0,0,1
16,54,0.080188679245283,0.0913043478260869,0.1062801932367149,,,,,,,,,1,0,0,0,0,0,0
17,42,0.1037735849056603,0.1043478260869565,0.1304347826086956,0.1212121212121212,,,,,,,,1,0,0,0,0,0,0
18,25,0.0896226415094339,0.1130434782608695,0.1304347826086956,0.1212121212121212,0.149171270718232,0.1949152542372881,0.2,0.2431192660550458,,,,1,0,0,0,0,0,0
19,30,0.0990566037735849,0.1260869565217391,0.1062801932367149,0.1363636363636363,0.1381215469613259,0.2033898305084745,0.2111111111111111,0.2477064220183486,0.3333333333333333,,,1,0,0,0,0,0,0
20,32,0.1226415094339622,0.0913043478260869,0.1062801932367149,0.1464646464646464,0.149171270718232,0.2372881355932203,0.2074074074074074,0.2614678899082568,0.3333333333333333,0.5,,1,0,0,0,0,0,0
21,37,0.1132075471698113,0.1043478260869565,0.0917874396135265,0.1212121212121212,0.149171270718232,0.211864406779661,0.2111111111111111,0.2477064220183486,0.3333333333333333,0.5,,0,0,0,0,0,1,0
22,31,0.0849056603773584,0.0956521739130434,,,,,,,,,,0,0,1,0,0,0,0
23,25,0.1037735849056603,0.0999999999999999,0.1062801932367149,0.1414141414141414,0.149171270718232,,,,,,,0,0,0,1,0,0,0
24,35,0.070754716981132,0.0913043478260869,0.1207729468599033,0.101010101010101,0.1325966850828729,,,,,,,0,0,0,1,0,0,0
25,62,0.0754716981132075,0.0826086956521739,0.1014492753623188,0.1111111111111111,0.1325966850828729,0.1525423728813559,0.1703703703703703,,,,,0,0,0,0,0,0,1
26,37,0.0566037735849056,,,,,,,,,,,0,0,0,0,0,0,1
27,59,0.0825242718446602,0.0857142857142857,0.091743119266055,0.0842105263157894,0.1022727272727272,0.1117647058823529,0.145631067961165,,,,,1,0,0,0,0,0,0
28,42,0.1019417475728155,0.0897959183673469,0.110091743119266,0.1263157894736842,0.1363636363636363,0.1411764705882353,0.174757281553398,0.1872509960159362,0.2447257383966244,,,1,0,0,0,0,0,0
29,44,0.0776699029126213,0.073469387755102,0.073394495412844,0.0789473684210526,0.0738636363636363,,,,,,,0,0,0,0,0,1,0
30,29,0.1116504854368932,0.110204081632653,0.0963302752293577,0.1105263157894736,0.1590909090909091,0.1647058823529411,0.1909385113268608,0.2111553784860558,0.2531645569620253,0.3281854310465651,,0,0,0,0,0,1,0
31,24,0.1019417475728155,0.1061224489795918,0.1055045871559633,0.1368421052631578,0.1704545454545454,0.1647058823529411,0.174757281553398,0.2310756972111554,0.2489451476793249,0.3397685007685367,,0,0,0,0,0,1,0
32,28,0.0922330097087378,0.0816326530612245,0.0963302752293577,,,,,,,,,0,0,1,0,0,0,0
33,41,0.0922330097087378,0.0857142857142857,,,,,,,,,,0,0,1,0,0,0,0
34,39,0.087378640776699,0.0979591836734694,0.110091743119266,0.1210526315789473,0.1193181818181818,0.1352941176470588,,,,,,0,0,1,0,0,0,0
35,45,0.0631067961165048,0.0857142857142857,0.0963302752293577,0.1105263157894736,0.096590909090909,0.1235294117647058,0.1229773462783171,0.1513944223107569,,,,0,0,0,1,0,0,0
36,30,0.116504854368932,0.0979591836734694,0.110091743119266,0.1473684210526316,0.1420454545454545,0.1588235294117647,0.1909385113268608,0.2191235059760956,0.2531645569620253,0.3320460681848982,,0,0,0,1,0,0,0
37,50,0.0728155339805825,0.0857142857142857,0.110091743119266,0.0842105263157894,,,,,,,,0,0,0,0,0,0,1
38,38,0.0817120622568093,0.088235294117647,0.0962343096234309,0.1153846153846153,0.1306532663316583,0.1388888888888889,0.1634615384615384,0.1939163498098859,,,,1,0,0,0,0,0,0
39,56,0.0933852140077821,0.088235294117647,0.1129707112970711,0.1111111111111111,0.1306532663316583,0.1222222222222222,0.1602564102564102,,,,,1,0,0,0,0,0,0
40,23,0.1011673151750972,0.1092436974789916,0.1129707112970711,0.1282051282051282,0.1407035175879397,0.1388888888888889,,,,,,1,0,0,0,0,0,0
41,35,0.0817120622568093,0.088235294117647,0.108786610878661,0.1153846153846153,0.1256281407035176,0.15,0.1698717948717948,0.1901140684410646,0.2478632478632478,,,1,0,0,0,0,0,0
42,30,0.0700389105058365,0.088235294117647,0.0878661087866108,0.0982905982905982,,,,,,,,0,0,0,0,0,1,0
43,29,0.0622568093385213,,,,,,,,,,,0,0,1,0,0,0,0
44,22,0.0817120622568093,0.088235294117647,,,,,,,,,,0,0,1,0,0,0,0
45,32,0.0972762645914396,0.1134453781512605,0.100418410041841,0.1153846153846153,0.1155778894472362,0.1555555555555555,0.1666666666666666,0.2167300380228136,0.2564102564102564,0.352940954028016,,0,0,0,0,0,1,0
46,32,0.0933852140077821,0.0966386554621848,0.1129707112970711,0.1111111111111111,0.1457286432160804,0.1666666666666666,0.173076923076923,0.2129277566539923,0.2564102564102564,0.3571422268889026,,0,0,0,1,0,0,0
47,65,0.0739299610894941,0.0630252100840336,0.0753138075313807,,,,,,,,,0,0,0,1,0,0,0
48,47,0.0817120622568093,0.1008403361344537,0.108786610878661,0.1111111111111111,0.1055276381909547,0.1277777777777778,0.1666666666666666,0.1863117870722433,0.2393162393162393,0.2899168190830813,,0,0,0,1,0,0,0
49,49,0.0817120622568093,0.0756302521008403,0.0836820083682008,0.094017094017094,0.1055276381909547,,,,,,,0,0,0,0,0,0,1
50,34,0.0864197530864197,0.0778210116731517,0.1096491228070175,0.1155555555555555,0.1173469387755102,0.15,0.1488673139158576,0.2134831460674157,0.2545454545454546,0.3076923076923077,,1,0,0,0,0,0,0
51,49,0.074074074074074,0.0622568093385213,0.0921052631578947,,,,,,,,,1,0,0,0,0,0,0
52,62,0.0987654320987654,0.0817120622568093,0.1140350877192982,0.0977777777777777,0.1071428571428571,,,,,,,1,0,0,0,0,0,0
53,42,0.0905349794238683,0.0933852140077821,0.0921052631578947,0.1066666666666666,0.1122448979591836,0.1166666666666666,,,,,,1,0,0,0,0,0,0
54,34,0.0864197530864197,0.0933852140077821,0.1052631578947368,0.1244444444444444,0.1173469387755102,0.1333333333333333,0.1650485436893204,,,,,1,0,0,0,0,0,0
55,35,0.074074074074074,0.0817120622568093,0.0833333333333333,0.1066666666666666,0.1224489795918367,0.1444444444444444,0.1682847896440129,0.1872659176029962,0.2363636363636363,,,1,0,0,0,0,0,0
56,33,0.0905349794238683,0.1050583657587548,0.1008771929824561,0.1288888888888889,0.1377551020408163,0.1333333333333333,0.1779935275080906,0.194756554307116,0.25,0.3372781065088757,,0,0,0,0,0,1,0
57,36,0.1111111111111111,0.1050583657587548,0.1184210526315789,0.1288888888888889,0.1479591836734693,0.1666666666666666,0.174757281553398,0.2059925093632958,0.2590909090909091,0.3550295857988166,,0,0,0,0,0,1,0
58,34,0.0617283950617283,0.0583657587548638,,,,,,,,,,0,0,0,0,0,1,0
59,53,0.0658436213991769,0.0661478599221789,,,,,,,,,,1,0,0,0,0,0,0
60,43,0.0617283950617283,0.0739299610894941,0.0921052631578947,0.0844444444444444,,,,,,,,0,0,0,0,0,0,1
61,21,0.0987654320987654,0.1011673151750972,0.0921052631578947,0.1066666666666666,0.1377551020408163,0.1555555555555555,0.1650485436893204,0.198501872659176,,,,0,0,0,1,0,0,0
62,50,0.0734126984126984,,,,,,,,,,,1,0,0,0,0,0,0
63,82,0.0634920634920634,0.0678733031674208,0.0804020100502512,0.1083743842364532,0.1076923076923077,0.09375,,,,,,1,0,0,0,0,0,0
64,61,0.0734126984126984,0.0950226244343891,0.1055276381909547,0.1182266009852216,0.1128205128205128,0.14375,0.1632653061224489,,,,,1,0,0,0,0,0,0
65,18,0.0813492063492063,0.0950226244343891,0.1055276381909547,0.1133004926108374,0.1435897435897436,0.14375,0.1496598639455782,0.188235294117647,0.2288557213930348,,,1,0,0,0,0,0,0
66,31,0.0833333333333333,0.0950226244343891,,,,,,,,,,0,0,0,0,0,1,0
67,34,0.0773809523809523,0.085972850678733,0.1206030150753769,0.0985221674876847,0.1384615384615384,0.13125,0.1700680272108843,0.188235294117647,,,,0,0,0,0,0,1,0
68,35,0.0853174603174603,0.1085972850678732,0.1256281407035176,0.1083743842364532,0.1282051282051282,0.15625,0.1428571428571428,0.2117647058823529,0.2437810945273631,0.3235294117647059,,0,0,0,0,0,1,0
69,43,0.0476190476190476,,,,,,,,,,,1,0,0,0,0,0,0
70,40,0.0892857142857142,0.1040723981900452,0.1105527638190954,0.1083743842364532,0.1128205128205128,,,,,,,0,0,0,1,0,0,0
71,29,0.0853174603174603,0.090497737556561,0.1105527638190954,0.1280788177339901,0.1076923076923077,0.1687499999999999,0.1700680272108843,0.196078431372549,0.2835820895522388,0.3235294117647059,,0,0,0,1,0,0,0
72,27,0.0734126984126984,0.0769230769230769,,,,,,,,,,0,0,0,0,0,0,1
73,41,0.0694444444444444,0.0723981900452488,0.100502512562814,0.0886699507389162,,,,,,,,0,0,0,0,0,0,1
74,37,0.0972222222222222,0.1085972850678732,0.1407035175879397,0.1280788177339901,0.1487179487179487,0.1624999999999999,0.2040816326530612,0.2156862745098039,0.2437810945273631,0.3529411764705882,,0,0,0,0,0,0,1
75,33,0.0987654320987654,0.1018867924528302,0.1062992125984251,0.1239669421487603,0.138095238095238,0.1397849462365591,0.1483516483516483,0.1762820512820512,0.2097378277153558,0.273972602739726,0.3314285714285714,1,0,0,0,0,0,0
76,38,0.074074074074074,0.0792452830188679,0.0629921259842519,,,,,,,,,1,0,0,0,0,0,0
77,52,0.0781893004115226,0.0641509433962264,0.0944881889763779,0.0909090909090909,0.1047619047619047,,,,,,,1,0,0,0,0,0,0
78,50,0.0658436213991769,0.0754716981132075,0.0787401574803149,0.0785123966942148,0.0952380952380952,0.1182795698924731,0.1153846153846153,,,,,0,0,0,0,0,1,0
79,39,0.0576131687242798,0.0754716981132075,0.0905511811023622,0.1033057851239669,0.1,0.0967741935483871,0.1318681318681318,0.1666666666666666,0.1722846441947565,0.2191780821917808,,0,0,0,0,0,1,0
80,17,0.0946502057613168,0.090566037735849,0.1062992125984251,0.1033057851239669,0.1238095238095238,0.1397849462365591,0.1538461538461538,0.1666666666666666,0.2097378277153558,0.2557077625570776,0.3428571428571428,0,0,0,0,0,1,0
81,58,0.0534979423868312,0.0641509433962264,0.0393700787401574,0.0495867768595041,,,,,,,,0,0,0,0,1,0,0
82,50,0.0699588477366255,0.0679245283018867,,,,,,,,,,0,0,0,1,0,0,0
83,29,0.0823045267489712,0.0754716981132075,0.0905511811023622,0.0909090909090909,0.1095238095238095,0.1236559139784946,0.1483516483516483,0.1634615384615384,,,,0,0,0,1,0,0,0
84,34,0.0864197530864197,0.0867924528301886,0.0984251968503937,0.1115702479338842,0.1238095238095238,0.1505376344086021,0.1428571428571428,0.1794871794871795,0.194756554307116,,,0,0,0,1,0,0,0
85,34,0.0699588477366255,0.0528301886792452,0.0590551181102362,0.0619834710743801,0.0857142857142857,0.086021505376344,,,,,,0,0,0,0,0,0,1
86,30,0.074074074074074,0.0679245283018867,0.0669291338582677,0.0661157024793388,,,,,,,,0,0,0,0,0,0,1
87,26,0.0946502057613168,0.0981132075471698,0.1062992125984251,0.1198347107438016,0.119047619047619,0.1451612903225806,0.1593406593406593,0.1474358974358974,0.2134831460674157,0.2511415525114155,0.3257142857142857,0,0,0,0,0,0,1
88,34,0.0467979676767199,,,,,,,,,,,1,0,0,0,0,0,0
89,45,0.0541874056646528,0.0714285714285714,0.065891472868217,,,,,,,,,1,0,0,0,0,0,0
90,33,0.0591135334523485,0.064625850340136,0.0736434108527131,0.1157024793388429,0.0950413223140495,0.0923076272187096,,,,,,1,0,0,0,0,0,0
91,45,0.0714283603088091,0.0714285714285714,0.0697674418604651,0.0909090909090909,0.1074380165289256,0.1230773491139007,0.1225071225071225,,,,,1,0,0,0,0,0,0
92,39,0.0541874056646528,0.064625850340136,0.065891472868217,0.0702479338842975,,,,,,,,0,0,0,0,0,1,0
93,27,0.0665022325211133,0.0714285714285714,0.1007751937984496,0.0991735537190082,0.0909090909090909,,,,,,,0,0,0,0,0,1,0
94,21,0.0665022325211133,0.064625850340136,0.0775193798449612,0.0661157024793388,0.0909090909090909,0.0923080118354255,,,,,,0,0,0,0,0,1,0
95,43,0.0467982139831092,0.0680272108843537,0.0542635658914728,0.0661157024793388,0.0867768595041322,0.0846149082823748,0.1339031339031339,,,,,0,0,0,0,0,1,0
96,30,0.0837439260844377,0.0680272108843537,0.0891472868217054,0.1074380165289256,0.0991735537190082,0.1384616331364224,0.1566951566951566,0.198473282442748,0.2531258701201785,,,0,0,1,0,0,0,0
97,46,0.0492610315705677,0.0612244897959183,,,,,,,,,,0,0,1,0,0,0,0
98,62,0.0492610315705677,0.0612244897959183,0.0581395348837209,,,,,,,,,0,0,0,0,1,0,0
99,42,0.0467979676767199,,,,,,,,,,,0,0,0,1,0,0,0
100,21,0.078817798296742,0.0918367346938775,0.0813953488372093,0.0743801652892562,0.0991735537190082,0.1269227470402782,0.150997150997151,0.1908396946564885,,,,0,0,0,1,0,0,0
101,29,0.0763547344028942,0.0918367346938775,0.1046511627906976,0.1157024793388429,0.1115702479338842,0.1269235162737101,0.1396011396011396,0.2251908396946564,0.2718749970703024,0.3432030932030932,,0,0,0,1,0,0,0
102,51,0.0738916705090463,0.0850340136054421,0.0813953488372093,0.0991735537190082,0.1198347107438016,0.1192307973373754,0.1481481481481481,0.1908396946564885,0.2312501699224591,0.3512776905634048,,0,0,0,1,0,0,0
103,24,0.0763544880965048,0.064625850340136,0.0775193798449612,0.0950413223140495,0.0991735537190082,0.096153409761803,0.1481481481481481,0.1946564885496183,0.2437489628870599,0.305519216233502,,0,0,0,0,0,0,1
104,32,0.0717703349282296,0.0863636363636363,0.0985221674876847,0.0889487870619946,,,,,,,,1,0,0,0,0,0,0
105,38,0.0861244019138755,0.0909090909090909,,,,,,,,,,1,0,0,0,0,0,0
106,40,0.0861244019138755,0.0954545454545454,0.1034482758620689,0.0970350404312668,0.1040462427745664,0.1244013735931173,0.157556270096463,0.1699604743083003,,,,1,0,0,0,0,0,0
107,80,0.0669856459330143,0.0545454545454545,0.064039408866995,,,,,,,,,0,0,0,0,1,0,0
108,32,0.0861244019138755,0.0727272727272727,0.0985221674876847,0.1185983827493261,0.1040462427745664,0.148325377166335,0.1672025723472668,0.1778656126482213,0.2300884955752212,,,0,0,0,0,0,1,0
109,24,0.1100478468899521,0.1090909090909091,0.1280788177339901,0.1401617250673854,0.1560693641618497,0.1291870355546645,0.1736334405144694,0.2094861660079051,0.2610619469026548,0.325268368450467,,0,0,0,0,0,1,0
110,42,0.1004784688995215,0.1,0.1034482758620689,0.1266846361185983,0.1213872832369942,0.1435401936752898,0.1639871382636656,,,,,0,0,1,0,0,0,0
111,31,0.1196172248803827,0.1272727272727273,0.1133004926108374,0.1347708894878706,0.1676300578034682,0.1722489022690506,0.1736334405144694,0.2332015810276679,0.2610619469026548,0.3481193038992962,,0,0,0,1,0,0,0
112,32,0.1004784688995215,0.1045454545454545,0.1133004926108374,0.105121293800539,0.1271676300578034,0.1626799706984664,0.1639871382636656,0.2094861660079051,0.247787610619469,0.3266123276502367,,0,0,0,0,0,0,1
113,35,0.0765550239234449,0.0681818181818181,0.0738916256157635,0.0862533692722371,0.0867052023121387,,,,,,,0,0,0,0,0,0,1
114,32,0.0956937799043062,0.0909090909090909,0.1034482758620689,0.1024258760107816,0.1329479768786127,0.1196171470430762,,,,,,0,0,0,0,0,0,1
115,58,0.066079295154185,,,,,,,,,,,1,0,0,0,0,0,0
116,76,0.079295154185022,0.085972850678733,0.090497737556561,0.0977653631284916,0.1153846153846153,,,,,,,1,0,0,0,0,0,0
117,19,0.1013215859030837,0.0995475113122171,0.1040723981900452,0.111731843575419,0.1098901098901099,0.1449275432332379,0.1606714628297362,0.2113207547169811,0.2543859649122806,0.3293164561842317,,1,0,0,0,0,0,0
118,50,0.105726872246696,0.1085972850678732,0.1085972850678732,0.1564245810055866,0.1373626373626373,0.1400970921157704,0.1750599520383693,0.2150943396226415,0.2631578947368421,0.361446654088323,,1,0,0,0,0,0,0
119,41,0.0969162995594713,0.0950226244343891,0.1085972850678732,0.1089385474860335,0.1318681318681318,0.1449280263266591,0.1654676258992805,,,,,0,0,0,0,0,1,0
120,39,0.0837004405286343,0.0950226244343891,0.1040723981900452,0.0949720670391061,0.1318681318681318,0.1062800695461289,0.1678657074340527,0.1811320754716981,,,,0,0,0,0,0,1,0
121,41,0.066079295154185,0.0814479638009049,0.0814479638009049,,,,,,,,,1,0,0,0,0,0,0
122,57,0.0704845814977973,0.0542986425339366,,,,,,,,,,0,0,0,1,0,0,0
123,31,0.1013215859030837,0.0950226244343891,0.1085972850678732,0.1340782122905028,0.1483516483516483,0.1739131484985698,0.1750599520383693,0.2150943396226415,0.25,,,0,0,0,1,0,0,0
124,28,0.066079295154185,0.0814479638009049,0.090497737556561,0.0782122905027933,,,,,,,,0,0,0,0,0,0,1
125,25,0.0837004405286343,0.1040723981900452,0.1176470588235294,0.1284916201117318,0.1263736263736264,0.1545889285615942,,,,,,0,0,0,0,0,0,1
126,19,0.079295154185022,0.0995475113122171,0.085972850678733,0.0893854748603352,0.0989010989010989,0.1352651917180396,0.1558752997601918,0.1773584905660377,0.2324561403508772,0.3092368897274452,,0,0,0,0,0,0,1
127,49,0.1159420289855072,0.0972222222222222,0.0981308411214953,0.1213592233009708,0.1134020618556701,0.1333333333333333,0.1750663129973474,0.1769230769230769,0.2042553191489362,,,1,0,0,0,0,0,0
128,22,0.1014492753623188,0.0833333333333333,0.1074766355140187,0.1262135922330096,0.134020618556701,0.1555555555555555,0.169761273209549,0.2115384615384615,0.3106382978723404,0.3396948007112996,,1,0,0,0,0,0,0
129,60,0.1111111111111111,0.0925925925925926,0.0981308411214953,0.1067961165048543,0.1185567010309278,0.1444444444444444,0.1591511936339522,0.2038461538461538,0.2297872340425532,0.3206103985774007,,1,0,0,0,0,0,0
130,35,0.1014492753623188,0.1064814814814814,0.116822429906542,0.1213592233009708,0.1391752577319588,0.15,0.1750663129973474,0.2076923076923076,0.2553191489361702,0.3396948007112996,,0,0,0,0,0,1,0
131,54,0.0821256038647343,0.0787037037037037,0.0934579439252336,0.1019417475728155,,,,,,,,0,0,0,0,0,1,0
132,40,0.0917874396135265,0.1064814814814814,0.0981308411214953,0.1116504854368932,0.134020618556701,0.1222222222222222,,,,,,0,0,0,0,0,1,0
133,31,0.0869565217391304,0.0833333333333333,0.116822429906542,0.1116504854368932,0.1134020618556701,,,,,,,0,0,1,0,0,0,0
134,32,0.0628019323671497,0.0787037037037037,,,,,,,,,,0,0,0,0,0,0,1
135,21,0.0917874396135265,0.1064814814814814,0.0934579439252336,0.1116504854368932,0.134020618556701,0.1555555555555555,0.1591511936339522,0.1999999999999999,,,,0,0,0,1,0,0,0
136,46,0.0676328502415459,0.0787037037037037,0.0700934579439252,,,,,,,,,0,0,0,0,0,0,1
137,25,0.0869565217391304,0.0879629629629629,0.1074766355140187,0.087378640776699,0.1134020618556701,0.1388888888888889,0.1618037135278514,,,,,0,0,0,0,0,0,1
138,33,0.0691244239631336,0.0941704035874439,,,,,,,,,,1,0,0,0,0,0,0
139,40,0.0829493087557603,0.0807174887892376,0.1012658227848101,0.1100478468899521,0.1329787234042553,0.1385542168674698,0.1604095563139931,,,,,1,0,0,0,0,0,0
140,42,0.0921658986175115,0.1031390134529148,0.1139240506329113,0.138755980861244,0.1276595744680851,0.1746987951807228,0.1808873720136519,0.2007722007722007,0.2827007708893286,0.3313613318879616,,1,0,0,0,0,0,0
141,28,0.1013824884792626,0.0986547085201793,0.1097046413502109,0.124401913875598,0.1489361702127659,0.1746987951807228,0.1638225255972696,0.2316602316602316,0.2362879168266533,0.3333329388541484,,1,0,0,0,0,0,0
142,31,0.064516129032258,,,,,,,,,,,0,0,0,0,0,1,0
143,30,0.0967741935483871,0.085201793721973,0.1012658227848101,0.1148325358851674,0.1276595744680851,0.1204819277108433,0.1706484641638225,0.2007722007722007,0.2067502394524871,,,0,0,0,0,0,1,0
144,43,0.1013824884792626,0.0941704035874439,0.1097046413502109,0.1004784688995215,,,,,,,,0,0,0,1,0,0,0
145,24,0.0875576036866359,0.0986547085201793,0.1012658227848101,,,,,,,,,0,0,0,0,0,0,1
146,41,0.0783410138248848,0.0807174887892376,0.0970464135021097,0.0956937799043062,0.101063829787234,,,,,,,0,0,0,0,0,0,1
147,42,0.0783410138248848,0.0762331838565022,0.0759493670886076,0.1004784688995215,0.1117021276595744,0.1144578313253012,,,,,,0,0,0,0,0,0,1
148,51,0.0737327188940092,0.0941704035874439,0.0886075949367088,0.1004784688995215,0.1170212765957446,0.144578313253012,0.1501706484641638,0.1698841698841698,,,,0,0,0,0,0,0,1
149,24,0.0737327188940092,0.0941704035874439,0.1012658227848101,0.1148325358851674,0.1329787234042553,0.1325301204819277,0.1740614334470989,0.1969111969111969,0.2742610728315309,0.33530572925789,,0,0,0,0,0,0,1
150,31,0.0888888888888888,0.0929368029739777,0.1,0.0944206008583691,0.1294642857142857,0.1395352623049752,0.1444141689373297,0.1743119266055046,0.2521739130434782,0.3320893016258233,,1,0,0,0,0,0,0
151,52,0.0851851851851851,0.0780669144981412,0.0857142857142857,,,,,,,,,1,0,0,0,0,0,0
152,44,0.0851851851851851,0.0855018587360594,0.0857142857142857,0.0901287553648068,,,,,,,,1,0,0,0,0,0,0
153,35,0.0962962962962963,0.0817843866171003,0.0892857142857143,0.0944206008583691,0.1071428571428571,0.1434104666175451,0.1389645776566757,,,,,1,0,0,0,0,0,0
154,20,0.0851851851851851,0.0966542750929368,0.0892857142857143,0.111587982832618,0.1160714285714285,0.1085266510413012,0.1416893732970027,0.1712538226299694,,,,1,0,0,0,0,0,0
155,47,0.074074074074074,0.0743494423791821,0.0857142857142857,0.0944206008583691,0.09375,0.116279385254146,0.1280653950953678,0.1559633027522936,,,,1,0,0,0,0,0,0
156,55,0.074074074074074,0.0631970260223048,,,,,,,,,,0,0,0,0,0,1,0
157,37,0.0777777777777777,0.0892193308550185,0.0928571428571428,0.1158798283261802,0.1205357142857143,0.1317829156900813,0.1444141689373297,0.1681957186544342,0.2478260869565217,0.3320893016258233,,0,0,0,0,0,1,0
158,35,0.074074074074074,0.0780669144981412,0.0857142857142857,0.0987124463519313,0.0848214285714285,,,,,,,0,0,0,1,0,0,0
159,67,0.0851851851851851,0.070631970260223,0.0857142857142857,0.0858369098712446,0.0982142857142857,0.0930235082033168,,,,,,0,0,0,1,0,0,0
160,31,0.0962962962962963,0.0966542750929368,0.1035714285714285,0.1030042918454935,0.1294642857142857,0.151162813232439,0.1471389645776566,0.1681957186544342,0.2434782608695652,0.3358213967483534,,0,0,0,1,0,0,0
161,33,0.0777777777777777,0.0929368029739777,0.0964285714285714,0.111587982832618,0.1205357142857143,0.1162789976561951,0.1553133514986376,0.1620795107033639,0.2565217391304348,,,0,0,0,0,0,0,1
162,36,0.0867992766726944,0.092391304347826,0.0917266187050359,0.1228615863141524,0.1271091113610798,0.1216814159292035,0.1384293260352406,0.1469193195013584,,,,1,0,0,0,0,0,0
163,28,0.081374321880651,0.0942028985507246,0.0917266187050359,0.1104199066874028,0.1316085489313835,0.1327433628318584,,,,,,1,0,0,0,0,0,0
164,61,0.0687160940325497,0.0760869565217391,0.0863309352517985,0.093312597200622,0.1181102362204724,0.1216814159292035,0.1157024007920684,0.127962327890669,,,,1,0,0,0,0,0,0
165,36,0.077757685352622,0.0797101449275362,0.0971223021582733,0.1166407465007776,0.1158605174353206,0.1194690265486725,0.1487607608782339,0.1421801970519487,0.1922770048446911,0.3331212530739241,,1,0,0,0,0,0,0
166,30,0.0795660036166365,0.0887681159420289,0.0917266187050359,0.1073094867807153,0.1271091113610798,0.1327433628318584,0.1363640308050477,0.1469193195013584,0.2029153253517561,,,0,0,0,0,0,1,0
167,43,0.0886075949367088,0.0815217391304347,0.0899280575539568,0.1119751166407465,0.1259842519685039,0.1172566371681416,0.142561982617305,0.1458037890899821,0.1914897691271683,,,0,0,0,0,0,1,0
168,20,0.0795660036166365,0.0905797101449275,0.0953237410071942,0.1228615863141524,0.1271091113610798,0.1238938053097345,0.1570244211450198,0.1396711317991905,0.2092203033056099,0.3312148193751337,,0,0,0,0,0,1,0
169,45,0.0614828209764918,,,,,,,,,,,0,0,1,0,0,0,0
170,37,0.077757685352622,0.0833333333333333,0.0917266187050359,,,,,,,,,0,0,0,0,0,1,0
171,35,0.0741410488245931,0.0815217391304347,,,,,,,,,,0,0,0,1,0,0,0
172,36,0.077757685352622,0.0815217391304347,0.0863309352517985,,,,,,,,,0,0,0,1,0,0,0
173,21,0.0705244122965642,0.0652173913043478,0.0809352517985611,0.0995334370139968,,,,,,,,0,0,0,0,0,0,1
174,29,0.0759493670886076,0.0851449275362318,0.0971223021582733,0.1150855365474339,0.1271091113610798,0.1305309734513274,0.1611570777270843,0.1505439151654929,0.2040975973707745,0.3356639275509421,,0,0,0,0,0,0,1
175,41,0.0873362445414847,0.0819672131147541,0.0893618542329433,0.1026785714285714,0.1004784688995215,0.1220159151193634,0.1358695652173913,0.1543408360128617,0.1808510638297872,,,1,0,0,0,0,0,0
176,16,0.1048034934497816,0.1065573770491803,0.1106376351278895,0.1160714285714285,0.138755980861244,0.1352785145888594,0.1630434782608695,0.1864951768488746,0.1950354609929077,0.256410475564509,,1,0,0,0,0,0,0
177,56,0.0917030567685589,0.0614754098360655,,,,,,,,,,0,0,0,0,0,1,0
178,26,0.0786026200873362,0.0737704918032786,0.0978725070170332,0.0803571428571428,0.1004784688995215,0.1061007957559681,,,,,,0,0,0,0,0,1,0
179,18,0.0917030567685589,0.0983606557377049,0.0978725070170332,0.1205357142857142,0.1196172248803827,0.1379310344827586,0.1739130434782608,0.180064308681672,0.2092198581560284,0.2478634597123587,,0,0,0,0,0,1,0
180,28,0.0873362445414847,0.0942622950819672,0.1106376351278895,0.1071428571428571,0.124401913875598,0.1193633952254641,0.1467391304347826,0.1672025723472668,0.2092198581560284,0.2393155891586232,,0,0,0,0,0,1,0
181,50,0.0524017467248908,0.0655737704918032,0.0680852222727187,0.09375,0.0861244019138755,,,,,,,1,0,0,0,0,0,0
182,47,0.074235807860262,0.0819672131147541,0.0765958750568086,0.09375,0.0861244019138755,0.1140583554376657,0.0923913043478261,,,,,1,0,0,0,0,0,0
183,48,0.0786026200873362,0.0737704918032786,0.0638298958806738,,,,,,,,,0,0,0,1,0,0,0
184,26,0.0917030567685589,0.1065573770491803,0.106383159801123,0.1160714285714285,0.1291866028708133,0.143236074270557,0.1576086956521739,0.1768488745980707,0.2056737588652482,0.256410475564509,,0,0,0,1,0,0,0
185,52,0.0786026200873362,0.0737704918032786,0.0893618542329433,0.0803571428571428,,,,,,,,0,0,0,0,0,0,1
186,29,0.0829694323144104,0.0819672131147541,0.0893618542329433,0.0892857142857142,0.1148325358851674,0.1220159151193634,0.1304347826086956,0.135048231511254,,,,0,0,0,0,0,0,1
187,74,0.08203125,0.0714285714285714,0.0627450980392156,0.0759493670886076,,,,,,,,1,0,0,0,0,0,0
188,28,0.0859375,0.0864661654135338,0.1058823529411764,0.0886075949367088,0.1148936170212766,0.1341995989596501,0.128668171557562,0.140625,,,,1,0,0,0,0,0,0
189,39,0.09375,0.093984962406015,0.0980392156862745,0.1139240506329113,0.1106382978723404,0.1385277524770649,0.1218961625282167,0.1302083333333333,0.1777777777777777,,,1,0,0,0,0,0,0
190,43,0.08203125,0.0902255639097744,0.0941176470588235,0.1012658227848101,0.0936170212765957,0.1212121080938808,0.1196388261851015,0.1458333333333333,0.1714285714285714,0.1857142857142857,,1,0,0,0,0,0,0
191,24,0.09375,0.0977443609022556,0.1019607843137254,0.1139240506329113,0.1191489361702127,0.1168830887726018,0.1331828442437923,0.15625,0.1841269841269841,0.2142857142857142,0.2590965542177513,1,0,0,0,0,0,0
192,27,0.10546875,0.0902255639097744,0.0941176470588235,0.1139240506329113,0.1106382978723404,0.1385281853789969,0.1331828442437923,0.1458333333333333,0.1619047619047619,0.2257142857142857,0.2736538357406239,1,0,0,0,0,0,0
193,41,0.06640625,0.0676691729323308,,,,,,,,,,0,0,0,0,0,1,0
194,56,0.0703125,0.0789473684210526,0.0941176470588235,0.0886075949367088,0.1021276595744681,0.1038960308087647,0.1128668171557562,0.125,0.1333333333333333,0.1714285714285714,0.2227077172456798,1,0,0,0,0,0,0
195,31,0.0859375,0.093984962406015,0.1019607843137254,0.1012658227848101,0.1191489361702127,,,,,,,0,0,0,1,0,0,0
196,25,0.08984375,0.075187969924812,0.0980392156862745,0.1012658227848101,0.1148936170212766,0.129870579638371,0.1218961625282167,,,,,0,0,0,0,0,0,1
197,27,0.08984375,0.0902255639097744,0.0862745098039215,0.1012658227848101,0.1148936170212766,0.1168826558706696,0.128668171557562,0.15625,0.1714285714285714,0.2028571428571428,0.2445418927959448,0,0,0,0,0,0,1
198,57,0.0546875,0.0639097744360902,0.0627450980392156,,,,,,,,,0,0,0,0,0,0,1
199,76,0.0572519083969465,0.0614754098360655,,,,,,,,,,1,0,0,0,0,0,0
200,39,0.0916030534351145,0.0983606557377049,0.1157556270096463,0.1077441077441077,0.1211180124223602,0.1276595744680851,0.1422924901185771,0.168141592920354,,,,1,0,0,0,0,0,0
201,23,0.0801526717557252,0.1024590163934426,0.1157556270096463,0.1178451178451178,0.124223602484472,0.1241134751773049,0.1383399209486166,0.1592920353982301,0.1989528795811518,0.2529075649013137,,1,0,0,0,0,0,0
202,37,0.0954198473282442,0.0860655737704918,0.1028938906752411,0.0942760942760942,0.108695652173913,0.1134751773049645,0.1462450592885375,0.1592920353982301,0.1884816753926701,0.2267429691696957,,1,0,0,0,0,0,0
203,33,0.0763358778625954,0.0860655737704918,,,,,,,,,,0,0,0,0,0,1,0
204,64,0.0687022900763358,,,,,,,,,,,0,0,0,0,0,1,0
205,26,0.1030534351145038,0.1024590163934426,0.1157556270096463,0.1111111111111111,0.1149068322981366,0.1276595744680851,0.1403162055335968,0.1769911504424778,0.1989528795811518,,,0,0,0,0,0,1,0
206,34,0.0916030534351145,0.0983606557377049,0.1157556270096463,0.1144781144781144,0.1149068322981366,0.1347517730496454,0.1482213438735178,0.1769911504424778,0.2041884816753926,0.2587209505138384,,0,0,0,0,0,1,0
207,27,0.0916030534351145,0.1024590163934426,0.1254019292604501,0.1313131313131313,0.1118012422360248,0.1418439716312056,0.1541501976284585,0.1592920353982301,0.2094240837696335,0.2616285154151521,,0,0,0,0,0,1,0
208,55,0.0801526717557252,0.0860655737704918,0.0964630225080385,0.1111111111111111,0.0869565217391304,0.1134751773049645,,,,,,1,0,0,0,0,0,0
209,17,0.0839694656488549,0.0901639344262295,0.112540192926045,0.1043771043771043,0.1055900621118012,,,,,,,0,0,0,1,0,0,0
210,46,0.0801526717557252,0.0860655737704918,0.0996784565916398,0.1077441077441077,0.1118012422360248,0.1170212765957446,0.1304347826086956,,,,,0,0,0,0,0,0,1
211,42,0.0672043010752688,0.0856353591160221,0.0821529745042493,0.090625,0.106060606060606,0.0955631399317406,0.1141199226305609,,,,,1,0,0,0,0,0,0
212,33,0.0806451612903225,0.0828729281767955,0.0906515580736544,0.075,0.0909090909090909,0.1092150170648464,,,,,,1,0,0,0,0,0,0
213,53,0.086021505376344,0.0966850828729281,0.0878186968838526,0.121875,0.1287878787878787,0.1092150170648464,0.1353965183752417,0.1290322580645161,0.1635514018691588,,,1,0,0,0,0,0,0
214,25,0.0779569892473118,0.0939226519337016,0.1133144475920679,0.1125,0.125,0.1126279863481228,0.1295938104448742,0.1733870967741935,0.1799065420560747,0.2136986301369863,0.2494662035526728,1,0,0,0,0,0,0
215,42,0.0967741935483871,0.0883977900552486,0.0906515580736544,0.125,0.1287878787878787,0.1331058020477815,0.1315280464216634,0.1653225806451612,0.1799065420560747,0.2054794520547945,0.2558640849980489,1,0,0,0,0,0,0
216,32,0.0591397849462365,,,,,,,,,,,0,0,0,0,0,1,0
217,51,0.0833333333333333,0.0773480662983425,0.0736543909348441,,,,,,,,,0,0,0,0,0,1,0
218,76,0.0725806451612903,0.0773480662983425,0.0963172804532577,0.0875,0.0871212121212121,0.0955631399317406,0.11605415860735,0.1169354838709677,0.1331775700934579,0.1698630136986301,,1,0,0,0,0,0,0
219,72,0.053763440860215,0.0773480662983425,0.0821529745042493,0.090625,,,,,,,,0,0,1,0,0,0,0
220,51,0.0672043010752688,0.0662983425414364,0.0793201133144475,0.078125,0.0757575757575757,0.1023890784982935,0.1083172147001934,0.1008064516129032,,,,0,0,0,0,0,1,0
221,50,0.0779569892473118,0.0773480662983425,,,,,,,,,,0,0,0,0,0,0,1
222,18,0.086021505376344,0.0911602209944751,0.1133144475920679,0.103125,0.1212121212121212,0.1228668941979522,0.1450676982591876,0.1612903225806451,0.1728971962616822,0.2082191780821917,0.2430708807481465,0,1,0,0,0,0,0
223,17,0.0913978494623656,0.0856353591160221,0.0906515580736544,0.115625,0.1363636363636363,0.1194539249146757,0.1199226305609284,0.1532258064516129,0.1705607476635514,0.2027397260273972,0.2515988307011315,0,0,0,0,0,0,1
224,68,0.0786163522012578,0.0806916426512968,0.0798722044728434,0.0861538461538461,0.0989399293286219,,,,,,,1,0,0,0,0,0,0
225,14,0.0786163522012578,0.0922190201729106,0.1022364217252396,0.12,0.1201413427561837,0.1289752650176678,0.1535433070866141,,,,,1,0,0,0,0,0,0
226,23,0.0974842767295597,0.0922190201729106,0.108626198083067,0.1046153846153846,0.1342756183745583,0.1342756183745583,0.1456692913385826,0.1843971631205673,0.2547770700636942,0.3448275862068966,,1,0,0,0,0,0,0
227,26,0.10062893081761,0.0922190201729106,0.1054313099041533,0.1076923076923077,0.1378091872791519,0.1254416961130742,0.1456692913385826,0.1891252955082742,0.2484076433121019,0.3448275862068966,,1,0,0,0,0,0,0
228,25,0.0943396226415094,0.0979827089337175,0.108626198083067,0.1107692307692307,0.1342756183745583,0.1289752650176678,0.1614173228346456,0.1796690307328605,0.2547770700636942,,,0,0,0,0,0,1,0
229,25,0.0817610062893081,0.0806916426512968,0.0766773162939297,0.0923076923076923,,,,,,,,0,0,0,0,0,1,0
230,52,0.0880503144654088,0.0806916426512968,0.0926517571884984,0.1046153846153846,0.0848056537102473,0.1183745583038869,0.1220472440944882,0.1465721040189125,,,,0,0,0,0,1,0,0
231,21,0.0691823899371069,0.0749279538904899,0.0702875399361022,,,,,,,,,0,0,1,0,0,0,0
232,33,0.0817610062893081,0.0778097982708933,0.0958466453674121,0.0984615384615384,0.0989399293286219,0.1201413427561837,0.1496062992125984,0.1489361702127659,0.2420382165605095,0.3103448275862069,,0,0,0,0,1,0,0
233,39,0.0691823899371069,0.0893371757925072,,,,,,,,,,0,0,0,1,0,0,0
234,70,0.0786163522012578,0.0806916426512968,0.0702875399361022,0.0923076923076923,0.0954063604240282,0.1201413427561837,,,,,,0,0,0,1,0,0,0
235,33,0.0817610062893081,0.0605187319884726,0.0894568690095846,0.083076923076923,0.0954063604240282,0.1236749116607773,0.1220472440944882,0.1513002364066193,,,,0,0,0,0,0,0,1
236,71,0.06,0.0609981515711645,0.081967213114754,0.0677966101694915,,,,,,,,1,0,0,0,0,0,0
237,27,0.088,0.0850277264325323,0.1180327868852459,0.0889830508474576,0.132890365448505,0.0958466453674121,0.1244343891402714,0.1391746572412079,0.182370820668693,,,1,0,0,0,0,0,0
238,26,0.092,0.0831792975970425,0.101639344262295,0.1059322033898305,0.1295681063122923,0.121405750798722,0.1266968325791855,0.149483967476188,0.1641337386018237,0.2658227848101265,0.2542375035911047,1,0,0,0,0,0,0
239,43,0.06,0.0683918669131238,,,,,,,,,,0,0,0,0,0,1,0
240,22,0.088,0.0831792975970425,0.1081967213114754,0.1016949152542372,0.0963455149501661,0.0958466453674121,0.1199095022624434,0.1288663779372513,0.155015197568389,0.240506329113924,0.2372874892266857,0,0,0,0,1,0,0
241,62,0.052,0.055452865064695,,,,,,,,,,0,0,0,1,0,0,0
242,31,0.084,0.0813308687615526,0.0950819672131147,0.097457627118644,0.1196013289036544,0.1277955271565495,0.1266968325791855,0.1237106918887378,,,,0,0,0,1,0,0,0
243,38,0.092,0.0905730129390018,0.1081967213114754,0.1144067796610169,0.0963455149501661,0.1277955271565495,0.1221719457013574,0.1443303432897215,0.1489361702127659,,,0,0,0,1,0,0,0
244,35,0.096,0.0831792975970425,0.1180327868852459,0.1144067796610169,0.1162790697674418,0.1246006389776357,0.1221719457013574,0.1701036188771718,0.1671732522796352,0.2278481012658227,0.2542375035911047,0,0,0,1,0,0,0
245,15,0.084,0.0831792975970425,0.0983606557377049,0.1144067796610169,0.0996677740863787,0.1022364217252396,0.1266968325791855,,,,,0,1,0,0,0,0,0
246,17,0.096,0.088724584103512,0.1049180327868852,0.1186440677966101,0.1229235880398671,0.1277955271565495,0.1312217194570135,0.1443303432897215,0.182370820668693,0.2658227848101265,0.2542375035911047,0,0,0,0,0,0,1
247,37,0.048,0.0683918669131238,,,,,,,,,,0,0,0,0,0,0,1
248,68,0.06,0.0683918669131238,0.0655737704918032,0.0762711864406779,0.0863787375415282,0.0766773162939297,,,,,,0,0,0,0,0,0,1
249,30,0.0675105485232067,0.0635593220338983,0.0759493670886076,,,,,,,,,1,0,0,0,0,0,0
250,46,0.0843881856540084,0.0805084745762711,0.0928270042194092,0.1003134796238244,0.1014492753623188,0.105726872246696,0.1214953271028037,,,,,1,0,0,0,0,0,0
251,34,0.0843881856540084,0.0889830508474576,0.0970464135021097,0.0846394984326018,0.1268115942028985,0.1101321585903083,0.1191588785046729,0.1775147928994082,,,,1,0,0,0,0,0,0
252,53,0.0632911392405063,0.0847457627118644,0.0843881856540084,0.0752351097178683,0.1014492753623188,0.092511013215859,,,,,,0,0,0,0,0,1,0
253,27,0.0886075949367088,0.0847457627118644,0.0843881856540084,0.1003134796238244,0.1050724637681159,0.105726872246696,0.1214953271028037,,,,,0,0,0,0,0,1,0
254,27,0.0886075949367088,0.0805084745762711,0.0843881856540084,0.109717868338558,0.0942028985507246,0.118942731277533,0.1214953271028037,0.1597633136094674,0.1916376306620208,,,0,0,0,0,0,1,0
255,22,0.0886075949367088,0.1016949152542372,0.0970464135021097,0.1128526645768025,0.1123188405797101,0.1233480176211453,0.1285046728971962,0.165680473372781,0.205574912891986,0.3409969701010119,,0,0,0,0,0,1,0
256,72,0.0548523206751054,0.0550847457627118,,,,,,,,,,0,0,0,0,0,0,1
257,26,0.0970464135021097,0.0847457627118644,0.1054852320675105,0.1065830721003134,0.1340579710144927,0.1101321585903083,0.1308411214953271,0.1715976331360946,0.1986062717770034,0.3333325670462853,,0,0,1,0,0,0,0
258,35,0.0970464135021097,0.0889830508474576,0.0886075949367088,0.1128526645768025,0.1159420289855072,0.105726872246696,0.1285046728971962,0.1775147928994082,0.1951219512195122,0.3256704628527027,,0,0,0,0,0,0,1
259,42,0.0970464135021097,0.1016949152542372,0.1012658227848101,0.109717868338558,0.108695652173913,0.1277533039647577,0.1285046728971962,0.1479289940828402,0.2090592334494773,,,0,0,0,1,0,0,0
260,52,0.0886075949367088,0.0847457627118644,0.0886075949367088,0.0877742946708464,,,,,,,,0,0,0,0,0,0,1
261,21,0.0666666666666666,0.0681818181818181,,,,,,,,,,1,0,0,0,0,0,0
262,60,0.0666666666666666,0.0738636363636363,0.0861538461538461,0.0919540229885057,0.1043478260869565,0.101639344262295,0.1197822141560798,,,,,1,0,0,0,0,0,0
263,64,0.0818181818181818,0.0767045454545454,0.0861538461538461,0.0804597701149425,0.117391304347826,0.1114754098360655,0.1161524500907441,0.1144279745551985,0.158590308370044,,,1,0,0,0,0,0,0
264,32,0.0727272727272727,0.0681818181818181,0.0769230769230769,0.0842911877394636,0.1043478260869565,0.0983606557377049,0.1197822141560798,0.1293533625406592,,,,0,0,0,0,0,1,0
265,30,0.0787878787878787,0.0795454545454545,0.0984615384615384,0.0881226053639846,0.1043478260869565,0.121311475409836,0.1343012704174228,0.1492538798546068,0.1629955947136563,0.1911262798634812,0.2519161626669803,0,0,0,0,0,1,0
266,16,0.0939393939393939,0.0909090909090909,0.0953846153846153,0.1149425287356321,0.108695652173913,0.121311475409836,0.1252268602540834,0.1641792678400675,0.1762114537444934,0.204778156996587,0.2584885858282496,0,0,0,0,0,1,0
267,32,0.0727272727272727,0.0681818181818181,0.0769230769230769,0.0919540229885057,0.1043478260869565,0.0918032786885245,,,,,,0,0,1,0,0,0,0
268,66,0.0606060606060606,0.0625,0.0707692307692307,,,,,,,,,0,0,0,0,1,0,0
269,29,0.0939393939393939,0.0823863636363636,0.0892307692307692,0.10727969348659,0.1260869565217391,0.1245901639344262,0.1343012704174228,0.1741285314711756,0.158590308370044,0.2013651877133105,0.2562975590489603,0,0,0,0,0,1,0
270,57,0.0787878787878787,0.0852272727272727,0.0769230769230769,0.0689655172413793,,,,,,,,0,0,0,1,0,0,0
271,48,0.0757575757575757,0.0738636363636363,0.0707692307692307,0.0881226053639846,,,,,,,,0,0,0,1,0,0,0
272,32,0.0818181818181818,0.0823863636363636,0.08,0.0881226053639846,0.1130434782608695,0.1311475409836065,0.1252268602540834,0.1492538798546068,0.1762114537444934,0.1979522184300341,0.2332976924558098,0,0,0,1,0,0,0
273,36,0.0757575757575757,0.0880681818181818,0.0923076923076923,0.0957854406130268,0.117391304347826,0.0983606557377049,0.1252268602540834,0.1194031038836854,0.1674008810572687,0.204778156996587,,0,0,0,0,0,0,1
274,66,0.0695364238410596,0.0762195121951219,0.0761904761904762,,,,,,,,,1,0,0,0,0,0,0
275,64,0.0662251655629139,0.0670731707317073,0.0761904761904762,0.0858895705521472,,,,,,,,1,0,0,0,0,0,0
276,30,0.0927152317880794,0.0914634146341463,0.1047619047619047,0.107361963190184,0.1118421052631579,0.137546468401487,,,,,,1,0,0,0,0,0,0
277,47,0.0927152317880794,0.0853658536585365,0.1047619047619047,0.1012269938650306,0.1184210526315789,0.1245353159851301,0.1422924901185771,,,,,0,0,0,0,0,1,0
278,29,0.0728476821192053,0.0853658536585365,0.0761904761904762,0.0981595092024539,0.0986842105263157,0.1171003717472119,0.1225296442687747,0.166189111747851,,,,0,0,0,0,0,1,0
279,20,0.1059602649006622,0.0884146341463414,0.1015873015873015,0.1104294478527607,0.125,0.1282527881040892,0.1541501976284585,0.2063037249283667,0.264026402640264,,,0,0,0,0,0,1,0
280,40,0.0927152317880794,0.0823170731707317,0.0984126984126984,0.0950920245398773,0.0953947368421052,0.1152416356877323,0.1264822134387351,0.1862464183381088,0.231023102310231,0.3150292500591764,,0,0,0,0,0,1,0
281,32,0.1026490066225165,0.0975609756097561,0.0888888888888888,0.1196319018404908,0.1052631578947368,0.1301115241635687,0.1541501976284585,0.2148997134670487,0.2541254125412541,0.3439307536171316,,0,0,0,0,0,1,0
282,46,0.0562913907284768,0.0670731707317073,,,,,,,,,,1,0,0,0,0,0,0
283,45,0.0794701986754966,0.0853658536585365,0.0825396825396825,0.0920245398773006,0.1052631578947368,,,,,,,0,0,0,1,0,0,0
284,20,0.0894039735099337,0.0975609756097561,0.1079365079365079,0.0981595092024539,0.1282894736842105,0.1338289962825278,0.1660079051383399,0.2263610315186246,0.2508250825082508,0.341039996323692,,0,0,0,1,0,0,0
285,36,0.0794701986754966,0.0762195121951219,0.0825396825396825,0.0920245398773006,0.1118421052631579,0.1133828996282527,0.1343873517786561,,,,,0,0,0,0,0,0,1
286,21,0.0753138075313807,0.0822669104204753,0.0778688524590164,0.0885608856088561,0.0919540229885057,,,,,,,1,0,0,0,0,0,0
287,31,0.0794979079497907,0.0877513711151736,0.0860655737704918,0.0885608856088561,0.1111111111111111,0.1013071895424836,0.1395348837209302,0.1693290734824281,0.1888888888888888,0.2486669433277468,,1,0,0,0,0,0,0
288,23,0.0920502092050209,0.0877513711151736,0.1024590163934426,0.1070110701107011,0.1149425287356321,0.1274509803921568,0.1255813953488372,0.1916932907348243,0.2148148148148148,0.2557729554628947,,1,0,0,0,0,0,0
289,43,0.0753138075313807,0.0694698354661791,0.0860655737704918,0.084870848708487,,,,,,,,0,0,0,0,0,1,0
290,33,0.0836820083682008,0.0712979890310786,0.0860655737704918,0.0885608856088561,0.1034482758620689,0.1176470588235294,0.1116279069767441,,,,,0,0,0,0,0,1,0
291,43,0.0627615062761506,0.0712979890310786,0.0860655737704918,0.0885608856088561,0.0957854406130268,0.1209150326797385,0.113953488372093,0.1629392971246006,,,,0,0,0,0,0,1,0
292,22,0.0794979079497907,0.0804387568555758,0.0901639344262295,0.0996309963099631,0.1034482758620689,0.1013071895424836,0.1325581395348837,0.1533546325878594,0.2074074074074074,,,0,0,0,0,0,1,0
293,68,0.0585774058577405,0.0621572212065813,,,,,,,,,,0,0,0,0,1,0,0
294,31,0.0920502092050209,0.0822669104204753,0.110655737704918,0.0959409594095941,0.10727969348659,0.130718954248366,0.1186046511627906,0.1725239616613418,0.2111111111111111,0.2557729554628947,,0,0,0,1,0,0,0
295,47,0.0711297071129707,0.0749542961608775,,,,,,,,,,0,0,0,1,0,0,0
296,43,0.0753138075313807,0.0694698354661791,0.0860655737704918,0.081180811808118,0.0842911877394636,0.0849673202614379,,,,,,0,0,0,1,0,0,0
297,39,0.0669456066945606,0.0749542961608775,0.0942622950819672,0.0885608856088561,0.0957854406130268,0.0980392156862745,0.1325581395348837,0.1501597444089457,0.1777777777777777,0.2397871457464638,,0,0,0,0,0,0,1
298,36,0.0878661087866108,0.0859232175502742,0.0942622950819672,0.0885608856088561,0.0919540229885057,0.1176470588235294,0.1255813953488372,,,,,0,0,0,0,0,0,1
299,27,0.0904761904761904,,,,,,,,,,,0,0,0,0,0,1,0
300,44,0.0857142857142857,,,,,,,,,,,0,0,0,0,0,1,0
301,71,0.0809523809523809,0.1102803738317757,,,,,,,,,,0,0,0,0,0,1,0
302,21,0.0952380952380952,0.1308411214953271,,,,,,,,,,0,0,0,0,0,1,0
303,37,0.1,0.1177570093457943,0.1374407582938388,,,,,,,,,0,0,0,0,0,1,0
304,29,0.1,0.1233644859813084,0.1563981042654028,,,,,,,,,0,0,0,0,0,1,0
305,25,0.1095238095238095,0.1383177570093458,0.1658767772511848,,,,,,,,,0,0,0,0,0,1,0
306,47,0.1095238095238095,0.1233644859813084,0.1658767772511848,0.3274853801169591,,,,,,,,0,0,0,0,0,1,0
307,30,0.1142857142857142,0.1177570093457943,0.1800947867298578,0.3333333333333333,,,,,,,,0,0,0,0,0,1,0
308,28,0.1142857142857142,0.1383177570093458,0.1943127962085308,0.3391812865497076,,,,,,,,0,0,0,0,0,1,0
309,39,0.0862745098039215,0.0961182994454713,0.1107011070110701,0.1034482758620689,0.1306306306306306,0.131004366812227,0.128735632183908,0.1863354037267081,,,,1,0,0,0,0,0,0
310,27,0.0705882352941176,0.088724584103512,0.0996309963099631,0.1034482758620689,0.1081081081081081,0.1266375545851528,0.135632183908046,0.1801242236024844,0.2597402597402597,,,1,0,0,0,0,0,0
311,52,0.0764705882352941,0.0757855822550831,0.081180811808118,,,,,,,,,1,0,0,0,0,0,0
312,58,0.0705882352941176,0.0794824399260628,0.077490774907749,0.0905172413793103,0.1081081081081081,0.0829694323144104,0.1241379310344827,,,,,1,0,0,0,0,0,0
313,17,0.0784313725490196,0.0961182994454713,0.0996309963099631,0.125,0.1216216216216216,0.131004366812227,0.1333333333333333,0.170807453416149,0.2597402597402597,,,1,0,0,0,0,0,0
314,46,0.0705882352941176,0.0683918669131238,,,,,,,,,,0,0,0,0,0,1,0
315,50,0.0784313725490196,0.0850277264325323,0.0885608856088561,0.1120689655172413,0.1126126126126126,0.1048034934497816,,,,,,0,0,0,0,0,1,0
316,36,0.0901960784313725,0.0868761552680221,0.0959409594095941,0.0948275862068965,0.1171171171171171,0.1135371179039301,0.1218390804597701,,,,,0,0,0,0,0,1,0
317,34,0.0686274509803921,,,,,,,,,,,1,0,0,0,0,0,0
318,38,0.0784313725490196,0.0720887245841035,0.084870848708487,0.0862068965517241,0.0945945945945946,0.0960698689956331,0.1218390804597701,0.139751552795031,0.2337662337662337,,,0,0,0,0,0,0,1
319,25,0.0901960784313725,0.0961182994454713,0.0996309963099631,0.1120689655172413,,,,,,,,0,0,0,1,0,0,0
320,21,0.0862745098039215,0.0905730129390018,0.0959409594095941,0.1077586206896552,0.1306306306306306,0.1179039301310043,0.1264367816091954,0.1801242236024844,0.2467532467532467,,,0,1,0,0,0,0,0
321,32,0.0549019607843137,0.0646950092421441,0.066420664206642,0.0646551724137931,0.0765765765765765,0.0960698689956331,0.1080459770114942,0.1428571428571428,,,,0,0,0,0,0,0,1
322,55,0.0761421319796954,0.0958904109589041,0.1212121212121212,0.0921985815602836,0.1116279069767441,0.1184210526315789,0.1188118811881188,0.1347145480395774,,,,1,0,0,0,0,0,0
323,42,0.1065989847715735,0.091324200913242,0.1161616161616161,0.0992907801418439,0.1209302325581395,0.1184210526315789,0.1336633663366336,0.1658027598041857,0.1726618705035971,0.1854545454545454,,1,0,0,0,0,0,0
324,41,0.0812182741116751,0.091324200913242,0.101010101010101,0.1134751773049645,0.1209302325581395,0.1140350877192982,0.1262376237623762,0.1554400225493162,0.1774580335731415,0.2072727272727272,0.2521367521367521,1,0,0,0,0,0,0
325,44,0.0761421319796954,0.0684931506849315,,,,,,,,,,0,0,0,0,0,1,0
326,39,0.0558375634517766,0.0547945205479452,0.0606060606060606,0.0709219858156028,,,,,,,,0,0,0,0,0,1,0
327,21,0.0913705583756345,0.0821917808219178,0.1161616161616161,0.1099290780141844,0.1116279069767441,0.1184210526315789,,,,,,0,0,1,0,0,0,0
328,48,0.0609137055837563,0.0730593607305936,0.0757575757575757,0.0744680851063829,0.0883720930232558,0.0921052631578947,0.1039603960396039,0.1036273725486945,0.1199040767386091,,,0,0,0,0,1,0,0
329,75,0.0862944162436548,0.0684931506849315,,,,,,,,,,0,0,0,1,0,0,0
330,24,0.0964467005076142,0.0867579908675799,0.101010101010101,0.1134751773049645,0.1069767441860465,0.1140350877192982,0.1336633663366336,0.1243528470584334,0.1678657074340527,0.1963636363636363,0.2435897435897435,0,0,0,1,0,0,0
331,26,0.0812182741116751,0.091324200913242,0.1212121212121212,0.1134751773049645,0.1255813953488372,0.1096491228070175,0.1336633663366336,0.1554410588230417,0.1918465227817745,0.2145454545454545,0.2564102564102564,0,0,0,1,0,0,0
332,38,0.0862944162436548,0.0867579908675799,0.0808080808080808,0.0992907801418439,0.0976744186046511,0.1096491228070175,0.1212871287128712,,,,,0,0,0,0,0,0,1
333,24,0.1015228426395939,0.1095890410958904,0.106060606060606,0.1134751773049645,0.1162790697674418,0.1052631578947368,0.1287128712871287,0.160621391176751,0.1702637889688249,0.1963636363636363,0.2478632478632478,0,0,0,0,0,0,1
334,51,0.0692307692307692,0.0659340659340659,0.0533807829181494,0.0697674418604651,,,,,,,,1,0,0,0,0,0,0
335,41,0.0692307692307692,0.0732600732600732,0.0711743772241992,0.0697674418604651,0.0662020905923344,,,,,,,1,0,0,0,0,0,0
336,39,0.0499999999999999,0.0659340659340659,0.0782918149466192,0.0730897009966777,0.0662020905923344,0.0895522388059701,0.1,0.1216218407600734,,,,1,0,0,0,0,0,0
337,18,0.0807692307692307,0.0549450549450549,0.0640569395017793,0.0930232558139535,0.0836236933797909,0.0671641791044776,0.1038461538461538,0.1216209398575492,0.1502586539218815,0.1637931034482758,,1,0,0,0,0,0,0
338,48,0.0807692307692307,0.0769230769230769,0.0676156583629893,0.079734219269103,0.0836236933797909,0.1007462686567164,0.1,0.1306299650990362,0.1347145480395774,0.1666666666666666,0.2531645569620253,1,0,0,0,0,0,0
339,56,0.0461538461538461,0.0549450549450549,,,,,,,,,,0,0,0,0,0,1,0
340,36,0.0653846153846153,0.0659340659340659,0.0782918149466192,0.0730897009966777,0.073170731707317,0.0783582089552238,,,,,,0,0,0,0,0,1,0
341,36,0.0692307692307692,0.0659340659340659,0.0854092526690391,0.079734219269103,0.1010452961672473,0.0820895522388059,0.1038461538461538,0.1351353786223038,0.1554410588230417,0.1637931034482758,,0,0,0,0,0,1,0
342,35,0.0769230769230769,0.0769230769230769,0.0854092526690391,0.079734219269103,0.0905923344947735,0.0970149253731343,0.1153846153846153,0.1351353786223038,0.1502586539218815,0.1724137931034483,0.2531645569620253,0,0,0,0,1,0,0
343,42,0.0692307692307692,0.0695970695970696,0.0747330960854092,0.079734219269103,0.0836236933797909,0.1007462686567164,0.1,0.1216218407600734,0.1295331794121426,,,0,0,0,1,0,0,0
344,45,0.0615384615384615,0.0659340659340659,0.0640569395017793,0.0697674418604651,0.0836236933797909,0.0895522388059701,0.1038461538461538,0.108108302897843,0.1243528470584334,0.160919540229885,0.240506329113924,0,0,0,1,0,0,0
345,35,0.0769230769230769,0.0805860805860805,0.0818505338078291,0.0830564784053156,0.0940766550522648,0.1007462686567164,0.0923076923076923,0.1261263533808169,0.1554410588230417,0.1724137931034483,0.2531645569620253,0,0,0,0,0,0,1
346,59,0.0423076923076923,0.0586080586080586,0.0427046263345195,,,,,,,,,0,0,0,0,0,0,1
347,48,0.073076923076923,0.0586080586080586,0.0747330960854092,0.079734219269103,0.0905923344947735,0.1007462686567164,0.0846153846153846,,,,,0,0,0,0,0,0,1
348,41,0.0692307692307692,0.0659340659340659,0.0782918149466192,0.0697674418604651,0.0836236933797909,0.0932835820895522,0.0961538461538461,,,,,0,0,0,0,0,0,1
349,75,0.0355191256830601,0.0389610389610389,,,,,,,,,,1,0,0,0,0,0,0
350,48,0.0655737704918032,0.0597402597402597,0.0637583892617449,0.0623501199040767,,,,,,,,1,0,0,0,0,0,0
351,54,0.0710382513661202,0.0701298701298701,0.0771812080536912,0.0875299760191846,0.0935064935064935,0.0934065934065934,0.1162079510703364,0.1363636363636363,0.1592920353982301,,,1,0,0,0,0,0,0
352,29,0.0655737704918032,0.0571428571428571,0.0671140939597315,0.0683453237410072,,,,,,,,0,0,0,0,0,1,0
353,40,0.0655737704918032,0.0675324675324675,0.0738255033557047,0.0779376498800959,0.0831168831168831,0.0934065934065934,0.0978593272171253,,,,,0,0,0,0,0,1,0
354,18,0.0765027322404371,0.0727272727272727,0.0704697986577181,0.0815347721822542,0.0935064935064935,0.0989010989010989,0.1039755351681957,0.1363636363636363,0.165929203539823,,,0,0,0,0,0,1,0
355,31,0.0573770491803278,0.0649350649350649,0.0637583892617449,0.0755395683453237,0.0727272727272727,0.1098901098901098,0.1039755351681957,0.1136363636363636,0.165929203539823,0.2547770700636942,,0,0,0,0,0,1,0
356,34,0.0655737704918032,0.0623376623376623,0.0604026845637583,0.0695443645083932,0.0831168831168831,0.0989010989010989,0.110091743119266,0.1233766233766233,0.1570796460176991,0.2420382165605095,,0,0,0,0,0,1,0
357,47,0.0737704918032786,0.0779220779220779,0.0738255033557047,0.079136690647482,0.0935064935064935,,,,,,,0,0,0,1,0,0,0
358,36,0.0601092896174863,0.0701298701298701,0.0671140939597315,0.0779376498800959,0.0883116883116883,0.1043956043956044,0.1162079510703364,0.1038961038961039,,,,0,0,0,1,0,0,0
359,21,0.0683060109289617,0.0701298701298701,0.0805369127516778,0.0839328537170263,0.0935064935064935,0.0989010989010989,0.128440366972477,0.1168831168831168,,,,0,1,0,0,0,0,0
360,18,0.0792349726775956,0.0805194805194805,0.0805369127516778,0.0839328537170263,0.1038961038961039,0.1098901098901098,0.1192660550458715,0.1331168831168831,0.1769911504424778,0.2547770700636942,,0,1,0,0,0,0,0
361,38,0.0683060109289617,0.0623376623376623,0.0704697986577181,,,,,,,,,0,0,0,0,0,0,1
362,50,0.0710382513661202,0.0623376623376623,0.0704697986577181,0.0707434052757793,0.0935064935064935,0.0879120879120879,,,,,,0,0,0,0,0,0,1
363,39,0.0765027322404371,0.0831168831168831,0.0805369127516778,0.0815347721822542,0.1012987012987013,0.1043956043956044,0.1039755351681957,0.1363636363636363,0.1747787610619469,0.2484076433121019,,0,0,0,0,0,0,1
364,51,0.0471204188481675,,,,,,,,,,,1,0,0,0,0,0,0
365,71,0.0549738219895288,0.0509708737864077,0.0595533498759305,,,,,,,,,1,0,0,0,0,0,0
366,50,0.0732984293193717,0.0679611650485436,0.0694789081885856,0.0780487804878048,0.0891861761426978,,,,,,,1,0,0,0,0,0,0
367,24,0.0602094240837696,0.058252427184466,0.0719602977667493,0.0682926829268292,0.0780379041248606,,,,,,,1,0,0,0,0,0,0
368,39,0.0549738219895288,0.0728155339805825,0.0669975186104218,0.0682926829268292,0.0802675585284281,0.0985507246376811,0.1198156682027649,0.1242038216560509,0.1477272727272727,,,1,0,0,0,0,0,0
369,32,0.0706806282722513,0.0703883495145631,0.0769230769230769,0.0707317073170731,0.0746934225195094,0.0985507246376811,0.1121351766513056,0.1242038216560509,0.1568181818181818,,,1,0,0,0,0,0,0
370,50,0.0759162303664921,0.0776699029126213,0.0818858560794044,0.0878048780487804,0.0914158305462653,0.0985507246376811,0.1167434715821812,0.143312101910828,0.1659090909090909,0.2435897435897435,,1,0,0,0,0,0,0
371,61,0.0523560209424083,0.0631067961165048,0.0620347394540942,0.0609756097560975,,,,,,,,0,0,0,0,0,0,1
372,34,0.0523560209424083,0.0606796116504854,0.064516129032258,0.0756097560975609,0.0802675585284281,0.0927536231884058,,,,,,0,0,0,1,0,0,0
373,32,0.0680628272251308,0.0655339805825242,0.0719602977667493,0.0829268292682926,0.0791527313266443,0.0985507246376811,0.1059907834101382,,,,,0,0,0,1,0,0,0
374,50,0.06282722513089,0.0679611650485436,0.0794044665012407,0.0829268292682926,0.0869565217391304,0.1043478260869565,0.1075268817204301,0.1114649681528662,,,,0,1,0,0,0,0,0
375,18,0.0837696335078534,0.0776699029126213,0.0818858560794044,0.0878048780487804,0.0936454849498327,0.1159420289855072,0.1198156682027649,0.143312101910828,0.1818181818181818,0.2564102564102564,,0,1,0,0,0,0,0
376,50,0.0523560209424083,0.0558252427184466,,,,,,,,,,0,0,0,0,0,0,1
377,34,0.0445026178010471,0.0655339805825242,0.0570719602977667,0.0707317073170731,0.0691192865105908,0.081159420289855,0.0967741935483871,0.0923566878980891,,,,0,0,0,0,0,0,1
378,40,0.0732984293193717,0.0679611650485436,0.0744416873449131,0.0780487804878048,0.0858416945373467,0.1043478260869565,0.1121351766513056,0.1337579617834395,0.1659090909090909,0.2435897435897435,,0,0,0,0,0,0,1
379,31,0.0732984293193717,0.0776699029126213,0.0818858560794044,0.0878048780487804,0.0914158305462653,0.1072463768115942,0.1090629800307219,0.1273885350318471,0.1818181818181818,0.2564102564102564,,0,0,0,0,0,0,1
380,32,0.0649350649350649,0.0672268907563025,,,,,,,,,,1,0,0,0,0,0,0
381,55,0.0735930735930736,0.0756302521008403,0.0804953560371517,0.0875,0.0916666666666666,,,,,,,1,0,0,0,0,0,0
382,68,0.0692640692640692,0.0630252100840336,0.0773993808049535,0.075,0.1,0.0993788819875776,0.1152482269503546,0.1383399209486166,,,,1,0,0,0,0,0,0
383,49,0.0562770562770562,0.0798319327731092,0.0743034055727554,0.075,0.0875,0.0962732919254658,0.1241134751773049,0.1422924901185771,0.1447963800904977,0.1789473684210526,0.1821305841924398,1,0,0,0,0,0,0
384,17,0.0779220779220779,0.1008403361344537,0.0990712074303405,0.1125,0.1166666666666666,0.1304347826086956,0.1312056737588652,0.1581027667984189,0.1855203619909502,0.2105263157894736,0.2061855670103092,1,0,0,0,0,0,0
385,38,0.0779220779220779,0.0630252100840336,0.0681114551083591,0.0875,,,,,,,,0,0,0,0,0,1,0
386,58,0.0519480519480519,,,,,,,,,,,1,0,0,0,0,0,0
387,52,0.0519480519480519,0.0756302521008403,0.0619195046439628,,,,,,,,,0,0,1,0,0,0,0
388,46,0.0909090909090909,0.1008403361344537,0.1052631578947368,0.1,0.1125,0.1211180124223602,0.1276595744680851,0.1304347826086956,0.1945701357466063,0.2,0.2061855670103092,0,0,0,1,0,0,0
389,27,0.0822510822510822,0.088235294117647,0.0835913312693498,0.0916666666666666,0.1,0.1149068322981366,0.1294326241134751,,,,,0,1,0,0,0,0,0
390,26,0.0519480519480519,0.0630252100840336,0.0743034055727554,0.0875,0.075,0.0900621118012422,0.1134751773049645,0.1106719367588932,0.1357466063348416,,,0,0,0,0,0,0,1
391,53,0.0649350649350649,0.0504201680672268,0.0712074303405572,0.0791666666666666,0.1,0.1024844720496894,,,,,,0,0,0,0,0,0,1
392,27,0.0952380952380952,0.088235294117647,0.0990712074303405,0.1,0.1166666666666666,0.1180124223602484,0.1276595744680851,0.1541501976284585,0.171945701357466,0.2070175438596491,0.2027491408934708,0,0,0,0,0,0,1
393,38,0.0909090909090909,0.0840336134453781,0.1052631578947368,0.1041666666666666,0.1,0.1273291925465838,0.1312056737588652,0.1660079051383399,0.167420814479638,0.2035087719298245,0.2027491408934708,0,0,0,0,0,0,1
394,51,0.0688259109311741,0.0736434108527131,,,,,,,,,,1,0,0,0,0,0,0
395,68,0.0607287449392712,0.0581395348837209,0.0723270440251572,,,,,,,,,1,0,0,0,0,0,0
396,74,0.0647773279352226,0.0581395348837209,0.0660377358490566,,,,,,,,,1,0,0,0,0,0,0
397,24,0.0931174089068826,0.0930232558139534,0.1084905660377358,0.1088435374149659,0.1336633663366336,0.1553398058252427,0.1875,0.2071428571428571,0.2061855670103092,,,1,0,0,0,0,0,0
398,38,0.0890688259109311,0.0852713178294573,0.0817610062893081,0.0986394557823129,0.1188118811881188,0.1504854368932038,0.15,,,,,0,0,0,0,0,1,0
399,39,0.0809716599190283,0.0813953488372093,0.0943396226415094,0.1224489795918367,0.1262376237623762,0.1359223300970873,0.159375,0.1928571428571428,0.1924398625429553,,,0,0,0,0,0,1,0
400,26,0.0850202429149797,0.0852713178294573,0.0974842767295597,0.1122448979591836,0.1188118811881188,0.1359223300970873,0.16875,0.1892857142857143,0.2027491408934708,,,0,0,0,0,0,1,0
401,28,0.0728744939271255,0.0813953488372093,0.0880503144654088,0.1088435374149659,0.1287128712871287,0.116504854368932,0.1625,0.2035714285714285,0.1958762886597938,,,0,0,0,0,0,1,0
402,33,0.0728744939271255,0.065891472868217,,,,,,,,,,0,0,0,0,1,0,0
403,27,0.0728744939271255,0.0775193798449612,0.0959119496855346,0.1088435374149659,,,,,,,,0,0,1,0,0,0,0
404,51,0.0769230769230769,0.0813953488372093,0.0880503144654088,0.1088435374149659,0.1188118811881188,,,,,,,0,0,0,0,0,0,1
405,26,0.0769230769230769,0.0736434108527131,0.0974842767295597,0.1088435374149659,0.1262376237623762,0.1504854368932038,,,,,,0,0,0,0,0,0,1
406,29,0.0850202429149797,0.0852713178294573,0.110062893081761,0.1224489795918367,0.1287128712871287,0.1553398058252427,0.171875,0.2071428571428571,0.2027491408934708,,,0,0,0,0,0,0,1
407,54,0.0548780487804878,0.0539568345323741,,,,,,,,,,1,0,0,0,0,0,0
408,44,0.073170731707317,0.0683453237410071,0.0817120622568093,0.0846774193548387,0.0926517571884984,0.1058823529411764,0.1054216867469879,0.1227197346600331,,,,1,0,0,0,0,0,0
409,55,0.073170731707317,0.0755395683453237,0.0817120622568093,0.0967741935483871,0.0958466453674121,0.1058823529411764,0.0963855421686747,0.1243781094527363,0.1333333333333333,0.1656976744186046,0.1963875280869962,1,0,0,0,0,0,0
410,46,0.0609756097560975,0.0647482014388489,,,,,,,,,,0,0,0,0,0,1,0
411,24,0.0609756097560975,0.079136690647482,0.0933852140077821,0.0967741935483871,0.1022364217252396,0.1147058823529411,0.1144578313253012,0.1293532338308457,0.1444444444444444,0.1656976744186046,0.2009031179782509,0,0,0,0,0,1,0
412,59,0.0548780487804878,0.0575539568345323,0.0700389105058365,0.0725806451612903,0.0766773162939297,0.0794117647058823,0.0873493975903614,0.1127694859038142,0.1074074074074074,,,1,0,0,0,0,0,0
413,22,0.0914634146341463,0.079136690647482,0.0856031128404669,0.0887096774193548,0.1118210862619808,0.1058823529411764,0.1234939759036144,0.1260364842454394,0.1555555555555555,0.1715116279069767,0.2009031179782509,0,0,0,0,1,0,0
414,41,0.0853658536585365,0.0755395683453237,0.0856031128404669,0.0927419354838709,,,,,,,,0,0,0,0,1,0,0
415,29,0.0792682926829268,0.0755395683453237,0.0700389105058365,,,,,,,,,0,0,0,1,0,0,0
416,34,0.0609756097560975,0.0647482014388489,0.0856031128404669,0.0846774193548387,0.0958466453674121,0.0823529411764705,,,,,,0,0,0,1,0,0,0
417,24,0.0792682926829268,0.0755395683453237,0.0894941634241245,0.0967741935483871,0.1118210862619808,0.1029411764705882,0.1295180722891566,0.1276948590381426,0.1481481481481481,0.1686046511627907,0.2031609129238783,0,1,0,0,0,0,0
418,26,0.073170731707317,0.079136690647482,0.0739299610894941,0.0927419354838709,0.0926517571884984,0.0941176470588235,0.1024096385542168,,,,,0,0,0,0,0,0,1
419,32,0.0914634146341463,0.079136690647482,0.0933852140077821,0.1008064516129032,0.1054313099041533,0.1147058823529411,0.1265060240963855,0.1310116086235489,0.1555555555555555,0.1686046511627907,,0,0,0,0,0,0,1
420,33,0.0609756097560975,0.0719424460431654,0.0894941634241245,0.0927419354838709,0.1150159744408945,0.0941176470588235,0.1144578313253012,0.1260364842454394,0.1555555555555555,0.1598837209302325,0.1986453230326235,0,0,0,0,0,0,1
