index,celebrity_age_during_season,weeks,elimination_order,score_sum,industry_Actor_Performer,industry_Influencer,industry_Model_Fashion,industry_Music,industry_Others,industry_Sports,industry_TV_Media,celebrity_fame_1,celebrity_fame_1.1,celebrity_fame_1.2,celebrity_fame_1.3,celebrity_fame_1.4,ballroom_fame_1,ballroom_fame_1.1,ballroom_fame_1.2,ballroom_fame_1.3,ballroom_fame_1.4
0,50,6,5.0,48.33333333333333,1,0,0,0,0,0,0,49,72.31288491813308,106.7174147996562,157.49069663608591,232.42054329636488,0,0.0,0.0,0.0,0.0
1,29,6,6.0,42.66666666666666,1,0,0,0,0,0,0,114,183.06079178697712,293.9583639445171,472.0372882112955,757.9957871310279,0,0.0,0.0,0.0,0.0
2,42,3,2.0,15.0,0,0,0,0,0,1,0,47,69.0728926279167,101.5120105529299,149.185706497159,219.24868694676914,12,15.385066247841788,19.725021954206706,25.289230792133658,32.423040924494714
3,35,4,3.0,31.666666666666668,0,0,1,0,0,0,0,24,32.9786114475993,45.316200542155286,62.26939041505117,85.56491798236814,2,2.1435469250725863,2.2973967099940698,2.4622888266898326,2.6390158215457884
4,32,5,4.0,35.16666666666667,0,0,0,1,0,0,0,31,43.70165288902177,61.60756339459819,86.8500758325527,122.43522152965917,0,0.0,0.0,0.0,0.0
5,32,2,1.0,12.333333333333332,0,0,0,0,0,0,1,39,56.25628739463053,81.14794542121189,117.05338818203819,168.84587297651242,0,0.0,0.0,0.0,0.0
6,42,2,2.0,13.333333333333334,1,0,0,0,0,0,0,83,129.11773577858514,200.86011677817484,312.4651022484354,486.0817652065305,17,22.56803847310483,29.959785913149386,39.77256477258468,52.799339527161436
7,39,5,5.0,38.333333333333336,1,0,0,0,0,0,0,123,199.01949622581813,322.02243803234467,521.046694232577,843.0768341162217,0,0.0,0.0,0.0,0.0
8,66,6,6.0,43.33333333333333,1,0,0,0,0,0,0,0,0.0,0.0,0.0,0.0,771,1498.8556724613386,2913.8369998307753,5664.618827268594,11012.251701145025
9,42,7,7.0,56.16666666666667,1,0,0,0,0,0,0,98,155.00606210939196,245.17223765980262,387.7875826346324,613.3614910113748,34,48.37564947394369,68.82951358899608,97.9315418483329,139.33829237934694
10,26,8,8.0,73.38883333333334,0,0,0,0,0,1,0,1098,2211.375909511406,4453.718955525856,8969.80583422967,18065.22088780539,43,62.634743194944704,91.23514081620159,132.89510733435824,193.5779283663287
11,43,8,9.0,60.05553333333334,0,0,0,0,0,1,0,495,920.5888676588002,1712.0886126410317,3184.100438874209,5921.7119546163485,0,0.0,0.0,0.0,0.0
12,44,3,3.0,23.0,0,0,0,0,0,0,1,0,0.0,0.0,0.0,0.0,5,5.873094715440096,6.898648307306074,8.103282983463814,9.518269693579391
13,35,4,4.0,16.666666666666664,0,0,0,1,0,0,0,668,1280.1300981011912,2453.1932156655134,4701.207293160285,9009.216996088777,39,56.25628739463053,81.14794542121189,117.05338818203819,168.84587297651242
14,29,8,10.0,73.1666,0,0,0,1,0,0,0,97,153.2670885632895,242.17320037801238,382.6513541236297,604.6171029002984,123,199.01949622581813,322.02243803234467,521.046694232577,843.0768341162217
15,46,1,1.0,4.333333333333333,0,0,0,0,0,0,1,64,97.00586025666551,147.03338943962046,222.86094420380783,337.7940251578608,0,0.0,0.0,0.0,0.0
16,54,3,3.0,20.0,1,0,0,0,0,0,0,0,0.0,0.0,0.0,0.0,39,56.25628739463053,81.14794542121189,117.05338818203819,168.84587297651242
17,42,4,4.0,32.33333333333333,1,0,0,0,0,0,0,104,165.47663209633416,263.29342086486054,418.9318128638442,666.5713987569286,17,22.56803847310483,29.959785913149386,39.77256477258468,52.799339527161436
18,25,8,8.0,66.5,1,0,0,0,0,0,0,427,782.4753454857504,1433.8821224661442,2627.5817544790098,4815.030307091369,34,48.37564947394369,68.82951358899608,97.9315418483329,139.33829237934694
19,30,9,9.0,77.66666666666667,1,0,0,0,0,0,0,123,199.01949622581813,322.02243803234467,521.046694232577,843.0768341162217,771,1498.8556724613386,2913.8369998307753,5664.618827268594,11012.251701145025
20,32,10,10.0,89.55553333333334,1,0,0,0,0,0,0,369,666.3908154665664,1203.4599429219372,2173.37304266964,3924.975160481497,109,174.24853993250795,278.5555382441356,445.3017965977478,711.8641090502762
21,37,10,11.0,85.88886666666667,0,0,0,0,0,1,0,372,672.3528248377866,1215.2105405036307,2196.3716120437352,3969.7221982557157,123,199.01949622581813,322.02243803234467,521.046694232577,843.0768341162217
22,31,2,2.0,13.333333333333332,0,0,1,0,0,0,0,173,289.6347811475164,484.903505493466,811.8203508165523,1359.1410961841148,0,0.0,0.0,0.0,0.0
23,25,5,5.0,40.66666666666667,0,0,0,1,0,0,0,642,1225.430064047367,2339.0636166217014,4464.7334540928305,8522.147356080051,0,0.0,0.0,0.0,0.0
24,35,5,6.0,35.0,0,0,0,1,0,0,0,476,881.795032597145,1633.5346208256278,3026.1401559233177,5605.9566332687555,43,62.634743194944704,91.23514081620159,132.89510733435824,193.5779283663287
25,62,7,7.0,47.66666666666667,0,0,0,0,0,0,1,330,589.3392062915007,1052.486969916047,1879.6116226741506,3356.754005585037,0,0.0,0.0,0.0,0.0
26,37,1,1.0,4.0,0,0,0,0,0,0,1,750,1454.0099876910579,2818.8600590737965,5464.8675730622745,10594.62937685537,0,0.0,0.0,0.0,0.0
27,59,7,6.0,44.5,1,0,0,0,0,0,0,193,326.6728488261277,552.9282391719064,935.8893424181405,1584.0913869105952,2095,4500.931775704546,9669.874391191814,20774.91404028014,44633.16025843782
28,42,9,8.0,72.83333333333333,1,0,0,0,0,0,0,104,165.47663209633416,263.29342086486054,418.9318128638442,666.5713987569286,288,507.3781218831488,893.8630505752469,1574.7449854917045,2774.274837443356
29,44,5,4.0,26.0,0,0,0,0,0,1,0,133,216.8886397719965,353.68933881313393,576.7759368198303,940.5725442862546,6,7.177387193107894,8.585814486631532,10.270619156458231,12.286035066475314
30,29,10,9.0,87.4444,0,0,0,0,0,1,0,170,284.11477128140115,474.8306074134282,793.5669966039702,1326.2594455094422,11,13.98079776731155,17.769336928223957,22.584500550247288,28.7044849880676
31,24,10,11.0,89.61106666666666,0,0,0,0,0,1,0,109,174.24853993250795,278.5555382441356,445.3017965977478,711.8641090502762,363,654.4813681826378,1180.0161468270437,2127.5443037271843,3835.917649511138
32,28,3,2.0,20.0,0,0,1,0,0,0,0,136,222.27611589052924,363.284350701323,593.7458414536981,970.4082313564841,17,22.56803847310483,29.959785913149386,39.77256477258468,52.799339527161436
33,41,2,1.0,13.333333333333332,0,0,1,0,0,0,0,136,222.27611589052924,363.284350701323,593.7458414536981,970.4082313564841,37,53.091121129988316,76.18019304970512,109.31059072723754,156.84923819163083
34,39,6,5.0,44.333333333333336,0,0,1,0,0,0,0,594,1125.032554213941,2130.8051313823944,4035.732558066174,7643.654053746706,9,11.211578456539659,13.966610165238235,17.398638404385867,21.674022167526225
35,45,8,7.0,50.66666666666667,0,0,0,1,0,0,0,1847,3918.4434632171574,8313.047739268675,17636.279140958046,37415.680950384434,218,373.5099219707152,639.9525771127045,1096.4616382675429,1878.6206465742755
36,30,10,10.0,89.22216666666667,0,0,0,1,0,0,0,344,616.8993133259976,1106.292915064206,1983.9283129085024,3557.80236605017,0,0.0,0.0,0.0,0.0
37,50,4,3.0,25.33333333333333,0,0,0,0,0,0,1,36,51.51488691978921,73.71621039885189,105.48561785700679,150.94665765466107,129,209.72426513862055,340.96331308476255,554.3277540769863,901.2091540289751
38,38,8,8.0,64.66666666666667,1,0,0,0,0,0,0,54,80.46983962849211,119.91472388583766,178.69478889237536,266.2877963817905,2095,4500.931775704546,9669.874391191814,20774.91404028014,44633.16025843782
39,56,7,7.0,57.0,1,0,0,0,0,0,0,235,405.67164067317873,700.2956597722061,1208.8939968344553,2086.8681323225082,129,209.72426513862055,340.96331308476255,554.3277540769863,901.2091540289751
40,23,6,6.0,54.0,1,0,0,0,0,0,0,481,891.989175232087,1654.1469620191633,3067.528449821488,5688.57000406908,61,92.01588733744936,138.80202495898632,209.37690968583476,315.83610053631253
41,35,9,9.0,75.83333333333333,1,0,0,0,0,0,0,155,256.66394663851116,425.0089129293964,703.7707416064661,1165.371458512434,65,98.67444498786934,149.7945552871391,227.3983785409717,345.20628913341193
42,30,4,4.0,27.666666666666668,0,0,0,0,0,1,0,1249,2548.112992153886,5198.462626728118,10605.500527135575,21636.52016132026,218,373.5099219707152,639.9525771127045,1096.4616382675429,1878.6206465742755
43,29,1,1.0,5.333333333333333,0,0,1,0,0,0,0,190,321.09161242560003,542.630650368798,917.0218446235228,1549.726435366656,37,53.091121129988316,76.18019304970512,109.31059072723754,156.84923819163083
44,22,2,2.0,14.0,0,0,1,0,0,0,0,30,42.15347479450939,59.23051457504459,83.22573344016544,116.94179522748564,34,48.37564947394369,68.82951358899608,97.9315418483329,139.33829237934694
45,32,10,12.0,88.83330000000001,0,0,0,0,0,1,0,16,21.112126572366314,27.85761802547597,36.75834735990512,48.50293012833273,363,654.4813681826378,1180.0161468270437,2127.5443037271843,3835.917649511138
46,32,10,11.0,90.77773333333332,0,0,0,1,0,0,0,520,971.859933493805,1816.3687121741957,3394.723030411235,6344.6063433948975,11,13.98079776731155,17.769336928223957,22.584500550247288,28.7044849880676
47,65,3,3.0,17.333333333333332,0,0,0,1,0,0,0,224,384.83345529246367,661.1463763943592,1135.8537700086295,1951.40415633657,288,507.3781218831488,893.8630505752469,1574.7449854917045,2774.274837443356
48,47,10,10.0,80.83333333333333,0,0,0,1,0,0,0,431,790.5420892887222,1450.0157655150283,2659.625273252521,4878.296334668524,9,11.211578456539659,13.966610165238235,17.398638404385867,21.674022167526225
49,49,5,5.0,34.0,0,0,0,0,0,0,1,734,1419.9258507865593,2746.8520732042657,5313.796004127236,10279.559008265087,0,0.0,0.0,0.0,0.0
50,34,10,10.0,82.5,1,0,0,0,0,0,0,0,0.0,0.0,0.0,0.0,466,861.4389576254592,1592.4400809331262,2943.755200429258,5441.771269017813
51,49,3,3.0,18.33333333333333,1,0,0,0,0,0,0,207,352.8315235446996,601.401372013883,1025.0887070025653,1747.2638176820335,50,73.93788183141571,109.33620739432779,161.68175164433939,239.08812494750916
52,62,5,5.0,38.0,1,0,0,0,0,0,0,297,524.8462448172644,927.4868036996077,1639.016720671065,2896.403269484561,63,95.33988075395158,144.28083908218568,218.34473005040726,330.4279448612628
53,42,6,6.0,44.66666666666666,1,0,0,0,0,0,0,182,306.2517131444878,515.3302846369975,867.1471566226207,1459.1500124398285,24,32.9786114475993,45.316200542155286,62.26939041505117,85.56491798236814
54,34,7,7.0,56.5,1,0,0,0,0,0,0,300,530.680806142328,938.7403933595692,1660.5716956880742,2937.4450870829287,315,559.9401498267218,995.3427663110202,1769.309135546465,3145.1022934846796
55,35,9,9.0,69.66666666666667,1,0,0,0,0,0,0,123,199.01949622581813,322.02243803234467,521.046694232577,843.0768341162217,235,405.67164067317873,700.2956597722061,1208.8939968344553,2086.8681323225082
56,33,10,11.0,87.16666666666667,0,0,0,0,0,1,0,340,609.0133443479486,1090.874275276096,1953.9911489677643,3500.0196601739626,3193,7155.151115165073,16033.882706184746,35930.113913430556,80515.31307099601
57,36,10,12.0,94.0,0,0,0,0,0,1,0,368,664.4045539771043,1199.5473134388978,2165.719287390774,3910.091731463254,248,430.42436646606313,747.0368356762564,1296.543777107924,2250.2582010370725
58,34,2,2.0,10.0,0,0,0,0,0,1,0,297,524.8462448172644,927.4868036996077,1639.016720671065,2896.403269484561,11,13.98079776731155,17.769336928223957,22.584500550247288,28.7044849880676
59,53,2,1.0,11.0,1,0,0,0,0,0,0,183,308.1031927098604,518.7299309180836,873.3461632241906,1470.3865640998893,0,0.0,0.0,0.0,0.0
60,43,4,4.0,24.666666666666664,0,0,0,0,0,0,1,305,540.4180216581051,957.5463545339665,1696.6403493874643,3006.213183873077,979,1949.2204585484244,3880.960567950688,7727.117199049228,15384.93864145876
61,21,8,8.0,67.33333333333334,0,0,0,1,0,0,0,842,1651.3658554834817,3238.728252561386,6351.930227398521,12457.673033182102,365,658.449012842302,1187.822198665757,2142.7954908044944,3865.5385634058994
62,50,1,2.0,6.166666666666667,1,0,0,0,0,0,0,72,110.42457745237617,169.35537924355296,259.73605822578133,398.3506177601062,18,24.03254452572564,32.08684424338806,42.840472942735936,57.19808741663585
63,82,6,7.0,35.0,1,0,0,0,0,0,0,206,350.95702696395415,597.916673666881,1018.6556221471133,1735.4580031498422,92,144.59943968031956,227.27171691154734,357.2104665281951,561.4394924774185
64,61,7,8.0,51.16666666666667,1,0,0,0,0,0,0,160,265.7859263896685,441.51349166758865,733.4254524775452,1218.3385207781616,235,405.67164067317873,700.2956597722061,1208.8939968344553,2086.8681323225082
65,18,9,10.0,68.5,1,0,0,0,0,0,0,877,1727.0286916884568,3400.944243916919,6697.295653451795,13188.622292168327,979,1949.2204585484244,3880.960567950688,7727.117199049228,15384.93864145876
66,31,2,4.0,14.0,0,0,0,0,0,1,0,0,0.0,0.0,0.0,0.0,43,62.634743194944704,91.23514081620159,132.89510733435824,193.5779283663287
67,34,8,9.0,59.833333333333336,0,0,0,0,0,1,0,0,0.0,0.0,0.0,0.0,466,861.4389576254592,1592.4400809331262,2943.755200429258,5441.771269017813
68,35,10,12.0,80.83333333333334,0,0,0,0,0,1,0,357,642.5915905260846,1156.6497260919962,2081.942260983238,3747.4470276433894,0,0.0,0.0,0.0,0.0
69,43,1,1.0,4.0,1,0,0,0,0,0,0,0,0.0,0.0,0.0,0.0,3193,7155.151115165073,16033.882706184746,35930.113913430556,80515.31307099601
70,40,5,6.0,37.16666666666667,0,0,0,1,0,0,0,436,800.6360447244283,1470.2249452109538,2699.8052408002,4957.7096089920915,51,75.56613219696311,111.96549676880197,165.89803000646933,245.8092640526393
71,29,10,11.0,81.16666666666667,0,0,0,1,0,0,0,571,1077.2083695363,2032.185414008848,3833.7778221014396,7232.535125937501,374,676.3301721575581,1223.0548175686406,2211.7349607602396,3999.633921865938
72,27,2,3.0,11.833333333333334,0,0,0,0,0,0,1,1243,2534.6514225214546,5168.509922518119,10539.316997125345,21491.146274471645,248,430.42436646606313,747.0368356762564,1296.543777107924,2250.2582010370725
73,41,4,5.0,23.833333333333336,0,0,0,0,0,0,1,53,78.83216547687636,117.25491158063417,174.40487910756713,259.4097035807988,365,658.449012842302,1187.822198665757,2142.7954908044944,3865.5385634058994
74,37,10,13.0,89.83333333333333,0,0,0,0,0,0,1,339,607.0432970689194,1087.0252640598935,1946.5233046965502,3485.6162970633663,315,559.9401498267218,995.3427663110202,1769.309135546465,3145.1022934846796
75,33,11,12.0,101.5,1,0,0,0,0,0,0,128,207.9366134671964,337.79402515786086,548.7480128185822,891.4437768152308,617,1173.0423198379913,2230.1917084779484,4240.047415553364,8061.191339649579
76,38,3,2.0,18.33333333333333,1,0,0,0,0,0,0,240,415.176119970688,718.2133774746453,1242.4376807123597,2149.2935649314054,80,123.99351900386702,192.17990943702895,297.86329066177115,461.6639698903082
77,52,5,5.0,34.666666666666664,1,0,0,0,0,0,0,127,206.15035786672095,334.6296854218667,543.1813338783156,881.7088690199803,35,49.9430255960178,71.26588016241392,101.69239077354787,145.10930500924405
78,50,7,7.0,46.0,0,0,0,0,0,1,0,174,291.47692091886864,488.2689392433582,817.9260171895185,1370.1526266082426,4447,10300.868484656386,23860.555776520563,55269.72049128549,128024.76320315916
79,39,10,10.0,72.66666666666667,0,0,0,0,0,1,0,132,215.09549984776677,350.5005610209135,571.1446467402732,930.68669148466,173,289.6347811475164,484.903505493466,811.8203508165523,1359.1410961841148
80,17,11,13.0,97.0,0,0,0,0,0,1,0,477,883.8330081429164,1637.6536400061957,3034.407427553192,5622.45166588164,567,1068.9105531100633,2015.1142337743565,3798.9010056502807,7161.702601693142
81,58,4,4.0,17.333333333333336,0,0,0,0,1,0,0,556,1046.1218441831181,1968.2930087717384,3703.371065160125,6967.944907157739,523,978.0292821853518,1828.950816084117,3420.2054566100614,6395.91030144313
82,50,2,1.0,11.666666666666668,0,0,0,1,0,0,0,412,752.2928559812008,1373.6517989328904,2508.224356657617,4579.901127940694,17,22.56803847310483,29.959785913149386,39.77256477258468,52.799339527161436
83,29,8,8.0,61.16666666666667,0,0,0,1,0,0,0,157,260.3092600463528,431.59815838139906,715.5987085708954,1186.4775179504156,1370,2820.9320420890144,5808.509186922981,11960.153052671127,24626.845966838442
84,34,9,9.0,76.66666666666667,0,0,0,1,0,0,0,532,996.5584948945477,1866.7835220798588,3496.915370409486,6550.52766599414,514,959.531929383781,1791.2481002080933,3343.8905556375566,6242.35361186596
85,34,6,6.0,31.666666666666668,0,0,0,0,0,0,1,195,330.39850420768386,559.8111363214091,948.5167286122942,1607.1205556382936,580,1095.899661832891,2070.6828772507647,3912.5183878315015,7392.6337554129395
86,30,4,3.0,23.0,0,0,0,0,0,0,1,335,599.168933965845,1071.651974417214,1916.7181226685227,3428.1729978278,219,375.3950367364225,643.4768657823737,1103.0046651571333,1890.69624108268
87,26,11,11.0,97.83333333333334,0,0,0,0,0,0,1,381,690.2675752512897,1250.5756573314811,2265.700332426481,4104.828017611721,376,680.3096469794633,1230.9074887588333,2227.1229764412224,4029.609696496217
88,34,1,1.0,6.3333,1,0,0,0,0,0,0,0,0.0,0.0,0.0,0.0,4447,10300.868484656386,23860.555776520563,55269.72049128549,128024.76320315916
89,45,3,5.0,20.0,1,0,0,0,0,0,0,77,118.88848632220073,183.56457376602725,283.42486126523295,437.60977586887344,80,123.99351900386702,192.17990943702895,297.86329066177115,461.6639698903082
90,33,6,8.0,45.66663333333334,1,0,0,0,0,0,0,322,573.6426836306308,1021.943877276247,1820.592013293908,3243.382882926736,567,1068.9105531100633,2015.1142337743565,3798.9010056502807,7161.702601693142
91,45,7,11.0,56.49993333333333,1,0,0,0,0,0,0,95,149.79453384941735,236.19370917014965,372.4265954032359,587.2365079110866,580,1095.899661832891,2070.6828772507647,3912.5183878315015,7392.6337554129395
92,39,4,6.0,25.0,0,0,0,0,0,1,0,315,559.9401498267218,995.3427663110202,1769.309135546465,3145.1022934846796,69,105.37412947279289,160.92329220505667,245.75582359425687,375.30878223353693
93,27,5,7.0,39.99993333333333,0,0,0,0,0,1,0,97,153.2670885632895,242.17320037801238,382.6513541236297,604.6171029002984,138,225.8743912136058,369.7046420733115,605.1218185300962,990.4458142793868
94,21,6,9.0,42.6666,0,0,0,0,0,1,0,103,163.72724238452105,260.25834853242407,413.70273507537235,657.6156114643177,173,289.6347811475164,484.903505493466,811.8203508165523,1359.1410961841148
95,43,7,10.0,45.1666,0,0,0,0,0,1,0,158,262.1336626162108,434.8990954214516,721.529700957608,1197.071032901246,44,64.238877587428,93.78712258392171,136.92680652149207,199.90964460389907
96,30,9,13.0,81.16659999999999,0,0,1,0,0,0,0,348,624.7944575652664,1121.7474546099854,2013.9700931846671,3615.854459551671,514,959.531929383781,1791.2481002080933,3343.8905556375566,6242.35361186596
97,46,2,3.0,12.666633333333332,0,0,1,0,0,0,0,132,215.09549984776677,350.5005610209135,571.1446467402732,930.68669148466,376,680.3096469794633,1230.9074887588333,2227.1229764412224,4029.609696496217
98,62,3,4.0,17.666633333333333,0,0,0,0,1,0,0,505,941.0669381737988,1753.6771923243707,3267.975496883009,6089.868702730075,617,1173.0423198379913,2230.1917084779484,4240.047415553364,8061.191339649579
99,42,1,2.0,6.3333,0,0,0,1,0,0,0,129,209.72426513862055,340.96331308476255,554.3277540769863,901.2091540289751,17,22.56803847310483,29.959785913149386,39.77256477258468,52.799339527161436
100,21,8,12.0,68.83323333333334,0,0,0,1,0,0,0,130,211.5133031369914,344.1375184916982,559.9204866888196,911.0048587201841,523,978.0292821853518,1828.950816084117,3420.2054566100614,6395.91030144313
101,29,10,15.0,94.77766666666668,0,0,0,1,0,0,0,671,1286.4555122446031,2466.419947815979,4728.672932008812,9065.912606534392,219,375.3950367364225,643.4768657823737,1103.0046651571333,1890.69624108268
102,51,10,16.0,88.22206666666668,0,0,0,1,0,0,0,264,461.0672972956314,805.2388357405224,1406.3230820922863,2456.0969037301215,35,49.9430255960178,71.26588016241392,101.69239077354787,145.10930500924405
103,24,10,14.0,81.57386666666666,0,0,0,0,0,0,1,357,642.5915905260846,1156.6497260919962,2081.942260983238,3747.4470276433894,132,215.09549984776677,350.5005610209135,571.1446467402732,930.68669148466
104,32,4,3.0,23.5,1,0,0,0,0,0,0,52,77.19757853713917,114.60511792303392,170.13918445425972,252.58332796447132,5606,13289.79870041852,31505.306724517563,74687.68896963616,177057.50121404414
105,38,2,1.0,12.666666666666668,1,0,0,0,0,0,0,357,642.5915905260846,1156.6497260919962,2081.942260983238,3747.4470276433894,693,1332.9275919805955,2563.77484193822,4931.206675967018,9484.763982908145
106,40,8,7.0,55.99993333333333,1,0,0,0,0,0,0,127,206.15035786672095,334.6296854218667,543.1813338783156,881.7088690199803,171,285.95370072925533,478.18432140793226,799.6407972941865,1337.1944166103196
107,80,3,2.0,13.0,0,0,0,0,1,0,0,185,311.8091829453244,525.5403598325981,885.7746497524012,1492.933350340415,141,231.2815684787204,379.369956865085,622.278572038733,1020.7203132752938
108,32,9,8.0,66.49996666666667,0,0,0,0,0,1,0,0,0.0,0.0,0.0,0.0,552,1037.846166492103,1951.3127994607837,3668.772660411863,6897.865292281668
109,24,10,10.0,87.62956666666668,0,0,0,0,0,1,0,463,855.3406062527982,1580.1459021704177,2919.1424490935633,5392.78849275586,175,293.32011970106157,491.6382435511143,824.0422197030429,1381.1895001258558
110,42,7,6.0,54.6666,0,0,1,0,0,0,0,868,1707.5431912148117,3359.105702608362,6608.085335322298,12999.528941585275,14,18.22807636044455,23.733054843014095,30.90056685321995,40.23270658439391
111,31,10,11.0,93.59253333333334,0,0,0,1,0,0,0,1002,1999.6523307563969,3990.628187524436,7963.94107421698,15893.326677709145,879,1731.3615264202074,3410.2533960956835,6717.157594247917,13230.74883456444
112,32,10,9.0,83.1666,0,0,0,0,0,0,1,246,426.60762916434766,739.8132896797779,1282.9674533925481,2224.893104011443,32,45.25483399593906,63.99999999999999,90.5096679918781,127.99999999999996
113,35,5,4.0,25.666666666666664,0,0,0,0,0,0,1,602,1141.710881774287,2165.2886006010262,4106.534148651178,7788.163993177325,466,861.4389576254592,1592.4400809331262,2943.755200429258,5441.771269017813
114,32,6,5.0,42.66663333333333,0,0,0,0,0,0,1,67,102.0192867638687,155.34231151952935,236.53599739512075,360.1676678840373,151,249.38747725467337,411.8815484201997,680.2523197898158,1123.48615847034
115,58,1,1.0,5.0,1,0,0,0,0,0,0,680,1305.4486816052176,2506.170971036468,4811.290573554154,9236.607258920401,133,216.8886397719965,353.68933881313393,576.7759368198303,940.5725442862546
116,76,5,5.0,31.83333333333333,1,0,0,0,0,0,0,121,195.4627062104636,315.7493348687436,510.05966510412003,823.9474584301981,111,177.76869188586318,284.700070403702,455.9527846439572,730.2173881790349
117,19,10,11.0,82.48603333333332,1,0,0,0,0,0,0,371,670.3649522032478,1211.2915610308949,2188.6992167511407,3954.7904200125663,373,674.3412319191319,1219.1316275233562,2204.050197253824,3984.6700408250604
118,50,10,12.0,89.95833333333334,1,0,0,0,0,0,0,224,384.83345529246367,661.1463763943592,1135.8537700086295,1951.40415633657,879,1731.3615264202074,3410.2533960956835,6717.157594247917,13230.74883456444
119,41,7,7.0,55.45833333333333,0,0,0,0,0,1,0,132,215.09549984776677,350.5005610209135,571.1446467402732,930.68669148466,552,1037.846166492103,1951.3127994607837,3668.772660411863,6897.865292281668
120,39,8,8.0,58.749966666666666,0,0,0,0,0,1,0,640,1221.231425700701,2330.322179873382,4446.660434482399,8485.00228439036,175,293.32011970106157,491.6382435511143,824.0422197030429,1381.1895001258558
121,41,3,3.0,17.0,1,0,0,0,0,0,0,169,282.2769232445831,471.48083666525537,787.5039049860953,1315.3501736246699,171,285.95370072925533,478.18432140793226,799.6407972941865,1337.1944166103196
122,57,2,2.0,9.333333333333332,0,0,0,1,0,0,0,163,271.2728716881002,451.466079226432,751.3527593958379,1250.4393907489998,151,249.38747725467337,411.8815484201997,680.2523197898158,1123.48615847034
123,31,9,9.0,79.79163333333334,0,0,0,1,0,0,0,112,179.53115501748678,287.78067519565036,461.2999732998868,739.4439019291465,32,45.25483399593906,63.99999999999999,90.5096679918781,127.99999999999996
124,28,4,4.0,22.333333333333336,0,0,0,0,0,0,1,32,45.25483399593906,63.99999999999999,90.5096679918781,127.99999999999996,645,1231.7304732851899,2352.185982665668,4491.874656873756,8577.951778370316
125,25,6,6.0,48.6666,0,0,0,0,0,0,1,345,618.8722429507604,1110.1531973765348,1991.4289834184763,3572.290207667662,466,861.4389576254592,1592.4400809331262,2943.755200429258,5441.771269017813
126,19,10,10.0,73.68046666666666,0,0,0,0,0,0,1,809,1580.313949921643,3087.011347734167,6030.218907775915,11779.529123658242,693,1332.9275919805955,2563.77484193822,4931.206675967018,9484.763982908145
127,49,9,8.0,69.58333333333334,1,0,0,0,0,0,0,268,468.7575475345071,819.9016357110651,1434.0861193113797,2508.35332926,839,1644.894910746185,3224.8858967803285,6322.524909834457,12395.576933555023
128,22,10,9.0,86.55553333333334,1,0,0,0,0,0,0,579,1093.8214107075464,2066.3994447707173,3903.7512189367812,7374.795622363951,847,1662.1558841324738,3261.820759334358,6401.008935198415,12561.363242059704
129,60,10,10.0,79.66663333333334,1,0,0,0,0,0,0,249,432.3338912437965,750.6529860160748,1303.3442828036336,2262.9715076901584,114,183.06079178697712,293.9583639445171,472.0372882112955,757.9957871310279
130,35,10,11.0,86.47220000000002,0,0,0,0,0,1,0,351,630.7217797985433,1133.3617194080955,2036.5695749874963,3659.569193788247,295,520.959806515326,919.9970169643578,1624.6829422116236,2869.133936350227
131,54,4,3.0,25.0,0,0,0,0,0,1,0,197,334.1279827982114,566.7081669482321,961.1830287192123,1630.2443984052047,220,377.28101248452657,647.0043744606788,1109.5566612656485,1902.7939116875193
132,40,6,5.0,44.66666666666667,0,0,0,0,0,1,0,1368,2816.402409025015,5798.335182428285,11937.459924068364,24576.528426743902,635,1210.7405773731234,2308.492512909925,4401.552059751331,8392.342806553039
133,31,5,4.0,35.333333333333336,0,0,1,0,0,0,0,11,13.98079776731155,17.769336928223957,22.584500550247288,28.7044849880676,191,322.9510522932139,546.0595925512778,923.3011519855432,1561.1574796715574
134,32,2,1.0,10.0,0,0,0,0,0,0,1,102,161.97955031042886,257.2291639094973,408.488865654784,648.6945369174415,750,1454.0099876910579,2818.8600590737965,5464.8675730622745,10594.62937685537
135,21,8,7.0,62.5,0,0,0,1,0,0,0,163,271.2728716881002,451.466079226432,751.3527593958379,1250.4393907489998,453,835.0414280333827,1539.2807649713686,2837.446375554104,5230.431067132101
136,46,3,2.0,15.333333333333334,0,0,0,0,0,0,1,300,530.680806142328,938.7403933595692,1660.5716956880742,2937.4450870829287,466,861.4389576254592,1592.4400809331262,2943.755200429258,5441.771269017813
137,25,7,6.0,49.29166666666667,0,0,0,0,0,0,1,38,54.67162168889681,78.65753205510133,113.16670619733615,162.81598286840241,100,158.48931924611142,251.18864315095797,398.1071705534973,630.957344480193
138,33,2,2.0,12.0,1,0,0,0,0,0,0,136,222.27611589052924,363.284350701323,593.7458414536981,970.4082313564841,96,151.52990687977484,239.18034040617928,377.5309865543874,595.9087003834978
139,40,7,7.0,51.5,1,0,0,0,0,0,0,173,289.6347811475164,484.903505493466,811.8203508165523,1359.1410961841148,295,520.959806515326,919.9970169643578,1624.6829422116236,2869.133936350227
140,42,10,10.0,88.66659999999999,1,0,0,0,0,0,0,183,308.1031927098604,518.7299309180836,873.3461632241906,1470.3865640998893,1079,2169.319844706019,4361.398135899294,8768.551924810174,17629.09518056148
141,28,10,12.0,87.72216666666667,1,0,0,0,0,0,0,221,379.1678456920018,650.5350914330927,1116.1175980350008,1914.913598126074,839,1644.894910746185,3224.8858967803285,6322.524909834457,12395.576933555023
142,31,1,1.0,4.666666666666667,0,0,0,0,0,1,0,0,0.0,0.0,0.0,0.0,0,0.0,0.0,0.0,0.0
143,30,9,9.0,69.1666,0,0,0,0,0,1,0,410,748.2767346534964,1365.6538332285324,2492.4072951104313,4548.805834662889,114,183.06079178697712,293.9583639445171,472.0372882112955,757.9957871310279
144,43,4,4.0,30.0,0,0,0,1,0,0,0,55,82.11054948483415,122.5844061218435,183.00859899884796,273.21702953172843,466,861.4389576254592,1592.4400809331262,2943.755200429258,5441.771269017813
145,24,3,3.0,21.666666666666664,0,0,0,0,0,0,1,305,540.4180216581051,957.5463545339665,1696.6403493874643,3006.213183873077,847,1662.1558841324738,3261.820759334358,6401.008935198415,12561.363242059704
146,41,5,5.0,32.333333333333336,0,0,0,0,0,0,1,39,56.25628739463053,81.14794542121189,117.05338818203819,168.84587297651242,220,377.28101248452657,647.0043744606788,1109.5566612656485,1902.7939116875193
147,42,6,6.0,37.66666666666667,0,0,0,0,0,0,1,156,258.48601915381016,428.3014237050246,709.6790385347509,1175.9109586394295,750,1454.0099876910579,2818.8600590737965,5464.8675730622745,10594.62937685537
148,51,8,8.0,56.33333333333333,0,0,0,0,0,0,1,252,438.06705675071066,761.5188341675798,1323.7948981905722,2301.2338682220234,83,129.11773577858514,200.86011677817484,312.4651022484354,486.0817652065305
149,24,10,11.0,81.27766666666668,0,0,0,0,0,0,1,0,0.0,0.0,0.0,0.0,635,1210.7405773731234,2308.492512909925,4401.552059751331,8392.342806553039
150,31,10,10.0,92.55553333333334,1,0,0,0,0,0,0,449,826.9342408091075,1522.9849412528597,2804.9184769680105,5165.8867066436005,953,1892.3531641765903,3757.608077617155,7461.407697181887,14815.969008366934
151,52,3,2.0,22.666666666666668,1,0,0,0,0,0,0,61,92.01588733744936,138.80202495898632,209.37690968583476,315.83610053631253,236,407.5709327080969,703.8731575785926,1215.5857599258486,2099.3111099985517
152,44,4,3.0,30.333333333333336,1,0,0,0,0,0,0,0,0.0,0.0,0.0,0.0,207,352.8315235446996,601.401372013883,1025.0887070025653,1747.2638176820335
153,35,7,6.0,60.49993333333333,1,0,0,0,0,0,0,360,648.5340022902561,1168.3232003517148,2104.71478081294,3791.6086124446474,365,658.449012842302,1187.822198665757,2142.7954908044944,3865.5385634058994
154,20,8,7.0,69.33326666666666,1,0,0,0,0,0,0,286,503.5036653640534,886.4193742483789,1560.54337057262,2747.3402344156907,602,1141.710881774287,2165.2886006010262,4106.534148651178,7788.163993177325
155,47,8,8.0,61.99999999999999,1,0,0,0,0,0,0,81,125.69949148714419,195.06619950773603,302.71261832657075,469.76323691841816,126,204.36550822691996,331.4703250225972,537.6277891697256,872.0045743697319
156,55,2,1.0,12.333333333333334,0,0,0,0,0,1,0,192,324.8114659486767,549.492127144418,929.5903299220577,1572.6124885088398,723,1396.535972892022,2697.5279717585945,5210.50463408483,10064.532722572667
157,37,10,12.0,90.38883333333334,0,0,0,0,0,1,0,138,225.8743912136058,369.7046420733115,605.1218185300962,990.4458142793868,153,253.02333395142028,418.4366504829535,691.9884728932162,1144.3740553424404
158,35,5,4.0,35.66666666666667,0,0,0,1,0,0,0,279,489.96451004573066,860.448821162554,1511.0730648040765,2653.663705519817,974,1938.272582503443,3857.1874785262426,7675.852910886041,15275.046452258352
159,67,6,5.0,44.0,0,0,0,1,0,0,0,74,113.80330944684268,175.01612487910566,269.1542461865422,413.9276211851177,136,222.27611589052924,363.284350701323,593.7458414536981,970.4082313564841
160,31,10,11.0,95.16663333333332,0,0,0,1,0,0,0,111,177.76869188586318,284.700070403702,455.9527846439572,730.2173881790349,1027,2054.600965948333,4110.404215458439,8223.213701576444,16451.239351955697
161,33,9,9.0,80.16663333333334,0,0,0,0,0,0,1,195,330.39850420768386,559.8111363214091,948.5167286122942,1607.1205556382936,1419,2932.112537801082,6058.691990366657,12519.215466969039,25868.744632933816
162,36,8,8.0,74.38416666666666,1,0,0,0,0,0,0,47,69.0728926279167,101.5120105529299,149.185706497159,219.24868694676914,153,253.02333395142028,418.4366504829535,691.9884728932162,1144.3740553424404
163,28,6,6.0,53.29166666666666,1,0,0,0,0,0,0,103,163.72724238452105,260.25834853242407,413.70273507537235,657.6156114643177,749,1451.8775819358805,2814.350484550035,5455.397031012789,10574.858010530064
164,61,8,7.0,64.5833,1,0,0,0,0,0,0,122,197.24037236001513,318.88331548128997,515.5464252862771,833.4964663306549,126,204.36550822691996,331.4703250225972,537.6277891697256,872.0045743697319
165,36,10,11.0,90.6434,1,0,0,0,0,0,0,100,158.48931924611142,251.18864315095797,398.1071705534973,630.957344480193,207,352.8315235446996,601.401372013883,1025.0887070025653,1747.2638176820335
166,30,9,9.0,82.3379,0,0,0,0,0,1,0,135,220.47895679186274,360.0812621335409,588.0766002629657,960.4334469606208,974,1938.272582503443,3857.1874785262426,7675.852910886041,15275.046452258352
167,43,9,10.0,81.35176666666666,0,0,0,0,0,1,0,148,243.94273402786365,402.08146949316864,662.7354930412474,1092.3615412823374,953,1892.3531641765903,3757.608077617155,7461.407697181887,14815.969008366934
168,20,10,12.0,94.5508,0,0,0,0,0,1,0,202,343.4681780810956,584.0118284868665,993.0172213276898,1688.464434715709,1419,2932.112537801082,6058.691990366657,12519.215466969039,25868.744632933816
169,45,1,1.0,5.666666666666667,0,0,1,0,0,0,0,255,443.80705167223175,772.4105847607793,1344.3186835415918,2339.6788684332905,136,222.27611589052924,363.284350701323,593.7458414536981,970.4082313564841
170,37,3,4.0,23.333333333333336,0,0,0,0,0,1,0,5,5.873094715440096,6.898648307306074,8.103282983463814,9.518269693579391,602,1141.710881774287,2165.2886006010262,4106.534148651178,7788.163993177325
171,35,2,2.0,14.333333333333332,0,0,0,1,0,0,0,88,137.69904852264557,215.4662268641123,337.15334577219045,527.5647149892853,365,658.449012842302,1187.822198665757,2142.7954908044944,3865.5385634058994
172,36,3,3.0,22.666666666666668,0,0,0,1,0,0,0,32,45.25483399593906,63.99999999999999,90.5096679918781,127.99999999999996,236,407.5709327080969,703.8731575785926,1215.5857599258486,2099.3111099985517
173,21,4,5.0,28.0,0,0,0,0,0,0,1,140,229.47788538288188,376.14357056999296,616.5473655340627,1010.5998977224518,1027,2054.600965948333,4110.404215458439,8223.213701576444,16451.239351955697
174,29,10,13.0,94.70356666666666,0,0,0,0,0,0,1,58,87.05040438186573,130.65125694907485,196.09042673131052,294.30605073057205,723,1396.535972892022,2697.5279717585945,5210.50463408483,10064.532722572667
175,41,9,8.0,67.5,1,0,0,0,0,0,0,40,57.84502198367701,83.65116420730185,120.97008581328876,174.93793183092444,509,949.2695728764472,1770.3589822967215,3301.6658447206105,6157.506731235135
176,16,10,11.0,90.99993333333332,1,0,0,0,0,0,0,229,394.29296694390877,678.894951010612,1168.9236003371782,2012.6565699026257,392,712.2208342385072,1294.0268283760065,2351.104253145329,4271.697532032823
177,56,2,1.0,12.0,0,0,0,0,0,1,0,30,42.15347479450939,59.23051457504459,83.22573344016544,116.94179522748564,210,358.4604322979179,611.8756263010001,1044.443816744837,1782.8180098154344
178,26,6,5.0,39.333333333333336,0,0,0,0,0,1,0,124,200.80006713708298,325.1666690504595,526.5603949683381,852.6884085594443,19,25.505213368279996,34.237679419025696,45.95996414826417,61.69572063157768
179,18,10,9.0,88.16666666666667,0,0,0,0,0,1,0,0,0.0,0.0,0.0,0.0,1241,2530.1656748931646,5158.532105082653,10517.27708711886,21442.750587565242
180,28,10,10.0,83.9999,0,0,0,0,0,1,0,272,476.4592847342218,834.6082720935514,1461.9737513049936,2560.9226759080275,1108,2233.540009592798,4502.437702573816,9076.150495846294,18295.9794815507
181,50,5,4.0,27.666666666666664,1,0,0,0,0,0,0,62,93.67654367085214,141.53701345350098,213.8499713196592,323.1084867312341,1093,2200.3014154712628,4429.392789501221,8916.742199833248,17950.15597775426
182,47,7,6.0,44.16666666666667,1,0,0,0,0,0,0,47,69.0728926279167,101.5120105529299,149.185706497159,219.24868694676914,0,0.0,0.0,0.0,0.0
183,48,3,2.0,17.0,0,0,0,1,0,0,0,9,11.211578456539659,13.966610165238235,17.398638404385867,21.674022167526225,820,1603.9662936698578,3137.4486234500205,6137.026634310643,12004.370566815158
184,26,10,12.0,89.16666666666667,0,0,0,1,0,0,0,316,561.8958064589934,999.13575100064,1776.6145207927743,3159.089395340547,1826,3869.4643564966664,8199.755972726252,17376.047901662037,36821.46660036136
185,52,4,3.0,25.0,0,0,0,0,0,0,1,102,161.97955031042886,257.2291639094973,408.488865654784,648.6945369174415,0,0.0,0.0,0.0,0.0
186,29,8,7.0,57.333333333333336,0,0,0,0,0,0,1,0,0.0,0.0,0.0,0.0,265,462.9887744689417,808.9003972990653,1413.2520891054123,2469.1315198135303
187,74,4,3.0,24.666666666666664,1,0,0,0,0,0,0,180,302.55181013510816,508.5422100890579,854.7798121808496,1436.750996901464,210,358.4604322979179,611.8756263010001,1044.443816744837,1782.8180098154344
188,28,8,6.0,68.83333333333334,1,0,0,0,0,0,0,56,83.754245320012,125.26381444865618,187.34600437595026,280.19684303977436,265,462.9887744689417,808.9003972990653,1413.2520891054123,2469.1315198135303
189,39,9,7.0,79.6666,1,0,0,0,0,0,0,45,65.84666218484509,96.35073157522456,140.98609051769998,206.29918833513275,392,712.2208342385072,1294.0268283760065,2351.104253145329,4271.697532032823
190,43,10,8.0,82.95830000000001,1,0,0,0,0,0,0,298,526.7904467197197,931.2354857555756,1646.1944883974325,2910.065536679271,820,1603.9662936698578,3137.4486234500205,6137.026634310643,12004.370566815158
191,24,11,11.0,101.43043333333334,1,0,0,0,0,0,0,80,123.99351900386702,192.17990943702895,297.86329066177115,461.6639698903082,1108,2233.540009592798,4502.437702573816,9076.150495846294,18295.9794815507
192,27,11,12.0,101.31936666666668,1,0,0,0,0,0,0,149,245.7564332079556,405.34378834292806,668.5627090346208,1102.708635893936,1826,3869.4643564966664,8199.755972726252,17376.047901662037,36821.46660036136
193,41,2,1.0,11.666666666666668,0,0,0,0,0,1,0,42,61.03433533185527,88.69500212860365,128.89144052801933,187.3048429188811,0,0.0,0.0,0.0,0.0
194,56,11,9.0,83.33326666666667,1,0,0,0,0,0,0,41,59.437733772256124,86.16693160930716,124.91627173088293,181.09122202348823,93,146.32928259906882,230.23934350492604,362.26621463609035,570.0016698664444
195,31,5,4.0,41.66666666666666,0,0,0,1,0,0,0,191,322.9510522932139,546.0595925512778,923.3011519855432,1561.1574796715574,1241,2530.1656748931646,5158.532105082653,10517.27708711886,21442.750587565242
196,25,7,5.0,58.66666666666667,0,0,0,0,0,0,1,106,168.9804459047716,269.3810480959945,429.4351851467536,684.5863120122311,0,0.0,0.0,0.0,0.0
197,27,11,10.0,95.70823333333333,0,0,0,0,0,0,1,64,97.00586025666551,147.03338943962046,222.86094420380783,337.7940251578608,1093,2200.3014154712628,4429.392789501221,8916.742199833248,17950.15597775426
198,57,3,2.0,15.666666666666668,0,0,0,0,0,0,1,75,115.49611867941121,177.85804573344834,273.8921861082466,421.77979242828536,3841,8767.761706470174,20013.966503890817,45685.41762754247,104285.04431628835
199,76,2,3.0,10.0,1,0,0,0,0,0,0,76,117.1911865599665,180.70755535964287,278.64911622299184,429.673954790242,159,263.95922024405166,438.2042135336334,727.4719654842503,1207.691400997674
200,39,8,7.0,70.25,1,0,0,0,0,0,0,75,115.49611867941121,177.85804573344834,273.8921861082466,421.77979242828536,599,1135.4538955270696,2152.346492266436,4079.950265722786,7733.882174910906
201,23,10,9.0,88.75000000000001,1,0,0,0,0,0,0,320,569.7246052401426,1014.3316431751124,1805.905296845394,3215.214632332261,380,688.2749384814936,1246.6378708992188,2257.972641847,4089.752582000362
202,37,10,10.0,82.99993333333335,1,0,0,0,0,0,0,124,200.80006713708298,325.1666690504595,526.5603949683381,852.6884085594443,1392,2870.8014624659454,5920.618560988935,12210.431338785962,25182.273092476073
203,33,2,2.0,13.666666666666668,0,0,0,0,0,1,0,65,98.67444498786934,149.7945552871391,227.3983785409717,345.20628913341193,1178,2389.240233928083,4845.898892547294,9828.537014958858,19934.410931062044
204,64,1,1.0,6.0,0,0,0,0,0,1,0,91,142.87147603923682,224.31053478714506,352.1711779801098,552.9144617197254,25,34.493241536530384,47.59134846789696,65.6631951100942,90.59745795971192
205,26,9,8.0,81.20833333333334,0,0,0,0,0,1,0,199,337.8612496458904,573.6192161421233,973.8879657621801,1653.46233732414,174,291.47692091886864,488.2689392433582,817.9260171895185,1370.1526266082426
206,34,10,11.0,91.26386666666669,0,0,0,0,0,1,0,138,225.8743912136058,369.7046420733115,605.1218185300962,990.4458142793868,2134,4593.18414037763,9886.28891631516,21279.074722403904,45800.70690574319
207,27,10,12.0,93.58333333333334,0,0,0,0,0,1,0,244,422.7939936724824,732.6014798587166,1269.4242026222848,2199.6103618491047,135,220.47895679186274,360.0812621335409,588.0766002629657,960.4334469606208
208,55,6,5.0,44.75,1,0,0,0,0,0,0,82,127.40757146080264,197.9596251895063,307.57994015470405,477.9026000630465,1187,2409.327240201189,4890.360362574111,9926.266584625078,20147.95659295365
209,17,5,4.0,39.66666666666666,0,0,0,1,0,0,0,378,684.2912391158458,1238.7685183351828,2242.5355671674142,4059.6493175088463,192,324.8114659486767,549.492127144418,929.5903299220577,1572.6124885088398
210,46,7,6.0,55.25,0,0,0,0,0,0,1,153,253.02333395142028,418.4366504829535,691.9884728932162,1144.3740553424404,921,1822.5757738315758,3606.7127593461046,7137.358630134034,14124.187761596084
211,42,7,6.0,49.875,1,0,0,0,0,0,0,3,3.348369522101714,3.7371928188465517,4.171167510947728,4.655536721746079,1187,2409.327240201189,4890.360362574111,9926.266584625078,20147.95659295365
212,33,6,5.0,43.0,1,0,0,0,0,0,0,86,134.26051117823482,209.60331234698722,327.22613791113633,510.8552156607987,278,488.0330968950883,856.74929375903,1504.036011136328,2640.357382577686
213,53,9,8.0,76.25,1,0,0,0,0,0,0,70,107.05521894516544,163.7259986199614,250.39603756108315,382.9457517729086,308,546.268034665598,968.8596288877097,1718.3670303224994,3047.691495092307
214,25,11,11.0,99.49995,1,0,0,0,0,0,0,165,274.9364613380433,458.1215622611228,763.3595223680555,1271.9719139913443,599,1135.4538955270696,2152.346492266436,4079.950265722786,7733.882174910906
215,42,11,13.0,101.0,1,0,0,0,0,0,0,162,269.44275846045565,448.1444449801196,745.365897803539,1239.712614608268,192,324.8114659486767,549.492127144418,929.5903299220577,1572.6124885088398
216,32,1,1.0,5.5,0,0,0,0,0,1,0,96,151.52990687977484,239.18034040617928,377.5309865543874,595.9087003834978,0,0.0,0.0,0.0,0.0
217,51,3,3.0,21.25,0,0,0,0,0,1,0,77,118.88848632220073,183.56457376602725,283.42486126523295,437.60977586887344,1178,2389.240233928083,4845.898892547294,9828.537014958858,19934.410931062044
218,76,10,9.0,71.625,1,0,0,0,0,0,0,104,165.47663209633416,263.29342086486054,418.9318128638442,666.5713987569286,380,688.2749384814936,1246.6378708992188,2257.972641847,4089.752582000362
219,72,4,4.0,26.5,0,0,1,0,0,0,0,27,37.540507598529565,52.19591521315758,72.57263524710174,100.90420610885687,921,1822.5757738315758,3606.7127593461046,7137.358630134034,14124.187761596084
220,51,8,7.0,51.25,0,0,0,0,0,1,0,182,306.2517131444878,515.3302846369975,867.1471566226207,1459.1500124398285,159,263.95922024405166,438.2042135336334,727.4719654842503,1207.691400997674
221,50,2,2.0,14.25,0,0,0,0,0,0,1,37,53.091121129988316,76.18019304970512,109.31059072723754,156.84923819163083,174,291.47692091886864,488.2689392433582,817.9260171895185,1370.1526266082426
222,18,11,10.0,99.125,0,1,0,0,0,0,0,412,752.2928559812008,1373.6517989328904,2508.224356657617,4579.901127940694,2134,4593.18414037763,9886.28891631516,21279.074722403904,45800.70690574319
223,17,11,12.0,96.7083,0,0,0,0,0,0,1,192,324.8114659486767,549.492127144418,929.5903299220577,1572.6124885088398,1392,2870.8014624659454,5920.618560988935,12210.431338785962,25182.273092476073
224,68,5,4.0,33.5,1,0,0,0,0,0,0,76,117.1911865599665,180.70755535964287,278.64911622299184,429.673954790242,981,1953.6011763907964,3890.476612023953,7747.644939827599,15428.958479821993
225,14,7,6.0,59.375,1,0,0,0,0,0,0,150,247.5713500530704,408.61048911399905,674.4016695719879,1113.0835454265437,1444,2988.9862180938526,6187.007348999292,12806.703391554202,26509.04427740391
226,23,10,11.0,90.75,1,0,0,0,0,0,0,197,334.1279827982114,566.7081669482321,961.1830287192123,1630.2443984052047,440,808.719554199479,1486.4257212377347,2732.0489696136815,5021.503238084363
227,26,10,12.0,90.625,1,0,0,0,0,0,0,120,193.6865086154477,312.62053016368213,504.5864917409488,814.4299656651809,851,1670.7924961327421,3280.3144126127795,6440.33455411224,12644.491945470181
228,25,9,9.0,81.875,0,0,0,0,0,1,0,75,115.49611867941121,177.85804573344834,273.8921861082466,421.77979242828536,2448,5341.860652144496,11656.648377013713,25436.35265565913,55505.49484695116
229,25,4,3.0,27.0,0,0,0,0,0,1,0,122,197.24037236001513,318.88331548128997,515.5464252862771,833.4964663306549,494,918.5433213866372,1707.9389337327814,3175.7406901142926,5904.9704480977125
230,52,8,7.0,59.625,0,0,0,0,1,0,0,147,242.13025991512546,398.8235562351439,656.9200770849662,1082.042374204401,907,1792.1238343309865,3541.0229741755147,6996.639106872698,13824.524480307397
231,21,3,2.0,17.5,0,0,1,0,0,0,0,190,321.09161242560003,542.630650368798,917.0218446235228,1549.726435366656,66,100.34559884453336,152.56423041618189,231.95680399041126,352.66430912851274
232,33,10,10.0,80.125,0,0,0,0,1,0,0,166,276.76992550052086,461.4553714552036,769.3793299968186,1282.777468944939,311,552.1237485993213,980.1949638822063,1740.1572920154986,3089.331727395626
233,39,2,1.0,13.25,0,0,0,1,0,0,0,222,381.055532866118,654.069005080545,1122.6874471269314,1927.0552405723156,222,381.055532866118,654.069005080545,1122.6874471269314,1927.0552405723156
234,70,6,5.0,41.5,0,0,0,1,0,0,0,168,280.4401623761583,468.13502781884483,781.4515667588346,1304.4666920889917,390,708.2246977429628,1286.108262802847,2335.5221427904444,4241.216573460915
235,33,8,8.0,56.75,0,0,0,0,0,0,1,65,98.67444498786934,149.7945552871391,227.3983785409717,345.20628913341193,438,804.6768766838691,1478.321634405721,2715.916062803169,4989.577293954343
236,71,4,4.0,22.08333333333333,1,0,0,0,0,0,0,168,280.4401623761583,468.13502781884483,781.4515667588346,1304.4666920889917,356,640.6118939782662,1152.7629177146648,2074.3641461379316,3732.7593945450208
237,27,9,8.0,76.6666,1,0,0,0,0,0,0,164,273.10410803576934,454.791791622031,757.3506499568551,1261.192522724249,1444,2988.9862180938526,6187.007348999292,12806.703391554202,26509.04427740391
238,26,11,10.0,98.99993333333332,1,0,0,0,0,0,0,151,249.38747725467337,411.8815484201997,680.2523197898158,1123.48615847034,438,804.6768766838691,1478.321634405721,2715.916062803169,4989.577293954343
239,43,2,2.0,11.166666666666668,0,0,0,0,0,1,0,146,240.31901836771806,395.57007252892845,651.1165172999939,1071.7512484968609,1254,2559.335909097654,5223.445211799605,10660.72639534524,21757.87869272107
240,22,11,11.0,90.3333,0,0,0,0,1,0,0,150,247.5713500530704,408.61048911399905,674.4016695719879,1113.0835454265437,159,263.95922024405166,438.2042135336334,727.4719654842503,1207.691400997674
241,62,2,1.0,9.333333333333332,0,0,0,1,0,0,0,109,174.24853993250795,278.5555382441356,445.3017965977478,711.8641090502762,66,100.34559884453336,152.56423041618189,231.95680399041126,352.66430912851274
242,31,8,7.0,65.58326666666667,0,0,0,1,0,0,0,231,398.08258413006337,686.0162068730251,1182.2125731044068,2037.3083813526114,440,808.719554199479,1486.4257212377347,2732.0489696136815,5021.503238084363
243,38,9,9.0,76.83333333333333,0,0,0,1,0,0,0,462,853.3086991369466,1576.0513766726992,2910.948809527218,5376.489051757382,851,1670.7924961327421,3280.3144126127795,6440.33455411224,12644.491945470181
244,35,11,12.0,100.16666666666669,0,0,0,1,0,0,0,145,238.5090169811638,392.32104262980016,645.3248704735096,1061.4882792422998,311,552.1237485993213,980.1949638822063,1740.1572920154986,3089.331727395626
245,15,7,6.0,55.833333333333336,0,1,0,0,0,0,0,147,242.13025991512546,398.8235562351439,656.9200770849662,1082.042374204401,222,381.055532866118,654.069005080545,1122.6874471269314,1927.0552405723156
246,17,11,13.0,102.08333333333334,0,0,0,0,0,0,1,232,399.97862526110345,689.5814683869053,1188.870033322963,2049.6663859596574,2448,5341.860652144496,11656.648377013713,25436.35265565913,55505.49484695116
247,37,2,3.0,10.166666666666668,0,0,0,0,0,0,1,164,273.10410803576934,454.791791622031,757.3506499568551,1261.192522724249,981,1953.6011763907964,3890.476612023953,7747.644939827599,15428.958479821993
248,68,6,5.0,34.66666666666667,0,0,0,0,0,0,1,122,197.24037236001513,318.88331548128997,515.5464252862771,833.4964663306549,807,1576.0169652256052,3077.8556067892478,6010.845914268407,11738.779598815378
249,30,3,2.0,16.333333333333332,1,0,0,0,0,0,0,28,39.07273703241922,54.52424211444941,76.08612050106568,106.17474921982495,490,910.3652842358492,1691.3570423302397,3142.3525195617835,5838.140091102237
250,46,7,5.0,52.0,1,0,0,0,0,0,0,85,132.54422749424077,206.68202637700037,322.2883473303977,502.55835326238906,128,207.9366134671964,337.79402515786086,548.7480128185822,891.4437768152308
251,34,8,7.0,63.66666666666667,1,0,0,0,0,0,0,73,112.11278631541047,172.18187473157366,264.4354757420232,406.11778063122364,125,202.58207458659538,328.31597555047085,532.0874515754905,862.3310384132589
252,53,6,4.0,38.333333333333336,0,0,0,0,0,1,0,128,207.9366134671964,337.79402515786086,548.7480128185822,891.4437768152308,1295,2651.531221516288,5429.048508629843,11116.055307921599,22760.283945216932
253,27,7,6.0,52.25,0,0,0,0,0,1,0,720,1390.1630664142963,2684.1018766977722,5182.415688164642,10006.115117350699,482,894.0292792316881,1658.274589467906,3075.8216514319824,5705.134054097411
254,27,9,8.0,71.08333333333333,0,0,0,0,0,1,0,572,1079.2837336538933,2036.4569540732277,3842.5085049258532,7250.2743457923225,335,599.168933965845,1071.651974417214,1916.7181226685227,3428.1729978278
255,22,10,11.0,86.9722,0,0,0,0,0,1,0,177,297.0096725649708,498.3883932042434,836.3060648348828,1403.338929269534,1689,3551.3429563223754,7467.162103860585,15700.682972920462,33012.735278467524
256,72,2,1.0,8.666666666666666,0,0,0,0,0,0,1,95,149.79453384941735,236.19370917014965,372.4265954032359,587.2365079110866,9135,22739.42123772637,56604.4092202255,140903.2846383525,350745.39060435136
257,26,10,12.0,86.9166,0,0,1,0,0,0,0,319,567.766483201362,1010.5290891750537,1798.5722480676986,3201.1568654199486,645,1231.7304732851899,2352.185982665668,4491.874656873756,8577.951778370316
258,35,10,10.0,84.61106666666666,0,0,0,0,0,0,1,56,83.754245320012,125.26381444865618,187.34600437595026,280.19684303977436,1065,2138.3784474597824,4293.5797038126775,8620.937371909657,17309.69640656541
259,42,9,9.0,77.08333333333334,0,0,0,1,0,0,0,10,12.589254117941675,15.848931924611133,19.952623149688797,25.118864315095795,293,517.0760022129999,912.5173790599932,1610.3782877618635,2841.9384542202024
260,52,4,3.0,27.666666666666668,0,0,0,0,0,0,1,253,439.9796331740918,765.1465518103089,1330.6280600392133,2314.0286393170186,1022,2043.6004299395051,4086.4018759774203,8171.2060965294095,16339.217506841273
261,21,2,1.0,11.5,1,0,0,0,0,0,0,34,48.37564947394369,68.82951358899608,97.9315418483329,139.33829237934694,62,93.67654367085214,141.53701345350098,213.8499713196592,323.1084867312341
262,60,7,6.0,51.0,1,0,0,0,0,0,0,60,90.35795127689539,136.07598931596323,204.92579354278575,308.61124780530236,490,910.3652842358492,1691.3570423302397,3142.3525195617835,5838.140091102237
263,64,9,8.0,69.66666666666667,1,0,0,0,0,0,0,48,70.69120116166508,104.10929003497905,153.32522426376747,225.80717232473725,2739,6044.372701434385,13338.605824697019,29435.37967214032,64957.43167091685
264,32,8,7.0,58.0,0,0,0,0,0,1,0,521,973.915988610096,1820.5611379469851,3403.2122850072155,6361.6945431915965,1271,2597.527209825224,5308.534701638398,10848.987672546942,22171.943885522476
265,30,11,11.0,93.833275,0,0,0,0,0,1,0,448,824.9085697572192,1518.9155099529019,2796.800046645771,5149.786442802419,293,517.0760022129999,912.5173790599932,1610.3782877618635,2841.9384542202024
266,16,11,13.0,100.54163333333337,0,0,0,0,0,1,0,318,565.8089748986946,1006.7289184777082,1791.246092341961,3187.116714777661,1065,2138.3784474597824,4293.5797038126775,8620.937371909657,17309.69640656541
267,32,6,5.0,41.25,0,0,1,0,0,0,0,424,776.4302409499065,1421.801695899833,2603.608097477578,4767.735996376512,157,260.3092600463528,431.59815838139906,715.5987085708954,1186.4775179504156
268,66,3,2.0,16.25,0,0,0,0,1,0,0,265,462.9887744689417,808.9003972990653,1413.2520891054123,2469.1315198135303,280,491.89661558463587,864.151001512924,1518.1176892795747,2666.989119342106
269,29,11,12.0,100.24988333333332,0,0,0,0,0,1,0,89,139.42126128924411,218.40773145487256,342.14248758158254,535.9768220141992,335,599.168933965845,1071.651974417214,1916.7181226685227,3428.1729978278
270,57,4,3.0,26.25,0,0,0,1,0,0,0,84,130.82996182444748,203.76760608317105,317.36795386809905,494.30044391507585,516,963.6396734707819,1799.6151555947167,3360.81504052396,6276.385093500381
271,48,4,4.0,26.166666666666668,0,0,0,1,0,0,0,80,123.99351900386702,192.17990943702895,297.86329066177115,461.6639698903082,482,894.0292792316881,1658.274589467906,3075.8216514319824,5705.134054097411
272,32,11,10.0,94.0,0,0,0,1,0,0,0,138,225.8743912136058,369.7046420733115,605.1218185300962,990.4458142793868,132,215.09549984776677,350.5005610209135,571.1446467402732,930.68669148466
273,36,10,9.0,82.45833333333334,0,0,0,0,0,0,1,715,1379.54746017711,2661.749922910646,5135.6788052839165,9908.968744216547,128,207.9366134671964,337.79402515786086,548.7480128185822,891.4437768152308
274,66,3,2.0,17.5,1,0,0,0,0,0,0,129,209.72426513862055,340.96331308476255,554.3277540769863,901.2091540289751,173,289.6347811475164,484.903505493466,811.8203508165523,1359.1410961841148
275,64,4,3.0,23.5,1,0,0,0,0,0,0,51,75.56613219696311,111.96549676880197,165.89803000646933,245.8092640526393,792,1543.8236859025021,3009.3327943858385,5866.009149919219,11434.449327482424
276,30,6,5.0,49.25,1,0,0,0,0,0,0,75,115.49611867941121,177.85804573344834,273.8921861082466,421.77979242828536,159,263.95922024405166,438.2042135336334,727.4719654842503,1207.691400997674
277,47,7,6.0,56.875,0,0,0,0,0,1,0,104,165.47663209633416,263.29342086486054,418.9318128638442,666.5713987569286,577,1089.6659857372404,2057.83701988338,3886.230510845422,7339.156326520815
278,29,8,8.0,56.875,0,0,0,0,0,1,0,55,82.11054948483415,122.5844061218435,183.00859899884796,273.21702953172843,566,1066.837011897884,2010.850194267145,3790.1933085269266,7144.025625060451
279,20,9,9.0,79.125,0,0,0,0,0,1,0,261,455.30724192928136,794.2708220430992,1385.5833614151209,2417.111642716554,200,339.7292929268496,577.0799623628853,980.2548378789801,1665.1064148037456
280,40,10,11.0,78.208325,0,0,0,0,0,1,0,201,341.5982704666927,580.544171073809,986.631267504144,1676.7738038197815,436,800.6360447244283,1470.2249452109538,2699.8052408002,4957.7096089920915
281,32,10,12.0,87.91665,0,0,0,0,0,1,0,116,186.5966266390735,300.1577678713944,482.8312667613472,776.6783242546371,405,738.2450191866538,1345.693107046672,2452.9660089654767,4471.333181118335
282,46,2,1.0,9.75,1,0,0,0,0,0,0,63,95.33988075395158,144.28083908218568,218.34473005040726,330.4279448612628,744,1441.2198302449046,2791.820697703157,5408.101279594025,10476.15968833836
283,45,5,4.0,35.0,0,0,0,1,0,0,0,187,315.5191818973852,532.3655301882093,898.2435109911845,1515.5778488372896,213,364.0973883561053,622.3798507405464,1063.8820573713408,1818.575955905281
284,20,10,10.0,89.70830000000001,0,0,0,1,0,0,0,435,798.616323206169,1466.179383198481,2691.7581337256543,4941.7976637155825,1257,2566.071808651043,5238.444333455549,10693.893655742313,21830.78682156925
285,36,7,7.0,50.875,0,0,0,0,0,0,1,88,137.69904852264557,215.4662268641123,337.15334577219045,527.5647149892853,737,1426.3110166110123,2760.3298725996424,5342.047363323395,10338.427415964667
286,21,5,4.0,35.83333333333333,1,0,0,0,0,0,0,168,280.4401623761583,468.13502781884483,781.4515667588346,1304.4666920889917,213,364.0973883561053,622.3798507405464,1063.8820573713408,1818.575955905281
287,31,10,11.0,83.80550833333334,1,0,0,0,0,0,0,195,330.39850420768386,559.8111363214091,948.5167286122942,1607.1205556382936,744,1441.2198302449046,2791.820697703157,5408.101279594025,10476.15968833836
288,23,10,13.0,91.75,1,0,0,0,0,0,0,126,204.36550822691996,331.4703250225972,537.6277891697256,872.0045743697319,436,800.6360447244283,1470.2249452109538,2699.8052408002,4957.7096089920915
289,43,4,3.0,27.0,0,0,0,0,0,1,0,88,137.69904852264557,215.4662268641123,337.15334577219045,527.5647149892853,566,1066.837011897884,2010.850194267145,3790.1933085269266,7144.025625060451
290,33,7,6.0,54.16666666666667,0,0,0,0,0,1,0,641,1223.3305811205257,2334.6922163879576,4455.694829659045,8503.569025370536,577,1089.6659857372404,2057.83701988338,3886.230510845422,7339.156326520815
291,43,8,8.0,60.75,0,0,0,0,0,1,0,596,1129.2000422236695,2139.417341204589,4053.406295339383,7679.7089930317325,1348,2771.1426429925573,5696.759308465701,11711.077630974849,24074.97523634318
292,22,9,9.0,73.58333333333333,0,0,0,0,0,1,0,24,32.9786114475993,45.316200542155286,62.26939041505117,85.56491798236814,1257,2566.071808651043,5238.444333455549,10693.893655742313,21830.78682156925
293,68,2,1.0,10.333333333333334,0,0,0,0,1,0,0,65,98.67444498786934,149.7945552871391,227.3983785409717,345.20628913341193,173,289.6347811475164,484.903505493466,811.8203508165523,1359.1410961841148
294,31,10,12.0,88.83333333333334,0,0,0,1,0,0,0,176,295.1643720461378,495.0114007124475,830.1689161759582,1392.2516297460184,1748,3688.0395619802835,7781.256184629119,16417.380235020566,34638.41407942158
295,47,2,2.0,12.5,0,0,0,1,0,0,0,72,110.42457745237617,169.35537924355296,259.73605822578133,398.3506177601062,3,3.348369522101714,3.7371928188465517,4.171167510947728,4.655536721746079
296,43,6,5.0,40.5,0,0,0,1,0,0,0,50,73.93788183141571,109.33620739432779,161.68175164433939,239.08812494750916,737,1426.3110166110123,2760.3298725996424,5342.047363323395,10338.427415964667
297,39,10,10.0,78.375,0,0,0,0,0,0,1,464,857.3729522731986,1584.2421967449561,2927.3413994375014,5409.1020214381115,405,738.2450191866538,1345.693107046672,2452.9660089654767,4471.333181118335
298,36,7,7.0,56.5,0,0,0,0,0,0,1,38,54.67162168889681,78.65753205510133,113.16670619733615,162.81598286840241,159,263.95922024405166,438.2042135336334,727.4719654842503,1207.691400997674
299,27,1,1.0,6.333333333333333,0,0,0,0,0,1,0,46,67.45802388973735,98.9257605893124,145.07252872052766,212.74578496030335,643,1227.5298740220674,2343.4363788750084,4473.776303171336,8540.737265684
300,44,1,2.0,6.0,0,0,0,0,0,1,0,24,32.9786114475993,45.316200542155286,62.26939041505117,85.56491798236814,484,898.1107563489134,1666.5349807223472,3092.4235372282415,5738.303392502549
301,71,2,3.0,13.041666666666668,0,0,0,0,0,1,0,133,216.8886397719965,353.68933881313393,576.7759368198303,940.5725442862546,511,953.3733113261811,1778.709727493241,3318.540866513347,6191.405664734011
302,21,2,4.0,15.416666666666668,0,0,0,0,0,1,0,35,49.9430255960178,71.26588016241392,101.69239077354787,145.10930500924405,259,451.47087693742355,786.9727904349265,1371.7965089712259,2391.2207447294777
303,37,3,5.0,22.125,0,0,0,0,0,1,0,47,69.0728926279167,101.5120105529299,149.185706497159,219.24868694676914,265,462.9887744689417,808.9003972990653,1413.2520891054123,2469.1315198135303
304,29,3,6.0,23.5,0,0,0,0,0,1,0,43,62.634743194944704,91.23514081620159,132.89510733435824,193.5779283663287,824,1612.575038192577,3155.823123545858,6175.972808229344,12086.431537750894
305,25,3,7.0,25.666666666666668,0,0,0,0,0,1,0,133,216.8886397719965,353.68933881313393,576.7759368198303,940.5725442862546,3,3.348369522101714,3.7371928188465517,4.171167510947728,4.655536721746079
306,47,4,8.0,34.0,0,0,0,0,0,1,0,1813,3839.1721324475084,8129.753261203268,17215.401083334713,36454.98515611979,291,513.1948480865826,905.047945369795,1596.1028963406382,2814.8171251480667
307,30,4,9.0,34.875,0,0,0,0,0,1,0,240,415.176119970688,718.2133774746453,1242.4376807123597,2149.2935649314054,659,1261.1709426422105,2413.584440918118,4619.032723064152,8839.741810989417
308,28,4,10.0,37.16666666666666,0,0,0,0,0,1,0,230,396.18736362084815,682.4540308384259,1175.5637533491172,2024.9717574244137,241,417.07940646151883,721.8059389804673,1249.1717535700107,2161.841549989519
309,39,8,9.0,73.0,1,0,0,0,0,0,0,44,64.238877587428,93.78712258392171,136.92680652149207,199.90964460389907,1426,2948.02714460864,6094.575066864906,12599.56012059801,26047.577311115976
310,27,9,11.0,78.16666666666666,1,0,0,0,0,0,0,123,199.01949622581813,322.02243803234467,521.046694232577,843.0768341162217,265,462.9887744689417,808.9003972990653,1413.2520891054123,2469.1315198135303
311,52,3,3.0,20.666666666666664,1,0,0,0,0,0,0,69,105.37412947279289,160.92329220505667,245.75582359425687,375.30878223353693,1345,2764.3594438467317,5681.548799096357,11677.206749782952,23999.997588485687
312,58,7,6.0,50.5,1,0,0,0,0,0,0,115,184.8279405441204,297.05537048505107,477.4272378636755,767.3208098609648,484,898.1107563489134,1666.5349807223472,3092.4235372282415,5738.303392502549
313,17,9,12.0,81.83333333333333,1,0,0,0,0,0,0,246,426.60762916434766,739.8132896797779,1282.9674533925481,2224.893104011443,824,1612.575038192577,3155.823123545858,6175.972808229344,12086.431537750894
314,46,2,2.0,12.166666666666668,0,0,0,0,0,1,0,11,13.98079776731155,17.769336928223957,22.584500550247288,28.7044849880676,643,1227.5298740220674,2343.4363788750084,4473.776303171336,8540.737265684
315,50,6,5.0,47.333333333333336,0,0,0,0,0,1,0,84,130.82996182444748,203.76760608317105,317.36795386809905,494.30044391507585,291,513.1948480865826,905.047945369795,1596.1028963406382,2814.8171251480667
316,36,7,7.0,57.66666666666666,0,0,0,0,0,1,0,32,45.25483399593906,63.99999999999999,90.5096679918781,127.99999999999996,511,953.3733113261811,1778.709727493241,3318.540866513347,6191.405664734011
317,34,1,1.0,5.833333333333333,1,0,0,0,0,0,0,54,80.46983962849211,119.91472388583766,178.69478889237536,266.2877963817905,259,451.47087693742355,786.9727904349265,1371.7965089712259,2391.2207447294777
318,38,9,13.0,67.16666666666667,0,0,0,0,0,0,1,166,276.76992550052086,461.4553714552036,769.3793299968186,1282.777468944939,659,1261.1709426422105,2413.584440918118,4619.032723064152,8839.741810989417
319,25,4,4.0,34.0,0,0,0,1,0,0,0,415,758.3206916707991,1385.6633046170562,2531.993145976027,4626.657334366893,1,1.0,1.0,1.0,1.0
320,21,9,10.0,79.5,0,1,0,0,0,0,0,182,306.2517131444878,515.3302846369975,867.1471566226207,1459.1500124398285,3,3.348369522101714,3.7371928188465517,4.171167510947728,4.655536721746079
321,32,8,8.0,50.0,0,0,0,0,0,0,1,4,4.59479341998814,5.278031643091577,6.062866266041593,6.964404506368992,241,417.07940646151883,721.8059389804673,1249.1717535700107,2161.841549989519
322,55,8,6.0,60.1666,1,0,0,0,0,0,0,71,108.73871176785997,166.5367244638552,255.05618141181216,390.6264872556341,1,1.0,1.0,1.0,1.0
323,42,10,8.0,83.1666,1,0,0,0,0,0,0,71,108.73871176785997,166.5367244638552,255.05618141181216,390.6264872556341,562,1058.5465160722179,1993.8091222217595,3755.4087189338975,7073.44273283755
324,41,11,11.0,91.08326666666666,1,0,0,0,0,0,0,163,271.2728716881002,451.466079226432,751.3527593958379,1250.4393907489998,933,1848.7143322385161,3663.1775800901364,7258.487560393826,14382.497302545582
325,44,2,2.0,10.0,0,0,0,0,0,1,0,130,211.5133031369914,344.1375184916982,559.9204866888196,911.0048587201841,1484,3080.188471374147,6393.235188130855,13269.790647752146,27542.760222880435
326,39,4,3.0,16.666666666666664,0,0,0,0,0,1,0,59,88.7027762630401,133.3590257079821,200.49687830562965,301.4344023352921,789,1537.3923068933711,2995.659195557564,5837.139925633186,11373.85806835056
327,21,6,4.0,44.41666666666667,0,0,1,0,0,0,0,339,607.0432970689194,1087.0252640598935,1946.5233046965502,3485.6162970633663,1405,2900.3069057518974,5987.032133489062,12358.883019015548,25512.13791276199
328,48,9,7.0,52.83333333333333,0,0,0,0,1,0,0,38,54.67162168889681,78.65753205510133,113.16670619733615,162.81598286840241,581,1097.9782713084555,2074.967787031846,3921.2900926436446,7410.48419487063
329,75,2,1.0,10.666666666666668,0,0,0,1,0,0,0,31,43.70165288902177,61.60756339459819,86.8500758325527,122.43522152965917,2,2.1435469250725863,2.2973967099940698,2.4622888266898326,2.6390158215457884
330,24,11,9.0,87.91666666666666,0,0,0,1,0,0,0,120,193.6865086154477,312.62053016368213,504.5864917409488,814.4299656651809,331,591.3039676883376,1056.3153540905441,1887.0195166279457,3371.003405702211
331,26,11,10.0,94.16666666666669,0,0,0,1,0,0,0,362,652.4983647140531,1176.1163424157812,2119.9281495573773,3821.131632313468,366,660.4336513382679,1191.7284366666563,2150.4304995393595,3880.373406447958
332,38,7,5.0,47.83333333333333,0,0,0,0,0,0,1,86,134.26051117823482,209.60331234698722,327.22613791113633,510.8552156607987,458,845.1854768703627,1559.6910268833653,2878.2275203642853,5311.432531311106
333,24,11,12.0,92.5416,0,0,0,0,0,0,1,155,256.66394663851116,425.0089129293964,703.7707416064661,1165.371458512434,171,285.95370072925533,478.18432140793226,799.6407972941865,1337.1944166103196
334,51,4,3.0,24.0,1,0,0,0,0,0,0,48,70.69120116166508,104.10929003497905,153.32522426376747,225.80717232473725,296,522.9026974192269,923.7406451631866,1631.8461995662408,2882.759390292231
335,41,5,4.0,32.66666666666667,1,0,0,0,0,0,0,69,105.37412947279289,160.92329220505667,245.75582359425687,375.30878223353693,708,1364.6980891743601,2630.5097098815636,5070.411828573404,9773.419962967779
336,39,8,8.0,57.0,1,0,0,0,0,0,0,80,123.99351900386702,192.17990943702895,297.86329066177115,461.6639698903082,377,682.3001790160532,1234.8369609690653,2234.82620563616,4044.62153892657
337,18,10,11.0,78.49986666666666,1,0,0,0,0,0,0,102,161.97955031042886,257.2291639094973,408.488865654784,648.6945369174415,199,337.8612496458904,573.6192161421233,973.8879657621801,1653.46233732414
338,48,11,12.0,91.99986666666668,1,0,0,0,0,0,0,54,80.46983962849211,119.91472388583766,178.69478889237536,266.2877963817905,399,726.2233111026507,1321.8052571150292,2405.829048759316,4378.870019390798
339,56,2,1.0,9.0,0,0,0,0,0,1,0,15,19.665291345596252,25.78157891381218,33.800150712639834,44.31265408594165,593,1122.9493360535012,2126.5011995666055,4026.902378027476,7625.644775308959
340,36,6,5.0,40.333333333333336,0,0,0,0,0,1,0,4,4.59479341998814,5.278031643091577,6.062866266041593,6.964404506368992,815,1593.2112691536406,3114.5057032615346,6088.424029790874,11902.019356624081
341,36,10,10.0,83.5,0,0,0,0,0,1,0,221,379.1678456920018,650.5350914330927,1116.1175980350008,1914.913598126074,1,1.0,1.0,1.0,1.0
342,35,11,14.0,96.6666,0,0,0,0,1,0,0,50,73.93788183141571,109.33620739432779,161.68175164433939,239.08812494750916,547,1027.5100040905706,1930.122136208781,3625.63035479193,6810.5511164225745
343,42,9,9.0,70.33326666666667,0,0,0,1,0,0,0,96,151.52990687977484,239.18034040617928,377.5309865543874,595.9087003834978,1555,3242.67507016765,6762.020328415921,14100.98697293966,29405.092554283056
344,45,11,13.0,84.16666666666666,0,0,0,1,0,0,0,37,53.091121129988316,76.18019304970512,109.31059072723754,156.84923819163083,156,258.48601915381016,428.3014237050246,709.6790385347509,1175.9109586394295
345,35,11,15.0,95.33333333333334,0,0,0,0,0,0,1,47,69.0728926279167,101.5120105529299,149.185706497159,219.24868694676914,828,1621.1879627475766,3174.2154716879636,6214.975741386048,12168.652005680244
346,59,3,2.0,13.0,0,0,0,0,0,0,1,429,786.5077772040875,1441.9451832226425,2643.5923098055505,4846.633826151469,1,1.0,1.0,1.0,1.0
347,48,7,6.0,51.66666666666666,0,0,0,0,0,0,1,57,85.40087909704994,127.95280965875322,191.70670925956188,287.22669297489705,1449,3000.3728298726132,6212.724029149606,12864.381212254788,26637.63965657206
348,41,7,7.0,51.0,0,0,0,0,0,0,1,126,204.36550822691996,331.4703250225972,537.6277891697256,872.0045743697319,2,2.1435469250725863,2.2973967099940698,2.4622888266898326,2.6390158215457884
349,75,2,1.0,7.0,1,0,0,0,0,0,0,200,339.7292929268496,577.0799623628853,980.2548378789801,1665.1064148037456,10,12.589254117941675,15.848931924611133,19.952623149688797,25.118864315095795
350,48,4,3.0,24.58333333333333,1,0,0,0,0,0,0,115,184.8279405441204,297.05537048505107,477.4272378636755,767.3208098609648,746,1445.4820741299152,2800.8289901218745,5427.008174161613,10515.607281376837
351,54,9,10.0,76.54166666666667,1,0,0,0,0,0,0,51,75.56613219696311,111.96549676880197,165.89803000646933,245.8092640526393,867,1705.3793786847893,3354.462312852726,6598.190144076498,12978.566791636978
352,29,4,4.0,25.291666666666668,0,0,0,0,0,1,0,60,90.35795127689539,136.07598931596323,204.92579354278575,308.61124780530236,662,1267.487801721556,2426.7754192038374,4646.387071538639,8896.13132213287
353,40,7,7.0,52.45833333333333,0,0,0,0,0,1,0,163,271.2728716881002,451.466079226432,751.3527593958379,1250.4393907489998,1024,2048.0000000000014,4095.9999999999986,8192.000000000002,16383.999999999989
354,18,9,11.0,75.875,0,0,0,0,0,1,0,532,996.5584948945477,1866.7835220798588,3496.915370409486,6550.52766599414,409,746.2694079315463,1361.6577731405866,2484.5074331711817,4533.280907467436
355,31,10,15.0,79.33333333333333,0,0,0,0,0,1,0,142,233.08653124635052,382.60092287644983,628.02198566848,1030.8694801824727,220,377.28101248452657,647.0043744606788,1109.5566612656485,1902.7939116875193
356,34,10,13.0,79.125,0,0,0,0,0,1,0,16,21.112126572366314,27.85761802547597,36.75834735990512,48.50293012833273,1555,3242.67507016765,6762.020328415921,14100.98697293966,29405.092554283056
357,47,5,5.0,38.83333333333333,0,0,0,1,0,0,0,165,274.9364613380433,458.1215622611228,763.3595223680555,1271.9719139913443,402,732.2319222689929,1333.7402686312034,2429.3711460382815,4425.0325974339175
358,36,8,9.0,62.54166666666667,0,0,0,1,0,0,0,110,176.0078158642367,281.62501132090017,450.62002850302343,721.0240636499742,612,1162.589949943448,2208.5218818782787,4195.433568793917,7969.883827998651
359,21,8,8.0,67.25,0,1,0,0,0,0,0,82,127.40757146080264,197.9596251895063,307.57994015470405,477.9026000630465,1474,3057.36459385369,6341.572767808769,13153.663534359077,27283.273520633495
360,18,10,14.0,91.75,0,1,0,0,0,0,0,186,313.6636837633115,528.9511102794116,892.0040525856659,1504.243425085066,600,1137.5392102014284,2156.6590912428132,4088.807132210134,7751.964059733796
361,38,3,2.0,19.25,0,0,0,0,0,0,1,2072,4446.606783435514,9542.62156684107,20478.90240872275,43948.66137448857,3,3.348369522101714,3.7371928188465517,4.171167510947728,4.655536721746079
362,50,6,6.0,43.875,0,0,0,0,0,0,1,96,151.52990687977484,239.18034040617928,377.5309865543874,595.9087003834978,2,2.1435469250725863,2.2973967099940698,2.4622888266898326,2.6390158215457884
363,39,10,12.0,89.375,0,0,0,0,0,0,1,55,82.11054948483415,122.5844061218435,183.00859899884796,273.21702953172843,242,418.98348286380565,725.4014831102673,1255.9142143310328,2174.4103789197334
364,51,1,1.0,4.5,1,0,0,0,0,0,0,15,19.665291345596252,25.78157891381218,33.800150712639834,44.31265408594165,835,1636.2705843374613,3206.4448205605427,6283.366874472366,12312.920224310818
365,71,3,3.0,16.5,1,0,0,0,0,0,0,24,32.9786114475993,45.316200542155286,62.26939041505117,85.56491798236814,880,1733.5283136503663,3414.9095616221343,6727.093651849239,13251.826493248042
366,50,5,5.0,39.0,1,0,0,0,0,0,0,54,80.46983962849211,119.91472388583766,178.69478889237536,266.2877963817905,436,800.6360447244283,1470.2249452109538,2699.8052408002,4957.7096089920915
367,24,5,6.0,34.75,1,0,0,0,0,0,0,117,188.3668381387757,303.265518892305,488.24928983127046,786.0681619574274,253,439.9796331740918,765.1465518103089,1330.6280600392133,2314.0286393170186
368,39,9,11.0,71.625,1,0,0,0,0,0,0,25,34.493241536530384,47.59134846789696,65.6631951100942,90.59745795971192,554,1041.9832584337587,1959.7998390906712,3686.062494970494,6932.8798001801815
369,32,9,12.0,73.375,1,0,0,0,0,0,0,41,59.437733772256124,86.16693160930716,124.91627173088293,181.09122202348823,53,78.83216547687636,117.25491158063417,174.40487910756713,259.4097035807988
370,50,10,14.0,90.625,1,0,0,0,0,0,0,51,75.56613219696311,111.96549676880197,165.89803000646933,245.8092640526393,1057,2120.7158684351543,4254.906144401763,8536.84671630564,17127.934056450216
371,61,4,4.0,24.0,0,0,0,0,0,0,1,12,15.385066247841788,19.725021954206706,25.289230792133658,32.423040924494714,1672,3512.043613179216,7377.063601000539,15495.555684157185,32548.48527105685
372,34,6,7.0,42.5,0,0,0,1,0,0,0,68,103.69547467826129,158.12869806985174,241.13574127365786,367.71595813626953,265,462.9887744689417,808.9003972990653,1413.2520891054123,2469.1315198135303
373,32,7,8.0,55.0,0,0,0,1,0,0,0,109,174.24853993250795,278.5555382441356,445.3017965977478,711.8641090502762,26,36.01394382095229,49.88477498225796,69.09798014353402,95.71118365501958
374,50,8,9.0,65.75,0,1,0,0,0,0,0,317,563.8520820688619,1002.9311370769408,1783.9268448344612,3173.094213622856,913,1805.1689520935658,3569.1510904737984,7056.868273662864,13952.726732344256
375,18,10,16.0,94.75,0,1,0,0,0,0,0,184,309.9556842939679,522.1332947072925,879.5553405090374,1481.6477034885452,1832,3883.452667793481,8232.098593336397,17450.308539209167,36990.96465633793
376,50,2,2.0,10.75,0,0,0,0,0,0,1,85,132.54422749424077,206.68202637700037,322.2883473303977,502.55835326238906,9,11.211578456539659,13.966610165238235,17.398638404385867,21.674022167526225
377,34,8,10.0,53.875,0,0,0,0,0,0,1,82,127.40757146080264,197.9596251895063,307.57994015470405,477.9026000630465,0,0.0,0.0,0.0,0.0
378,40,10,13.0,86.375,0,0,0,0,0,0,1,73,112.11278631541047,172.18187473157366,264.4354757420232,406.11778063122364,424,776.4302409499065,1421.801695899833,2603.608097477578,4767.735996376512
379,31,10,15.0,90.625,0,0,0,0,0,0,1,66,100.34559884453336,152.56423041618189,231.95680399041126,352.66430912851274,1509,3137.315273217716,6522.695244244622,13561.13413672181,28194.534956455536
380,32,2,2.0,10.333333333333332,1,0,0,0,0,0,0,279,489.96451004573066,860.448821162554,1511.0730648040765,2653.663705519817,283,497.6970643466356,875.2733846616919,1539.2967987521824,2707.0794978697318
381,55,5,5.0,32.5,1,0,0,0,0,0,0,67,102.0192867638687,155.34231151952935,236.53599739512075,360.1676678840373,440,808.719554199479,1486.4257212377347,2732.0489696136815,5021.503238084363
382,68,8,8.0,55.45833333333333,1,0,0,0,0,0,0,30,42.15347479450939,59.23051457504459,83.22573344016544,116.94179522748564,861,1692.401753368928,3326.624500355653,6538.890983974379,12852.997173480253
383,49,11,10.0,80.49999999999999,1,0,0,0,0,0,0,58,87.05040438186573,130.65125694907485,196.09042673131052,294.30605073057205,436,800.6360447244283,1470.2249452109538,2699.8052408002,4957.7096089920915
384,17,11,14.0,100.33333333333334,1,0,0,0,0,0,0,141,231.2815684787204,379.369956865085,622.278572038733,1020.7203132752938,1556,3244.9689976581653,6767.238943292173,14112.776716406235,29431.569997178765
385,38,4,4.0,23.5,0,0,0,0,0,1,0,63,95.33988075395158,144.28083908218568,218.34473005040726,330.4279448612628,75,115.49611867941121,177.85804573344834,273.8921861082466,421.77979242828536
386,58,1,1.0,4.0,1,0,0,0,0,0,0,577,1089.6659857372404,2057.83701988338,3886.230510845422,7339.156326520815,1299,2660.541675199844,5449.177833314228,11160.711871522475,22858.767558955464
387,52,3,3.0,15.0,0,0,1,0,0,0,0,30,42.15347479450939,59.23051457504459,83.22573344016544,116.94179522748564,655,1252.7529381518623,2396.0151512185057,4582.6183519776505,8764.715427280364
388,46,11,13.0,97.75,0,0,0,1,0,0,0,117,188.3668381387757,303.265518892305,488.24928983127046,786.0681619574274,305,540.4180216581051,957.5463545339665,1696.6403493874643,3006.213183873077
389,27,7,7.0,53.79166666666666,0,1,0,0,0,0,0,120,193.6865086154477,312.62053016368213,504.5864917409488,814.4299656651809,37,53.091121129988316,76.18019304970512,109.31059072723754,156.84923819163083
390,26,9,9.0,57.75,0,0,0,0,0,0,1,2,2.1435469250725863,2.2973967099940698,2.4622888266898326,2.6390158215457884,0,0.0,0.0,0.0,0.0
391,53,6,6.0,37.33333333333333,0,0,0,0,0,0,1,31,43.70165288902177,61.60756339459819,86.8500758325527,122.43522152965917,660,1263.276243470865,2417.980101996754,4628.146697026907,8858.526929776112
392,27,11,11.0,97.08333333333331,0,0,0,0,0,0,1,0,0.0,0.0,0.0,0.0,964,1916.3937124219458,3809.714586110334,7573.561285211639,15055.939032802733
393,38,11,12.0,97.25,0,0,0,0,0,0,1,244,422.7939936724824,732.6014798587166,1269.4242026222848,2199.6103618491047,9,11.211578456539659,13.966610165238235,17.398638404385867,21.674022167526225
394,51,2,1.0,12.0,1,0,0,0,0,0,0,52,77.19757853713917,114.60511792303392,170.13918445425972,252.58332796447132,10,12.589254117941675,15.848931924611133,19.952623149688797,25.118864315095795
395,68,3,3.0,15.75,1,0,0,0,0,0,0,36,51.51488691978921,73.71621039885189,105.48561785700679,150.94665765466107,95,149.79453384941735,236.19370917014965,372.4265954032359,587.2365079110866
396,74,3,3.0,15.583333333333332,1,0,0,0,0,0,0,67,102.0192867638687,155.34231151952935,236.53599739512075,360.1676678840373,679,1303.337081729645,2501.748967027312,4802.094547725376,9217.596309311079
397,24,9,11.0,81.625,1,0,0,0,0,0,0,62,93.67654367085214,141.53701345350098,213.8499713196592,323.1084867312341,120,193.6865086154477,312.62053016368213,504.5864917409488,814.4299656651809
398,38,7,8.0,54.75,0,0,0,0,0,1,0,79,122.28967770665166,189.3008262480598,293.03211432250754,453.6050989645331,365,658.449012842302,1187.822198665757,2142.7954908044944,3865.5385634058994
399,39,9,9.0,74.83333333333333,0,0,0,0,0,1,0,73,112.11278631541047,172.18187473157366,264.4354757420232,406.11778063122364,1109,2235.757522996421,4507.314428886459,9086.800850219312,18319.101317266064
400,26,9,10.0,75.33333333333333,0,0,0,0,0,1,0,305,540.4180216581051,957.5463545339665,1696.6403493874643,3006.213183873077,127,206.15035786672095,334.6296854218667,543.1813338783156,881.7088690199803
401,28,9,12.0,72.33333333333333,0,0,0,0,0,1,0,184,309.9556842939679,522.1332947072925,879.5553405090374,1481.6477034885452,309,548.2193083380902,972.6356311802382,1725.6234077366084,3061.553627965632
402,33,2,1.0,11.666666666666668,0,0,0,0,1,0,0,104,165.47663209633416,263.29342086486054,418.9318128638442,666.5713987569286,1,1.0,1.0,1.0,1.0
403,27,4,5.0,28.291666666666668,0,0,1,0,0,0,0,68,103.69547467826129,158.12869806985174,241.13574127365786,367.71595813626953,480,889.9494953267355,1650.0210504839793,3059.2404190764732,5672.01972300053
404,51,5,6.0,36.33333333333333,0,0,0,0,0,0,1,71,108.73871176785997,166.5367244638552,255.05618141181216,390.6264872556341,1334,2739.5006797923697,5625.83506340543,11553.207631633379,23725.652294334323
405,26,6,7.0,47.25,0,0,0,0,0,0,1,45,65.84666218484509,96.35073157522456,140.98609051769998,206.29918833513275,533,998.6192417253775,1870.9951030847403,3505.462872634855,6567.77237479752
406,29,9,13.0,80.08333333333333,0,0,0,0,0,0,1,80,123.99351900386702,192.17990943702895,297.86329066177115,461.6639698903082,725,1400.7860472168852,2706.4848966586246,5229.250041713979,10103.531718401719
407,54,2,1.0,9.5,1,0,0,0,0,0,0,196,332.2627678021975,563.2578921815148,954.8450318503154,1618.670679105933,769,1494.5793372380767,2904.769044602088,5645.523788701002,10972.279847176238
408,44,8,7.0,60.58333333333333,1,0,0,0,0,0,0,65,98.67444498786934,149.7945552871391,227.3983785409717,345.20628913341193,51,75.56613219696311,111.96549676880197,165.89803000646933,245.8092640526393
409,55,11,10.0,90.0416,1,0,0,0,0,0,0,40,57.84502198367701,83.65116420730185,120.97008581328876,174.93793183092444,495,920.5888676588002,1712.0886126410317,3184.100438874209,5921.7119546163485
410,46,2,1.0,11.0,0,0,0,0,0,1,0,18,24.03254452572564,32.08684424338806,42.840472942735936,57.19808741663585,155,256.66394663851116,425.0089129293964,703.7707416064661,1165.371458512434
411,24,11,12.0,94.4722,0,0,0,0,0,1,0,63,95.33988075395158,144.28083908218568,218.34473005040726,330.4279448612628,64,97.00586025666551,147.03338943962046,222.86094420380783,337.7940251578608
412,59,9,8.0,57.58333333333333,1,0,0,0,0,0,0,59,88.7027762630401,133.3590257079821,200.49687830562965,301.4344023352921,1454,3011.7633714643634,6238.458463338634,12922.118771860492,26766.4126539212
413,22,11,14.0,97.2222,0,0,0,0,1,0,0,147,242.13025991512546,398.8235562351439,656.9200770849662,1082.042374204401,0,0.0,0.0,0.0,0.0
414,41,4,4.0,29.0,0,0,0,0,1,0,0,30,42.15347479450939,59.23051457504459,83.22573344016544,116.94179522748564,497,924.6811993041873,1720.3929986853702,3200.83513339822,5955.235553170302
415,29,3,3.0,19.5,0,0,0,1,0,0,0,52,77.19757853713917,114.60511792303392,170.13918445425972,252.58332796447132,145,238.5090169811638,392.32104262980016,645.3248704735096,1061.4882792422998
416,34,6,5.0,39.83333333333333,0,0,0,1,0,0,0,66,100.34559884453336,152.56423041618189,231.95680399041126,352.66430912851274,192,324.8114659486767,549.492127144418,929.5903299220577,1572.6124885088398
417,24,11,13.0,96.70833333333334,0,1,0,0,0,0,0,90,141.14541025261806,221.35585372644266,347.148475400414,544.4268219884697,13226,34164.20901571914,88249.90002039487,227959.17359088815,588843.5546355428
418,26,7,6.0,51.08333333333333,0,0,0,0,0,0,1,29,40.61044960745049,56.86926266618188,79.63745950751189,111.52113917914444,29,40.61044960745049,56.86926266618188,79.63745950751189,111.52113917914444
419,32,10,9.0,89.70833333333334,0,0,0,0,0,0,1,33,46.81287713873368,66.40743836382342,94.20373494617257,133.63478394075776,1967,4199.37632932728,8965.308365691015,19140.16458363126,40862.61011282629
420,33,11,11.0,92.4444,0,0,0,0,0,0,1,83,129.11773577858514,200.86011677817484,312.4651022484354,486.0817652065305,434,796.5970659387311,1462.1356807884663,2683.7165744710173,4925.900343398046
