index,celebrity_age_during_season,elimination_order,score_sum,industry_Actor_Performer,industry_Influencer,industry_Model_Fashion,industry_Music,industry_Others,industry_Sports,industry_TV_Media,fame_1,fame_1.1,fame_1.2,fame_1.3,fame_1.4
0,50,5,48.33333333,1,0,0,0,0,0,0,49,72.31288491813308,106.7174147996562,157.49069663608591,232.42054329636488
1,29,6,42.66666667,1,0,0,0,0,0,0,114,183.06079178697712,293.9583639445171,472.0372882112955,757.9957871310279
2,42,2,15.0,0,0,0,0,0,1,0,47,69.0728926279167,101.5120105529299,149.185706497159,219.24868694676914
3,35,3,31.66666667,0,0,1,0,0,0,0,24,32.9786114475993,45.316200542155286,62.26939041505117,85.56491798236814
4,32,4,35.16666667,0,0,0,1,0,0,0,31,43.70165288902177,61.60756339459819,86.8500758325527,122.43522152965917
5,32,1,12.33333333,0,0,0,0,0,0,1,39,56.25628739463053,81.14794542121189,117.05338818203819,168.84587297651242
6,42,2,13.33333333,1,0,0,0,0,0,0,118,190.13856330404124,306.37858690953266,493.68122323814305,795.4901569210344
7,39,5,38.33333333,1,0,0,0,0,0,0,167,278.6044944985786,464.79319972939186,775.4100266885276,1293.6090929023135
8,66,6,43.33333333,1,0,0,0,0,0,0,109,174.24853993250795,278.5555382441356,445.3017965977478,711.8641090502762
9,42,7,56.16666667,1,0,0,0,0,0,0,129,209.72426513862055,340.96331308476255,554.3277540769863,901.2091540289751
10,26,8,73.38883333,0,0,0,0,0,1,0,1690,3553.655918356774,7472.467684066333,15712.768645095894,33040.10253811578
11,43,9,60.05553333,0,0,0,0,0,1,0,637,1214.9359290953917,2317.2202697125285,4419.582670803556,8429.371708581795
12,44,3,23.0,0,0,0,0,0,0,1,48,70.69120116166508,104.10929003497905,153.32522426376747,225.80717232473725
13,35,4,16.66666667,0,0,0,1,0,0,0,865,1701.0525025651273,3345.1787473792806,6578.410034401391,12936.671505107532
14,29,10,73.1666,0,0,0,1,0,0,0,107,170.73484139522105,272.43351463786223,434.7092795554957,693.6450457751242
15,46,1,4.333333333,0,0,0,0,0,0,1,74,113.80330944684268,175.01612487910566,269.1542461865422,413.9276211851177
16,54,3,20.0,1,0,0,0,0,0,0,79,122.28967770665166,189.3008262480598,293.03211432250754,453.6050989645331
17,42,4,32.33333333,1,0,0,0,0,0,0,157,260.3092600463528,431.59815838139906,715.5987085708954,1186.4775179504156
18,25,8,66.5,1,0,0,0,0,0,0,427,782.4753454857504,1433.8821224661442,2627.5817544790098,4815.030307091369
19,30,9,77.66666667,1,0,0,0,0,0,0,158,262.1336626162108,434.8990954214516,721.529700957608,1197.071032901246
20,32,10,89.55553333,1,0,0,0,0,0,0,424,776.4302409499065,1421.801695899833,2603.608097477578,4767.735996376512
21,37,11,85.88886667,0,0,0,0,0,1,0,438,804.6768766838691,1478.321634405721,2715.916062803169,4989.577293954343
22,31,2,13.33333333,0,0,1,0,0,0,0,228,392.39939733632775,675.338978201373,1162.2921405436412,2000.362874903836
23,25,5,40.66666667,0,0,0,1,0,0,0,897,1770.4011676284667,3494.225523233259,6896.522794079545,13611.607588868164
24,35,6,35.0,0,0,0,1,0,0,0,544,1021.312834714325,1917.4262984415604,3599.801632752106,6758.315459476661
25,62,7,47.66666667,0,0,0,0,0,0,1,431,790.5420892887222,1450.0157655150283,2659.625273252521,4878.296334668524
26,37,1,4.0,0,0,0,0,0,0,1,999,1993.0676361947799,3976.294897344386,7932.957629493033,15826.747858505503
27,59,6,44.5,1,0,0,0,0,0,0,359,646.5526460728714,1164.4298722669391,2097.1175907534403,3776.8716641437327
28,42,8,72.83333333,1,0,0,0,0,0,0,145,238.5090169811638,392.32104262980016,645.3248704735096,1061.4882792422998
29,44,4,26.0,0,0,0,0,0,1,0,236,407.5709327080969,703.8731575785926,1215.5857599258486,2099.3111099985517
30,29,9,87.4444,0,0,0,0,0,1,0,277,486.1023783738601,853.0524269340186,1497.006547329314,2627.0701916896
31,24,11,89.61106667,0,0,0,0,0,1,0,218,373.5099219707152,639.9525771127045,1096.4616382675429,1878.6206465742755
32,28,2,20.0,0,0,1,0,0,0,0,295,520.959806515326,919.9970169643578,1624.6829422116236,2869.133936350227
33,41,1,13.33333333,0,0,1,0,0,0,0,330,589.3392062915007,1052.486969916047,1879.6116226741506,3356.754005585037
34,39,5,44.33333333,0,0,1,0,0,0,0,1087,2187.018710207438,4400.230762463108,8853.161919721395,17812.35580766022
35,45,7,50.66666667,0,0,0,1,0,0,0,2199,4747.311750753082,10248.735270049228,22125.48493763632,47765.609202160544
36,30,10,89.22216667,0,0,0,1,0,0,0,452,833.0139575722277,1535.2041006861598,2829.3062911364837,5214.273519388496
37,50,3,25.33333333,0,0,0,0,0,0,1,93,146.32928259906882,230.23934350492604,362.26621463609035,570.0016698664444
38,38,8,64.66666667,1,0,0,0,0,0,0,94,148.06098659843977,233.21335906918443,367.3382982097834,578.6007537056634
39,56,7,57.0,1,0,0,0,0,0,0,416,760.3309403180344,1389.671006742562,2539.92755598385,4642.272853319436
40,23,6,54.0,1,0,0,0,0,0,0,801,1563.132409454076,3050.415642304246,5952.813424209036,11616.773521616013
41,35,9,75.83333333,1,0,0,0,0,0,0,279,489.96451004573066,860.448821162554,1511.0730648040765,2653.663705519817
42,30,4,27.66666667,0,0,0,0,0,1,0,1603,3352.948435965044,7013.264637704566,14669.441483468794,30683.64371707882
43,29,1,5.333333333,0,0,1,0,0,0,0,461,851.2772317805615,1571.958623314479,2902.760488782499,5360.203716730482
44,22,2,14.0,0,0,1,0,0,0,0,49,72.31288491813308,106.7174147996562,157.49069663608591,232.42054329636488
45,32,12,88.8333,0,0,0,0,0,1,0,30,42.15347479450939,59.23051457504459,83.22573344016544,116.94179522748564
46,32,11,90.77773333,0,0,0,1,0,0,0,1039,2081.0240644392275,4168.105059456358,8348.341609085253,16720.98150785918
47,65,3,17.33333333,0,0,0,1,0,0,0,333,595.2352698945144,1063.9790586378228,1901.8554418330207,3399.553865525008
48,47,10,80.83333333,0,0,0,1,0,0,0,558,1050.2619189032223,1976.7922908571277,3720.6983237790387,7003.060503928621
49,49,5,34.0,0,0,0,0,0,0,1,1405,2900.3069057518974,5987.032133489062,12358.883019015548,25512.13791276199
50,34,10,82.5,1,0,0,0,0,0,0,173,289.6347811475164,484.903505493466,811.8203508165523,1359.1410961841148
51,49,3,18.33333333,1,0,0,0,0,0,0,662,1267.487801721556,2426.7754192038374,4646.387071538639,8896.13132213287
52,62,5,38.0,1,0,0,0,0,0,0,634,1208.6433967144847,2304.130694671175,4392.543137667941,8373.84583300611
53,42,6,44.66666667,1,0,0,0,0,0,0,417,762.3416722566456,1393.680636112849,2547.867689990347,4657.903394426656
54,34,7,56.5,1,0,0,0,0,0,0,780,1518.1128731073898,2954.7008916594496,5750.730076679607,11192.637639965571
55,35,9,69.66666667,1,0,0,0,0,0,0,223,382.94407054404513,657.6061038782173,1129.266180420335,1939.2187796317878
56,33,11,87.16666667,0,0,0,0,0,1,0,650,1242.2376628991433,2374.0837094232666,4537.194151878288,8671.189937459903
57,36,12,94.0,0,0,0,0,0,1,0,643,1227.5298740220674,2343.4363788750084,4473.776303171336,8540.737265684
58,34,2,10.0,0,0,0,0,0,1,0,1026,2052.4004294359647,4105.6018740242935,8212.806090975206,16428.817493169387
59,53,1,11.0,1,0,0,0,0,0,0,729,1409.2897107552558,2724.4135649391355,5266.787386708875,10181.658810458668
60,43,4,24.66666667,0,0,0,0,0,0,1,1307,2678.570899937734,5489.473654164675,11250.148726870968,23056.098699133952
61,21,8,67.33333333,0,0,0,1,0,0,0,1804,3818.2133038700963,8081.34857752249,17104.386170680737,36201.881835601314
62,50,2,6.166666667,1,0,0,0,0,0,0,237,409.4710297005938,707.4536884559678,1222.286034926364,2111.775195400648
63,82,7,35.0,1,0,0,0,0,0,0,555,1044.0523648855617,1964.0456587804188,3694.714441068319,6950.406035629206
64,61,8,51.16666667,1,0,0,0,0,0,0,438,804.6768766838691,1478.321634405721,2715.916062803169,4989.577293954343
65,18,10,68.5,1,0,0,0,0,0,0,1832,3883.452667793481,8232.098593336397,17450.308539209167,36990.96465633793
66,31,4,14.0,0,0,0,0,0,1,0,661,1265.381863308776,2422.377095296199,4637.264814648116,8877.323436937442
67,34,9,59.83333333,0,0,0,0,0,1,0,349,626.7696660841233,1125.6166599518706,2021.496785377536,3630.4093557627657
68,35,12,80.83333333,0,0,0,0,0,1,0,732,1415.6705225406047,2737.8729896043524,5294.9809915888,10240.366813121687
69,43,1,4.0,1,0,0,0,0,0,0,0,0.0,0.0,0.0,0.0
70,40,6,37.16666667,0,0,0,1,0,0,0,1944,4145.394688915344,8839.65901588864,18849.73021413961,40195.25283805622
71,29,11,81.16666667,0,0,0,1,0,0,0,2675,5889.1981229465655,12965.478329464408,28544.400239620994,62842.477873574266
72,27,3,11.83333333,0,0,0,0,0,0,1,2719,5995.841287220471,13221.814174894289,29156.270438318516,64294.36192550039
73,41,5,23.83333333,0,0,0,0,0,0,1,140,229.47788538288188,376.14357056999296,616.5473655340627,1010.5998977224518
74,37,13,89.83333333,0,0,0,0,0,0,1,754,1462.542450706336,2836.9103715094066,5502.787595731551,10673.820233392093
75,33,12,101.5,1,0,0,0,0,0,0,128,207.9366134671964,337.79402515786086,548.7480128185822,891.4437768152308
76,38,2,18.33333333,1,0,0,0,0,0,0,1215,2471.9171220879866,5029.114616026127,10231.732122055912,20816.455819858118
77,52,5,34.66666667,1,0,0,0,0,0,0,419,766.3645818399291,1401.7056618107126,2563.7650915900426,4689.209456687848
78,50,7,46.0,0,0,0,0,0,1,0,1911,4068.0544362893384,8659.898951655332,18434.81964840338,39243.24953055003
79,39,10,72.66666667,0,0,0,0,0,1,0,243,420.88834623923736,728.9999999999998,1262.665038717712,2186.999999999999
80,17,13,97.0,0,0,0,0,0,1,0,1293,2647.027037712969,5418.98850609705,11093.74253108639,22711.087725608613
81,58,4,17.33333333,0,0,0,0,1,0,0,2458,5365.869007627938,11713.812126534573,25571.51401584547,55823.187361980636
82,50,1,11.66666667,0,0,0,1,0,0,0,1185,2404.862140660372,4880.474190364201,9904.529627744261,20100.445842034685
83,29,8,61.16666667,0,0,0,1,0,0,0,425,778.4448020585153,1425.8266114162827,2611.593680691087,4783.485943112563
84,34,9,76.66666667,0,0,0,1,0,0,0,4336,10018.396154754564,23147.661788192076,53483.03640460854,123573.39627779693
85,34,6,31.66666667,0,0,0,0,0,0,1,1684,3539.7802016914784,7440.643631999372,15640.286826836787,32875.996234211874
86,30,3,23.0,0,0,0,0,0,0,1,1205,2449.546858008038,4979.485319151072,10122.392214127518,20576.990907585936
87,26,11,97.83333333,0,0,0,0,0,0,1,381,690.2675752512897,1250.5756573314811,2265.700332426481,4104.828017611721
88,34,1,6.3333,1,0,0,0,0,0,0,69,105.37412947279289,160.92329220505667,245.75582359425687,375.30878223353693
89,45,5,20.0,1,0,0,0,0,0,0,264,461.0672972956314,805.2388357405224,1406.3230820922863,2456.0969037301215
90,33,8,45.66663333,1,0,0,0,0,0,0,1220,2483.1091699576696,5053.95995895726,10286.503539906278,20936.484644871533
91,45,11,56.49993333,1,0,0,0,0,0,0,302,534.5737600208647,946.25531424783,1674.9776863483025,2964.8977474909257
92,39,6,25.0,0,0,0,0,0,1,0,3603,8172.043850133059,18535.193085899926,42040.080674065306,95352.03517390853
93,27,7,39.99993333,0,0,0,0,0,1,0,213,364.0973883561053,622.3798507405464,1063.8820573713408,1818.575955905281
94,21,9,42.6666,0,0,0,0,0,1,0,146,240.31901836771806,395.57007252892845,651.1165172999939,1071.7512484968609
95,43,10,45.1666,0,0,0,0,0,1,0,1154,2335.7501730832505,4727.667999184078,9569.021964795804,19368.1496624863
96,30,13,81.1666,0,0,1,0,0,0,0,615,1168.8603515534026,2221.5195470464096,4222.1888109649135,8024.632679527293
97,46,3,12.66663333,0,0,1,0,0,0,0,466,861.4389576254592,1592.4400809331262,2943.755200429258,5441.771269017813
98,62,4,17.66663333,0,0,0,0,1,0,0,3207,7189.668325381962,16118.282079513741,36135.04899490229,81009.98353438535
99,42,2,6.3333,0,0,0,1,0,0,0,822,1608.2701422844686,3146.633638155354,6156.492614298305,12045.381086095866
100,21,12,68.83323333,0,0,0,1,0,0,0,2433,5305.866515263482,11570.990332015703,25233.921147176163,55029.92900271305
101,29,15,94.77766667,0,0,0,1,0,0,0,4259,9822.870172631012,22655.266125466973,52251.64073183078,120512.11157918087
102,51,16,88.22206667,0,0,0,1,0,0,0,982,1955.791870365994,3895.2360898062193,7757.913520976809,15450.981868970312
103,24,14,81.57386667,0,0,0,0,0,0,1,1342,2757.577757514598,5666.345073576175,11643.358525555948,23925.086805395676
104,32,3,23.5,1,0,0,0,0,0,0,167,278.6044944985786,464.79319972939186,775.4100266885276,1293.6090929023135
105,38,1,12.66666667,1,0,0,0,0,0,0,1768,3734.482999549883,7888.214521451961,16661.992662423567,35194.529602061986
106,40,7,55.99993333,1,0,0,0,0,0,0,325,579.5243614072398,1033.3799552752882,1842.6734112983186,3285.7665598915596
107,80,2,13.0,0,0,0,0,1,0,0,1964,4192.331649804989,8948.902577370975,19102.223781127177,40775.38561062977
108,32,8,66.49996667,0,0,0,0,0,1,0,3251,7298.248832018003,16384.015999400814,36780.8753095636,82570.2799965001
109,24,10,87.62956667,0,0,0,0,0,1,0,1279,2615.5173118584075,5348.655831611431,10937.843567437158,22367.567791267367
110,42,6,54.6666,0,0,1,0,0,0,0,5171,12159.955666127564,28594.956836624944,67242.97184455437,158126.38880070462
111,31,11,93.59253333,0,0,0,1,0,0,0,7063,17135.158534457736,41570.67223573541,100852.33741233282,244672.34746296794
112,32,9,83.1666,0,0,0,0,0,0,1,1318,2703.379096091606,5544.960953858162,11373.392664115574,23328.21849758089
113,35,4,25.66666667,0,0,0,0,0,0,1,1530,3185.3750488832493,6631.773988266632,13806.985223566984,28745.37662186269
114,32,5,42.66663333,0,0,0,0,0,0,1,70,107.05521894516544,163.7259986199614,250.39603756108315,382.9457517729086
115,58,1,5.0,1,0,0,0,0,0,0,4679,10893.522875137061,25362.009111163545,59047.15247101831,137472.00388004756
116,76,5,31.83333333,1,0,0,0,0,0,0,436,800.6360447244283,1470.2249452109538,2699.8052408002,4957.7096089920915
117,19,11,82.48603333,1,0,0,0,0,0,0,2205,4761.562104815888,10282.30098776357,22203.997611630835,47948.16943445066
118,50,12,89.95833333,1,0,0,0,0,0,0,538,1008.9287629016216,1892.076670279173,3548.2724428620545,6654.189825677922
119,41,7,55.45833333,0,0,0,0,0,1,0,640,1221.231425700701,2330.322179873382,4446.660434482399,8485.00228439036
120,39,8,58.74996667,0,0,0,0,0,1,0,2339,5080.813386674908,11036.62448491445,23973.933059708164,52076.56264258792
121,41,3,17.0,1,0,0,0,0,0,0,1217,2476.393389608699,5039.050304106534,10253.632590793037,20864.443687194867
122,57,2,9.333333333,0,0,0,1,0,0,0,1482,3075.622462061095,6382.897118174587,13246.546389799456,27490.806761944295
123,31,9,79.79163333,0,0,0,1,0,0,0,884,1742.1979224566885,3433.5447975253355,6766.871734061777,13336.232892096492
124,28,4,22.33333333,0,0,0,0,0,0,1,206,350.95702696395415,597.916673666881,1018.6556221471133,1735.4580031498422
125,25,6,48.6666,0,0,0,0,0,0,1,1550,3231.207647146039,6735.937328370984,14042.07239105083,29272.807543059116
126,19,10,73.68046667,0,0,0,0,0,0,1,1109,2235.757522996421,4507.314428886459,9086.800850219312,18319.101317266064
127,49,8,69.58333333,1,0,0,0,0,0,0,1221,2485.3481306157705,5058.931474492462,10297.465915678235,20960.514057011038
128,22,9,86.55553333,1,0,0,0,0,0,0,1869,3969.814662970246,8432.010946138867,17909.855908136808,38041.09609192384
129,60,10,79.66663333,1,0,0,0,0,0,0,1546,3222.0363711890304,6715.083038334385,13994.981749720524,29167.102336174743
130,35,11,86.4722,0,0,0,0,0,1,0,1890,4018.907260273229,8545.828342157061,18171.900301240075,38640.83706540471
131,54,3,25.0,0,0,0,0,0,1,0,1295,2651.531221516288,5429.048508629843,11116.055307921599,22760.283945216932
132,40,5,44.66666667,0,0,0,0,0,1,0,8158,20078.99960035769,49419.738287713095,121635.07052326217,299376.13783109287
133,31,4,35.33333333,0,0,1,0,0,0,0,124,200.80006713708298,325.1666690504595,526.5603949683381,852.6884085594443
134,32,1,10.0,0,0,0,0,0,0,1,994,1982.0975414409222,3952.425215076602,7881.380585042697,15715.960845848414
135,21,7,62.5,0,0,0,1,0,0,0,913,1805.1689520935658,3569.1510904737984,7056.868273662864,13952.726732344256
136,46,2,15.33333333,0,0,0,0,0,0,1,1813,3839.1721324475084,8129.753261203268,17215.401083334713,36454.98515611979
137,25,6,49.29166667,0,0,0,0,0,0,1,2224,4806.71376615845,10388.712783173161,22453.043501593842,48527.58691154023
138,33,2,12.0,1,0,0,0,0,0,0,340,609.0133443479486,1090.874275276096,1953.9911489677643,3500.0196601739626
139,40,7,51.5,1,0,0,0,0,0,0,1205,2449.546858008038,4979.485319151072,10122.392214127518,20576.990907585936
140,42,10,88.6666,1,0,0,0,0,0,0,914,1807.3439735138363,3573.842711812667,7066.918038819442,13974.126617917416
141,28,12,87.72216667,1,0,0,0,0,0,0,495,920.5888676588002,1712.0886126410317,3184.100438874209,5921.7119546163485
142,31,1,4.666666667,0,0,0,0,0,1,0,2658,5848.041882186175,12866.664355080346,28308.800614199332,62284.067579494025
143,30,9,69.1666,0,0,0,0,0,1,0,701,1349.8633927246763,2599.331211152883,5005.338156208235,9638.406198678336
144,43,4,30.0,0,0,0,1,0,0,0,245,424.70042227091517,736.2059129677284,1276.1916821050565,2212.2414134230467
145,24,3,21.66666667,0,0,0,0,0,0,1,2036,4361.697587247652,9344.010728193496,20017.558471698307,42883.36762701138
146,41,5,32.33333333,0,0,0,0,0,0,1,453,835.0414280333827,1539.2807649713686,2837.446375554104,5230.431067132101
147,42,6,37.66666667,0,0,0,0,0,0,1,945,1874.8865318808628,3719.787838548406,7380.084783014425,14642.139220965739
148,51,8,56.33333333,0,0,0,0,0,0,1,2857,6331.42205061766,14031.118369985112,31094.481008943036,68908.74438660611
149,24,11,81.27766667,0,0,0,0,0,0,1,1567,3270.211911696212,6824.68790516897,14242.61370841904,29723.270582616224
150,31,10,92.55553333,1,0,0,0,0,0,0,1942,4140.703640025569,8828.746979670945,18824.523561065,40137.37035584388
151,52,2,22.66666667,1,0,0,0,0,0,0,403,734.235790977467,1337.7225725863668,2437.2302510951936,4440.450821853815
152,44,3,30.33333333,1,0,0,0,0,0,0,1175,2382.5479690415596,4831.09346790132,9796.010153360197,19863.373698381954
153,35,6,60.49993333,1,0,0,0,0,0,0,1994,4262.826622237475,9113.184960509796,19482.410964410898,41650.020122598755
154,20,7,69.33326667,1,0,0,0,0,0,0,943,1870.5221788531303,3710.3427588350546,7359.786237060531,14598.773476182103
155,47,8,62.0,1,0,0,0,0,0,0,678,1301.225792818007,2497.3282653316346,4792.902584045684,9198.596555788068
156,55,1,12.33333333,0,0,0,0,0,1,0,1848,3920.777196013082,8318.449037216547,17648.693339456506,37444.04458050266
157,37,12,90.38883333,0,0,0,0,0,1,0,738,1428.439983389972,2764.8249134785096,5351.47215919434,10358.07154768489
158,35,4,35.66666667,0,0,0,1,0,0,0,1362,2802.8174863986937,5767.831029414302,11869.44028475432,24425.752411067875
159,67,5,44.0,0,0,0,1,0,0,0,1160,2349.112350309981,4757.180029636961,9633.750310576024,19509.277443428204
160,31,11,95.16663333,0,0,0,1,0,0,0,1195,2427.1951509638707,4929.938327081604,10013.324185810383,20338.31958897755
161,33,9,80.16663333,0,0,0,0,0,0,1,911,1800.8196241330186,3559.7709315725374,7036.778650926566,13909.955088110659
162,36,8,74.38416667,1,0,0,0,0,0,0,244,422.7939936724824,732.6014798587166,1269.4242026222848,2199.6103618491047
163,28,6,53.29166667,1,0,0,0,0,0,0,2048,4389.984102548659,9410.136924135708,20171.070068243116,43237.63522020617
164,61,7,64.5833,1,0,0,0,0,0,0,1668,3502.8024994675907,7355.890497767614,15447.381067979795,32439.523390376427
165,36,11,90.6434,1,0,0,0,0,0,0,941,1866.1587513595127,3700.901684671297,7339.500602306594,14555.444505422789
166,30,9,82.3379,0,0,0,0,0,1,0,974,1938.272582503443,3857.1874785262426,7675.852910886041,15275.046452258352
167,43,10,81.35176667,0,0,0,0,0,1,0,2154,4640.558681593448,9997.578865975991,21538.696100937817,46402.777707246874
168,20,12,94.5508,0,0,0,0,0,1,0,1929,4110.223617644847,8757.87360655545,18660.87036703611,39761.71597117706
169,45,1,5.666666667,0,0,1,0,0,0,0,5720,13587.377188329741,32275.667632507528,76668.12414825968,182118.65753917728
170,37,4,23.33333333,0,0,0,0,0,1,0,130,211.5133031369914,344.1375184916982,559.9204866888196,911.0048587201841
171,35,2,14.33333333,0,0,0,1,0,0,0,980,1951.4107057165859,3885.7181044747936,7737.379498437624,15406.944068819574
172,36,3,22.66666667,0,0,0,1,0,0,0,346,620.8457445228303,1114.0157181852803,1998.9361790950168,3586.7948565429647
173,21,5,28.0,0,0,0,0,0,0,1,1514,3148.7520458389913,6548.6390001157315,13619.577575347039,28325.41133014318
174,29,13,94.70356667,0,0,0,0,0,0,1,554,1041.9832584337587,1959.7998390906712,3686.062494970494,6932.8798001801815
175,41,8,67.5,1,0,0,0,0,0,0,241,417.07940646151883,721.8059389804673,1249.1717535700107,2161.841549989519
176,16,11,90.99993333,1,0,0,0,0,0,0,1757,3708.9325691986123,7829.357315231756,16527.352499918306,34888.35285689984
177,56,1,12.0,0,0,0,0,0,1,0,391,710.2225104830233,1290.066532984162,2343.3102090694156,4256.4492570991715
178,26,5,39.33333333,0,0,0,0,0,1,0,993,1979.904183705446,3947.6541557445344,7871.074500282773,15693.830144377736
179,18,9,88.16666667,0,0,0,0,0,1,0,837,1640.5822323486234,3215.663155433678,6302.938874578975,12354.22882821228
180,28,10,83.9999,0,0,0,0,0,1,0,457,843.1557771718175,1555.6053929501327,2870.0605559420997,5295.203804322837
181,50,4,27.66666667,1,0,0,0,0,0,0,587,1110.4574225543167,2100.708155546805,3974.0152707791103,7517.844556696525
182,47,6,44.16666667,1,0,0,0,0,0,0,2355,5119.057438768106,11127.281979366047,24187.344199466694,52575.96783368339
183,48,2,17.0,0,0,0,1,0,0,0,743,1439.0891377334892,2787.318366544434,5398.653546028462,10456.451785297351
184,26,12,89.16666667,0,0,0,1,0,0,0,3532,7995.079091953527,18097.760386917416,40966.315311616134,92731.8604253333
185,52,3,25.0,0,0,0,0,0,0,1,102,161.97955031042886,257.2291639094973,408.488865654784,648.6945369174415
186,29,7,57.33333333,0,0,0,0,0,0,1,0,0.0,0.0,0.0,0.0
187,74,3,24.66666667,1,0,0,0,0,0,0,581,1097.9782713084555,2074.967787031846,3921.2900926436446,7410.48419487063
188,28,6,68.83333333,1,0,0,0,0,0,0,199,337.8612496458904,573.6192161421233,973.8879657621801,1653.46233732414
189,39,7,79.6666,1,0,0,0,0,0,0,1019,2037.002689489933,4072.011734042407,8140.03812941997,16272.109482020662
190,43,8,82.9583,1,0,0,0,0,0,0,1459,3023.1578307045434,6264.210602707461,12979.915926495878,26895.3629027228
191,24,11,101.4304333,1,0,0,0,0,0,0,5967,14234.153392318678,33955.274475625425,80999.59533506545,193222.8363859661
192,27,12,101.3193667,1,0,0,0,0,0,0,519,969.8042737349439,1812.1778985637006,3386.23867205219,6327.531283319365
193,41,1,11.66666667,0,0,0,0,0,1,0,720,1390.1630664142963,2684.1018766977722,5182.415688164642,10006.115117350699
194,56,9,83.33326667,1,0,0,0,0,0,0,676,1297.0041495387077,2488.490775030509,4774.530859916221,9160.630676644889
195,31,4,41.66666667,0,0,0,1,0,0,0,4663,10852.55403815497,25257.9732256216,58784.79934062402,136814.3280004756
196,25,5,58.66666667,0,0,0,0,0,0,1,1514,3148.7520458389913,6548.6390001157315,13619.577575347039,28325.41133014318
197,27,10,95.70823333,0,0,0,0,0,0,1,787,1533.1060786657588,2986.5492356313803,5817.9120551220385,11333.515040470624
198,57,2,15.66666667,0,0,0,0,0,0,1,3841,8767.761706470174,20013.966503890817,45685.41762754247,104285.04431628835
199,76,3,10.0,1,0,0,0,0,0,0,1103,2222.455447746592,4478.067286689482,9022.942009681632,18180.495579436538
200,39,7,70.25,1,0,0,0,0,0,0,998,1990.8731770972838,3971.519045376179,7922.636011794032,15804.572673131977
201,23,9,88.75,1,0,0,0,0,0,0,2337,5076.034715687088,11025.300999084486,23947.287386500804,52014.23282858937
202,37,10,82.99993333,1,0,0,0,0,0,0,1335,2741.759723023486,5630.896163890496,11564.467645454994,23750.55551199753
203,33,2,13.66666667,0,0,0,0,0,1,0,3080,6877.107104913785,15355.390302745318,34285.929788874695,76554.54913949511
204,64,1,6.0,0,0,0,0,0,1,0,663,1269.5940582760643,2431.175072111439,4655.513463320612,8914.95057504685
205,26,8,81.20833333,0,0,0,0,0,1,0,853,1675.1123258854468,3289.5677659242056,6460.018184683575,12686.114990161277
206,34,11,91.26386667,0,0,0,0,0,1,0,254,441.892965707823,768.7771383545472,1337.469329275056,2326.843655340971
207,27,12,93.58333333,0,0,0,0,0,1,0,1020,2039.201720767907,4076.807507826262,8150.424397253761,16294.470054773114
208,55,5,44.75,1,0,0,0,0,0,0,2528,5534.19906403141,12115.252879875823,26522.239378288225,58061.452667460224
209,17,4,39.66666667,0,0,0,1,0,0,0,1777,3755.3997289029653,7936.424943075093,16772.339943546955,35445.605445731286
210,46,6,55.25,0,0,0,0,0,0,1,707,1362.57794533473,2626.0518488155753,5061.103723481749,9754.099452146678
211,42,6,49.875,1,0,0,0,0,0,0,739,1430.569238666444,2769.321172691051,5360.900787062924,10377.726329519535
212,33,5,43.0,1,0,0,0,0,0,0,682,1309.6728126029125,2515.0188798698255,4829.69479493921,9274.662706893949
213,53,8,76.25,1,0,0,0,0,0,0,655,1252.7529381518623,2396.0151512185057,4582.6183519776505,8764.715427280364
214,25,11,99.49995,1,0,0,0,0,0,0,686,1318.1247881317688,2532.7302581449244,4866.5518001635555,9350.90752262807
215,42,13,101.0,1,0,0,0,0,0,0,1740,3669.477026962827,7738.541178970073,16319.769585308342,34416.67791874456
216,32,1,5.5,0,0,0,0,0,1,0,787,1533.1060786657588,2986.5492356313803,5817.9120551220385,11333.515040470624
217,51,3,21.25,0,0,0,0,0,1,0,4245,9787.357772224555,22565.929837814892,52028.46378930779,119957.87737224605
218,76,9,71.625,1,0,0,0,0,0,0,1246,2541.3813970498336,5183.482668756785,10572.396810841668,21563.798216133197
219,72,4,26.5,0,0,1,0,0,0,0,436,800.6360447244283,1470.2249452109538,2699.8052408002,4957.7096089920915
220,51,7,51.25,0,0,0,0,0,1,0,1190,2416.0262999011547,4905.195867070635,9958.892622696725,20219.282768341884
221,50,2,14.25,0,0,0,0,0,0,1,586,1108.376674572502,2096.41442446484,3965.2164646999404,7499.920544546496
222,18,10,99.125,0,1,0,0,0,0,0,412,752.2928559812008,1373.6517989328904,2508.224356657617,4579.901127940694
223,17,12,96.7083,0,0,0,0,0,0,1,211,360.33852860366346,615.373721309256,1050.914034492598,1794.714771933658
224,68,4,33.5,1,0,0,0,0,0,0,904,1785.6045072964946,3526.972850085788,6966.569267948615,13760.550315533483
225,14,6,59.375,1,0,0,0,0,0,0,567,1068.9105531100633,2015.1142337743565,3798.9010056502807,7161.702601693142
226,23,11,90.75,1,0,0,0,0,0,0,684,1313.8981825320402,2523.8719796213395,4848.1152148655265,9312.762820932367
227,26,12,90.625,1,0,0,0,0,0,0,877,1727.0286916884568,3400.944243916919,6697.295653451795,13188.622292168327
228,25,9,81.875,0,0,0,0,0,1,0,47,69.0728926279167,101.5120105529299,149.185706497159,219.24868694676914
229,25,3,27.0,0,0,0,0,0,1,0,611,1160.50049828894,2204.192154711745,4186.523885216943,7951.658027647798
230,52,7,59.625,0,0,0,0,1,0,0,491,912.4091698154756,1695.4999860760981,3150.6919240689267,5854.827296912524
231,21,2,17.5,0,0,1,0,0,0,0,190,321.09161242560003,542.630650368798,917.0218446235228,1549.726435366656
232,33,10,80.125,0,0,0,0,1,0,0,166,276.76992550052086,461.4553714552036,769.3793299968186,1282.777468944939
233,39,1,13.25,0,0,0,1,0,0,0,978,1947.0304350917718,3876.2040032450386,7716.858043908645,15362.942203244238
234,70,5,41.5,0,0,0,1,0,0,0,2450,5346.661539965687,11668.077397121715,25463.37169980964,55568.991896009255
235,33,8,56.75,0,0,0,0,0,0,1,65,98.67444498786934,149.7945552871391,227.3983785409717,345.20628913341193
236,71,4,22.08333333,1,0,0,0,0,0,0,2819,6238.850565977472,13807.469451790475,30557.906564036773,67629.0218737592
237,27,8,76.6666,1,0,0,0,0,0,0,2125,4571.880053231677,9836.276339358894,21162.482632465708,45530.50928199135
238,26,10,98.99993333,1,0,0,0,0,0,0,1942,4140.703640025569,8828.746979670945,18824.523561065,40137.37035584388
239,43,2,11.16666667,0,0,0,0,0,1,0,241,417.07940646151883,721.8059389804673,1249.1717535700107,2161.841549989519
240,22,11,90.3333,0,0,0,0,1,0,0,150,247.5713500530704,408.61048911399905,674.4016695719879,1113.0835454265437
241,62,1,9.333333333,0,0,0,1,0,0,0,1761,3718.221789272498,7850.751433401905,16576.283385483963,34999.60140207954
242,31,7,65.58326667,0,0,0,1,0,0,0,802,1565.2791671836808,3054.986123714755,5962.4764781620115,11637.082563702874
243,38,9,76.83333333,0,0,0,1,0,0,0,1847,3918.4434632171574,8313.047739268675,17636.279140958046,37415.680950384434
244,35,12,100.1666667,0,0,0,1,0,0,0,3039,6776.47390207091,15110.430584221147,33693.79351860109,75131.65924335828
245,15,6,55.83333333,0,1,0,0,0,0,0,147,242.13025991512546,398.8235562351439,656.9200770849662,1082.042374204401
246,17,13,102.0833333,0,0,0,0,0,0,1,2156,4645.298562249719,10008.719263654577,21564.69814722434,46463.10820902144
247,37,3,10.16666667,0,0,0,0,0,0,1,1411,2913.934028611294,6017.726097164303,12427.53851834819,25664.79615910157
248,68,5,34.66666667,0,0,0,0,0,0,1,2128,4578.980414974752,9852.942500339437,21201.330234458015,45620.52439614435
249,30,2,16.33333333,1,0,0,0,0,0,0,3309,7441.602085463607,16735.400906127594,37636.20256394943,84639.96478960905
250,46,5,52.0,1,0,0,0,0,0,0,494,918.5433213866372,1707.9389337327814,3175.7406901142926,5904.9704480977125
251,34,7,63.66666667,1,0,0,0,0,0,0,1449,3000.3728298726132,6212.724029149606,12864.381212254788,26637.63965657206
252,53,4,38.33333333,0,0,0,0,0,1,0,1603,3352.948435965044,7013.264637704566,14669.441483468794,30683.64371707882
253,27,6,52.25,0,0,0,0,0,1,0,1400,2888.955413532993,5961.473843843982,12301.737238434582,25385.121707739956
254,27,8,71.08333333,0,0,0,0,0,1,0,1423,2941.205639982207,6079.192281562282,12565.112175029713,25970.891634719905
255,22,11,86.9722,0,0,0,0,0,1,0,389,706.2273971974437,1282.1520219852835,2327.740065033692,4225.999505092418
256,72,1,8.666666667,0,0,0,0,0,0,1,2384,5188.440923859647,11291.91242465667,24575.260290573773,53484.59991867267
257,26,12,86.9166,0,0,1,0,0,0,0,471,871.6115926600571,1612.9655381303614,2984.8820840670705,5523.689654344302
258,35,10,84.61106667,0,0,0,0,0,0,1,251,436.15523913755203,757.8939945304182,1316.969866236371,2288.4593902202137
259,42,9,77.08333333,0,0,0,1,0,0,0,197,334.1279827982114,566.7081669482321,961.1830287192123,1630.2443984052047
260,52,3,27.66666667,0,0,0,0,0,0,1,687,1320.2385532940425,2537.161335668041,4875.776144506484,9369.996569445177
261,21,1,11.5,1,0,0,0,0,0,0,4160,9571.99942139728,22024.801183468684,50678.217352055864,116608.62191618353
262,60,6,51.0,1,0,0,0,0,0,0,1132,2286.8151964073354,4619.720620600276,9332.55063458042,18853.19665406307
263,64,8,69.66666667,1,0,0,0,0,0,0,666,1275.9147324771375,2444.381988817122,4682.917404404701,8971.476437317639
264,32,7,58.0,0,0,0,0,0,1,0,1979,4227.565777833325,9030.981508796089,19292.101246504255,41212.03992532435
265,30,11,93.833275,0,0,0,0,0,1,0,3294,7404.5036973179485,16644.406497751992,37414.562675248184,84103.29922963229
266,16,13,100.5416333,0,0,0,0,0,1,0,357,642.5915905260846,1156.6497260919962,2081.942260983238,3747.4470276433894
267,32,5,41.25,0,0,1,0,0,0,0,2165,4666.6334613559675,10058.876610922465,21681.796848120874,46734.8723666342
268,66,2,16.25,0,0,0,0,1,0,0,5363,12657.51867029655,29873.7234549516,70506.65903082711,166406.7412013659
269,29,12,100.2498833,0,0,0,0,0,1,0,397,722.2200773759189,1313.8585394581298,2390.163768333658,4348.171943846473
270,57,3,26.25,0,0,0,1,0,0,0,1229,2503.266406190867,5098.732872549821,10385.261768913773,21153.032469991987
271,48,4,26.16666667,0,0,0,1,0,0,0,3672,8344.35821756005,18961.959167473262,43089.70038130273,97918.27218652594
272,32,10,94.0,0,0,0,1,0,0,0,966,1920.7676784454397,3819.201319420992,7593.994256542463,15099.688114148083
273,36,9,82.45833333,0,0,0,0,0,0,1,9391,23441.371875382716,58513.24836545444,146058.01454278003,364583.13643673266
274,66,2,17.5,1,0,0,0,0,0,0,1295,2651.531221516288,5429.048508629843,11116.055307921599,22760.283945216932
275,64,3,23.5,1,0,0,0,0,0,0,67,102.0192867638687,155.34231151952935,236.53599739512075,360.1676678840373
276,30,5,49.25,1,0,0,0,0,0,0,1252,2554.846204329938,5213.44978257115,10638.628105804024,21709.312009098372
277,47,6,56.875,0,0,0,0,0,1,0,999,1993.0676361947799,3976.294897344386,7932.957629493033,15826.747858505503
278,29,8,56.875,0,0,0,0,0,1,0,55,82.11054948483415,122.5844061218435,183.00859899884796,273.21702953172843
279,20,9,79.125,0,0,0,0,0,1,0,1586,3313.854997205977,6924.107782160785,14467.521547986324,30229.047023316234
280,40,11,78.208325,0,0,0,0,0,1,0,834,1634.1151474204262,3201.837308188102,6273.586144947267,12292.280753123776
281,32,12,87.91665,0,0,0,0,0,1,0,334,597.2018074938305,1067.8143678859215,1909.2834448184265,3413.8548630647006
282,46,1,9.75,1,0,0,0,0,0,0,822,1608.2701422844686,3146.633638155354,6156.492614298305,12045.381086095866
283,45,4,35.0,0,0,0,1,0,0,0,593,1122.9493360535012,2126.5011995666055,4026.902378027476,7625.644775308959
284,20,10,89.7083,0,0,0,1,0,0,0,481,891.989175232087,1654.1469620191633,3067.528449821488,5688.57000406908
285,36,7,50.875,0,0,0,0,0,0,1,88,137.69904852264557,215.4662268641123,337.15334577219045,527.5647149892853
286,21,4,35.83333333,1,0,0,0,0,0,0,1978,4225.216002772143,9025.505697715762,19279.429275581293,41182.88832128397
287,31,11,83.80550833,1,0,0,0,0,0,0,4068,9339.401340713628,21441.597198358744,49226.07709473777,113014.27984677126
288,23,13,91.75,1,0,0,0,0,0,0,279,489.96451004573066,860.448821162554,1511.0730648040765,2653.663705519817
289,43,3,27.0,0,0,0,0,0,1,0,2438,5317.862102018853,11599.53131094681,25301.35683333269,55188.32101461665
290,33,6,54.16666667,0,0,0,0,0,1,0,1259,2570.5633017921905,5248.447727180904,10716.018362879953,21879.43093324098
291,43,8,60.75,0,0,0,0,0,1,0,8398,20729.721016267125,51169.48480736676,126307.35229850347,311778.5395869657
292,22,9,73.58333333,0,0,0,0,0,1,0,84,130.82996182444748,203.76760608317105,317.36795386809905,494.30044391507585
293,68,1,10.33333333,0,0,0,0,1,0,0,311,552.1237485993213,980.1949638822063,1740.1572920154986,3089.331727395626
294,31,12,88.83333333,0,0,0,1,0,0,0,2391,5205.201349716633,11331.71103767955,24669.108150534696,53704.59014699647
295,47,2,12.5,0,0,0,1,0,0,0,2011,4302.820981330383,9206.498457174006,19698.614980663406,42147.99295969535
296,43,5,40.5,0,0,0,1,0,0,0,2704,5959.466131997769,13134.33305415251,28947.342086760615,63798.33756560769
297,39,10,78.375,0,0,0,0,0,0,1,569,1073.0587321639048,2023.6468236787432,3816.330219620782,7197.093966581839
298,36,7,56.5,0,0,0,0,0,0,1,1656,3475.0924725122586,7292.4321814682025,15303.065326163225,32113.265169875052
299,27,1,6.333333333,0,0,0,0,0,1,0,266,464.910976866439,812.5647233492718,1420.188944735029,2482.185825683003
300,44,2,6.0,0,0,0,0,0,1,0,3394,7652.142021010426,17252.5861843587,38897.83138256781,87699.39011453291
301,71,3,13.04166667,0,0,0,0,0,1,0,4050,9293.954147845512,21327.798445001146,48943.106375884316,112314.81148409711
302,21,4,15.41666667,0,0,0,0,0,1,0,35,49.9430255960178,71.26588016241392,101.69239077354787,145.10930500924405
303,37,5,22.125,0,0,0,0,0,1,0,1619,3389.780161122861,7097.3499325152015,14860.071647799077,31113.265018266546
304,29,6,23.5,0,0,0,0,0,1,0,96,151.52990687977484,239.18034040617928,377.5309865543874,595.9087003834978
305,25,7,25.66666667,0,0,0,0,0,1,0,1664,3493.5636015867003,7334.72754707417,15399.241097363954,32330.665979452322
306,47,8,34.0,0,0,0,0,0,1,0,3720,8464.420568798821,19259.789130511945,43823.375071783135,99714.91326660915
307,30,9,34.875,0,0,0,0,0,1,0,1073,2156.0542992524406,4332.311408504124,8705.217742782585,17492.00572251164
308,28,10,37.16666667,0,0,0,0,0,1,0,1018,2034.803874004276,4067.216901436938,8129.654918919007,16249.757685004211
309,39,9,73.0,1,0,0,0,0,0,0,289,509.31636052353986,897.5887719617443,1581.8569085894437,2787.7702545044717
310,27,11,78.16666667,1,0,0,0,0,0,0,2569,5633.009902406756,12351.421004520245,27082.78584167277,59384.04080611285
311,52,3,20.66666667,1,0,0,0,0,0,0,520,971.859933493805,1816.3687121741957,3394.723030411235,6344.6063433948975
312,58,6,50.5,1,0,0,0,0,0,0,1108,2233.540009592798,4502.437702573816,9076.150495846294,18295.9794815507
313,17,12,81.83333333,1,0,0,0,0,0,0,246,426.60762916434766,739.8132896797779,1282.9674533925481,2224.893104011443
314,46,2,12.16666667,0,0,0,0,0,1,0,29,40.61044960745049,56.86926266618188,79.63745950751189,111.52113917914444
315,50,5,47.33333333,0,0,0,0,0,1,0,856,1681.5939691764543,3303.455931274086,6489.569592839593,12748.62276853965
316,36,7,57.66666667,0,0,0,0,0,1,0,1582,3304.662612662546,6903.157385290536,14420.10500663399,30122.365288300425
317,34,1,5.833333333,1,0,0,0,0,0,0,352,632.6986820904796,1137.237563406333,2044.1156465652703,3674.1740784726517
318,38,13,67.16666667,0,0,0,0,0,0,1,382,692.2607350920747,1254.5155113880078,2273.4341102038543,4119.919288777787
319,25,4,34.0,0,0,0,1,0,0,0,2642,5809.330632117557,12773.778347183692,28087.47230892286,61759.808199462124
320,21,10,79.5,0,1,0,0,0,0,0,311,552.1237485993213,980.1949638822063,1740.1572920154986,3089.331727395626
321,32,8,50.0,0,0,0,0,0,0,1,4,4.59479341998814,5.278031643091577,6.062866266041593,6.964404506368992
322,55,6,60.1666,1,0,0,0,0,0,0,355,638.6327534475822,1148.8782923268725,2066.792414661597,3718.0882551546783
323,42,8,83.1666,1,0,0,0,0,0,0,1340,2753.057475247573,5656.21303135562,11620.805647437557,23875.183474684425
324,41,11,91.08326667,1,0,0,0,0,0,0,3383,7624.86568057973,17185.508911286575,38734.022199517036,87301.7193437512
325,44,2,10.0,0,0,0,0,0,1,0,3341,7520.8014464612515,16929.79778422435,38110.04120439718,85788.10326690444
326,39,3,16.66666667,0,0,0,0,0,1,0,2278,4935.249256070656,10692.135741679507,23164.334927537428,50185.147813213516
327,21,4,44.41666667,0,0,1,0,0,0,0,11512,29326.879789879975,74710.37857974884,190325.0774552396,484854.1233086688
328,48,7,52.83333333,0,0,0,0,1,0,0,1198,2433.8987063187396,4944.793750100188,10046.015952739428,20409.83742156083
329,75,1,10.66666667,0,0,0,1,0,0,0,953,1892.3531641765903,3757.608077617155,7461.407697181887,14815.969008366934
330,24,9,87.91666667,0,0,0,1,0,0,0,2524,5524.567517945615,12092.252876521283,26467.697092081577,57932.876239990976
331,26,10,94.16666667,0,0,0,1,0,0,0,857,1683.7550221841527,3308.0874850995947,6499.426974166845,12769.478190283035
332,38,5,47.83333333,0,0,0,0,0,0,1,220,377.28101248452657,647.0043744606788,1109.5566612656485,1902.7939116875193
333,24,12,92.5416,0,0,0,0,0,0,1,155,256.66394663851116,425.0089129293964,703.7707416064661,1165.371458512434
334,51,3,24.0,1,0,0,0,0,0,0,1529,3183.0849848150365,6626.572936922776,13795.254948528818,28719.077101607156
335,41,4,32.66666667,1,0,0,0,0,0,0,1557,3247.2630725780737,6772.458228984698,14124.568733178874,29458.054247490392
336,39,8,57.0,1,0,0,0,0,0,0,397,722.2200773759189,1313.8585394581298,2390.163768333658,4348.171943846473
337,18,11,78.49986667,1,0,0,0,0,0,0,4829,11278.281390667878,26340.78093333716,61519.72238892436,143681.2466717868
338,48,12,91.99986667,1,0,0,0,0,0,0,479,887.9102403107287,1645.8968577216178,3050.9575667354384,5655.483228095815
339,56,1,9.0,0,0,0,0,0,1,0,643,1227.5298740220674,2343.4363788750084,4473.776303171336,8540.737265684
340,36,5,40.33333333,0,0,0,0,0,1,0,51,75.56613219696311,111.96549676880197,165.89803000646933,245.8092640526393
341,36,10,83.5,0,0,0,0,0,1,0,2376,5169.2921773746675,11246.456908698183,24468.10678506515,53233.498737039175
342,35,14,96.6666,0,0,0,0,1,0,0,487,904.2361330334803,1678.9383660848887,3117.364960472586,5788.160240475967
343,42,9,70.33326667,0,0,0,1,0,0,0,1571,3279.3955540070187,6845.5984720821025,14289.895094757027,29829.54706618257
344,45,13,84.16666667,0,0,0,1,0,0,0,5763,13699.77648309178,32567.04419341909,77418.22421738913,184038.23833005587
345,35,15,95.33333333,0,0,0,0,0,0,1,250,434.2441830549219,754.2720420681452,1310.1529868361977,2275.7052537825994
346,59,2,13.0,0,0,0,0,0,0,1,429,786.5077772040875,1441.9451832226425,2643.5923098055505,4846.633826151469
347,48,6,51.66666667,0,0,0,0,0,0,1,57,85.40087909704994,127.95280965875322,191.70670925956188,287.22669297489705
348,41,7,51.0,0,0,0,0,0,0,1,791,1541.6796217561887,3004.773775143238,5856.3824236735045,11414.24202248868
349,75,1,7.0,1,0,0,0,0,0,0,667,1278.022257291896,2448.7869417293423,4692.060292197681,8990.341058446993
350,48,3,24.58333333,1,0,0,0,0,0,0,2390,5202.806702399697,11326.024093110947,24655.69626074397,53673.147178966385
351,54,10,76.54166667,1,0,0,0,0,0,0,619,1177.2256439258565,2238.869493887957,4257.923395166731,8097.797432410528
352,29,4,25.29166667,0,0,0,0,0,1,0,117,188.3668381387757,303.265518892305,488.24928983127046,786.0681619574274
353,40,7,52.45833333,0,0,0,0,0,1,0,13433,34752.84122667485,89909.92133748741,232608.14568186743,601786.1948122664
354,18,11,75.875,0,0,0,0,0,1,0,508,947.2183078542099,1766.1860683743928,3293.2357855143155,6140.577220708258
355,31,15,79.33333333,0,0,0,0,0,1,0,1602,3350.6476697665876,7008.0148607442225,14657.545981799154,30656.84911885884
356,34,13,79.125,0,0,0,0,0,1,0,141,231.2815684787204,379.369956865085,622.278572038733,1020.7203132752938
357,47,5,38.83333333,0,0,0,1,0,0,0,5408,12774.395302318038,30174.77354657634,71276.716982599,168364.82222395772
358,36,9,62.54166667,0,0,0,1,0,0,0,376,680.3096469794633,1230.9074887588333,2227.1229764412224,4029.609696496217
359,21,8,67.25,0,1,0,0,0,0,0,594,1125.032554213941,2130.8051313823944,4035.732558066174,7643.654053746706
360,18,14,91.75,0,1,0,0,0,0,0,1196,2429.4294826374585,4934.889306946571,10024.218708903289,20362.1508961669
361,38,2,19.25,0,0,0,0,0,0,1,0,0.0,0.0,0.0,0.0
362,50,6,43.875,0,0,0,0,0,0,1,1204,2447.3108499491836,4974.526907208461,10111.473150644038,20553.087998788185
363,39,12,89.375,0,0,0,0,0,0,1,174,291.47692091886864,488.2689392433582,817.9260171895185,1370.1526266082426
364,51,1,4.5,1,0,0,0,0,0,0,548,1029.5764835465498,1934.3571815183896,3634.249388450217,6827.988514036073
365,71,3,16.5,1,0,0,0,0,0,0,799,1558.8396982754632,3041.2781037791406,5933.498174802064,11576.185862986791
366,50,5,39.0,1,0,0,0,0,0,0,1826,3869.4643564966664,8199.755972726252,17376.047901662037,36821.46660036136
367,24,6,34.75,1,0,0,0,0,0,0,126,204.36550822691996,331.4703250225972,537.6277891697256,872.0045743697319
368,39,11,71.625,1,0,0,0,0,0,0,572,1079.2837336538933,2036.4569540732277,3842.5085049258532,7250.2743457923225
369,32,12,73.375,1,0,0,0,0,0,0,88,137.69904852264557,215.4662268641123,337.15334577219045,527.5647149892853
370,50,14,90.625,1,0,0,0,0,0,0,2359,5128.622519282076,11149.965640223478,24240.76510032705,52701.03169909459
371,61,4,24.0,0,0,0,0,0,0,1,645,1231.7304732851899,2352.185982665668,4491.874656873756,8577.951778370316
372,34,7,42.5,0,0,0,1,0,0,0,1821,3857.8109403899966,8172.820017458937,17314.219921576856,36680.38826896074
373,32,8,55.0,0,0,0,1,0,0,0,7947,19508.48456336219,47889.89177789608,117561.24505979258,288592.1397380897
374,50,9,65.75,0,1,0,0,0,0,0,10253,25818.79998494252,65016.13504949444,163721.6996622362,412279.1199428557
375,18,16,94.75,0,1,0,0,0,0,0,1251,2552.6016208122055,5208.453265046433,10627.582930681176,21685.040299099004
376,50,2,10.75,0,0,0,0,0,0,1,819,1601.8147628155295,3132.857795328165,6127.298982122548,11983.880300059158
377,34,10,53.875,0,0,0,0,0,0,1,550,1033.7105732284022,1942.8319076439818,3651.501608976528,6862.901493381007
378,40,13,86.375,0,0,0,0,0,0,1,868,1707.5431912148117,3359.105702608362,6608.085335322298,12999.528941585275
379,31,15,90.625,0,0,0,0,0,0,1,66,100.34559884453336,152.56423041618189,231.95680399041126,352.66430912851274
380,32,2,10.33333333,1,0,0,0,0,0,0,8415,20775.884983235814,51293.80829906626,126639.84094753978,312662.48007383937
381,55,5,32.5,1,0,0,0,0,0,0,1137,2297.9284981918167,4644.217575023827,9386.174069877346,18969.882923623736
382,68,8,55.45833333,1,0,0,0,0,0,0,622,1183.503163569625,2251.896685175737,4284.769856812599,8152.7953066004375
383,49,10,80.5,1,0,0,0,0,0,0,2353,5114.27550754519,11115.943037431603,24160.643952232866,52513.46774816156
384,17,14,100.3333333,1,0,0,0,0,0,0,594,1125.032554213941,2130.8051313823944,4035.732558066174,7643.654053746706
385,38,4,23.5,0,0,0,0,0,1,0,7910,19408.59652674086,47622.45501110198,116850.19152001855,286712.79662255774
386,58,1,4.0,1,0,0,0,0,0,0,2534,5548.649240170099,12149.766531349707,26604.101354545244,58254.469915669106
387,52,3,15.0,0,0,1,0,0,0,0,1237,2521.196349286846,5138.586120984081,10473.229239063154,21346.05280741328
388,46,13,97.75,0,0,0,1,0,0,0,4349,10051.44147808651,23230.967069992585,53691.585648053646,124092.39618465849
389,27,7,53.79166667,0,1,0,0,0,0,0,3277,7362.47927907435,16541.379656636884,37163.73664000338,83496.25906164193
390,26,9,57.75,0,0,0,0,0,0,1,2,2.1435469250725863,2.2973967099940698,2.4622888266898326,2.6390158215457884
391,53,6,37.33333333,0,0,0,0,0,0,1,31,43.70165288902177,61.60756339459819,86.8500758325527,122.43522152965917
392,27,11,97.08333333,0,0,0,0,0,0,1,19,25.505213368279996,34.237679419025696,45.95996414826417,61.69572063157768
393,38,12,97.25,0,0,0,0,0,0,1,341,610.98397113866,1094.725551285532,1961.4655854293053,3514.4399784088328
394,51,1,12.0,1,0,0,0,0,0,0,2280,4940.015728794196,10703.401491550003,23190.7770701124,50246.8436356644
395,68,3,15.75,1,0,0,0,0,0,0,1849,3923.111055096672,8323.850919752134,17661.1095534106,37472.41435059948
396,74,3,15.58333333,1,0,0,0,0,0,0,1472,3052.8016728241546,6331.248677715993,13130.466409237159,27231.460474918822
397,24,11,81.625,1,0,0,0,0,0,0,62,93.67654367085214,141.53701345350098,213.8499713196592,323.1084867312341
398,38,8,54.75,0,0,0,0,0,1,0,4565,10601.928233017257,24622.318128816696,57183.80059851794,132805.81599926733
399,39,9,74.83333333,0,0,0,0,0,1,0,1824,3864.8026066442562,8188.9798181602055,17351.31060689845,36765.016700786815
400,26,10,75.33333333,0,0,0,0,0,1,0,368,664.4045539771043,1199.5473134388978,2165.719287390774,3910.091731463254
401,28,12,72.33333333,0,0,0,0,0,1,0,217,371.6256717411289,636.4315202628807,1089.9276093775156,1866.5671888669194
402,33,1,11.66666667,0,0,0,0,1,0,0,1551,3233.500836207608,6741.152583981484,14053.850752615863,29299.25090942633
403,27,5,28.29166667,0,0,1,0,0,0,0,83,129.11773577858514,200.86011677817484,312.4651022484354,486.0817652065305
404,51,6,36.33333333,0,0,0,0,0,0,1,225,386.7236837071829,664.6898112891248,1142.450188197167,1963.6113121403212
405,26,7,47.25,0,0,0,0,0,0,1,45,65.84666218484509,96.35073157522456,140.98609051769998,206.29918833513275
406,29,13,80.08333333,0,0,0,0,0,0,1,99,156.74681105322793,248.17740177127587,392.9395586174062,622.1416439388008
407,54,1,9.5,1,0,0,0,0,0,0,3402,7671.984914470045,17301.39698055727,39017.06544212021,87988.92930006945
408,44,7,60.58333333,1,0,0,0,0,0,0,1952,4164.163706445302,8883.329597375123,18950.63458083035,40427.02086864799
409,55,10,90.0416,1,0,0,0,0,0,0,602,1141.710881774287,2165.2886006010262,4106.534148651178,7788.163993177325
410,46,1,11.0,0,0,0,0,0,1,0,2696,5940.074291324217,13087.716092897193,28836.055599246603,63534.24055203271
411,24,12,94.4722,0,0,0,0,0,1,0,681,1307.560592033124,2510.594275826742,4820.490657349467,9255.62939473422
412,59,8,57.58333333,1,0,0,0,0,0,0,1188,2411.5600721918513,4895.304698476395,9937.139185234717,20171.72398226016
413,22,14,97.2222,0,0,0,0,1,0,0,939,1861.7962511702408,3691.4646228664083,7319.227897955533,14512.152355563614
414,41,4,29.0,0,0,0,0,1,0,0,991,1975.5181310474536,3938.114920380644,7850.471672412171,15649.595485494092
415,29,3,19.5,0,0,0,1,0,0,0,2069,4439.525345389687,9526.044123904003,20440.36458645351,43859.60205440598
416,34,5,39.83333333,0,0,0,1,0,0,0,353,634.6761460828862,1141.115610217067,2051.6681522028016,3688.795569068184
417,24,13,96.70833333,0,1,0,0,0,0,0,325,579.5243614072398,1033.3799552752882,1842.6734112983186,3285.7665598915596
418,26,6,51.08333333,0,0,0,0,0,0,1,29,40.61044960745049,56.86926266618188,79.63745950751189,111.52113917914444
419,32,9,89.70833333,0,0,0,0,0,0,1,35,49.9430255960178,71.26588016241392,101.69239077354787,145.10930500924405
420,33,11,92.4444,0,0,0,0,0,0,1,84,130.82996182444748,203.76760608317105,317.36795386809905,494.30044391507585
