index,celebrity_age_during_season,weeks,elimination_order,score_sum,industry_Actor_Performer,industry_Influencer,industry_Model_Fashion,industry_Music,industry_Others,industry_Sports,industry_TV_Media,celebrity_fame_1,celebrity_fame_1.1,celebrity_fame_1.2,celebrity_fame_1.3,celebrity_fame_1.4,ballroom_fame_1,ballroom_fame_1.1,ballroom_fame_1.2,ballroom_fame_1.3,ballroom_fame_1.4,season
16,54,3,3.0,20.0,1,0,0,0,0,0,0,0,0.0,0.0,0.0,0.0,39,56.25628739463053,81.14794542121189,117.0533881820382,168.84587297651242,3
17,42,4,4.0,32.33333333333333,1,0,0,0,0,0,0,104,165.47663209633416,263.29342086486054,418.9318128638442,666.5713987569286,17,22.56803847310483,29.959785913149386,39.77256477258468,52.79933952716144,3
18,25,8,8.0,66.5,1,0,0,0,0,0,0,427,782.4753454857504,1433.8821224661442,2627.5817544790098,4815.030307091369,34,48.37564947394369,68.82951358899608,97.9315418483329,139.33829237934694,3
19,30,9,9.0,77.66666666666667,1,0,0,0,0,0,0,123,199.01949622581813,322.02243803234467,521.046694232577,843.0768341162217,771,1498.8556724613386,2913.8369998307758,5664.618827268594,11012.251701145024,3
20,32,10,10.0,89.55553333333334,1,0,0,0,0,0,0,369,666.3908154665664,1203.4599429219372,2173.37304266964,3924.975160481497,109,174.24853993250795,278.5555382441356,445.3017965977478,711.8641090502762,3
21,37,10,11.0,85.88886666666667,0,0,0,0,0,1,0,372,672.3528248377866,1215.210540503631,2196.3716120437352,3969.722198255716,123,199.01949622581813,322.02243803234467,521.046694232577,843.0768341162217,3
22,31,2,2.0,13.333333333333332,0,0,1,0,0,0,0,173,289.6347811475164,484.903505493466,811.8203508165523,1359.1410961841148,0,0.0,0.0,0.0,0.0,3
23,25,5,5.0,40.66666666666667,0,0,0,1,0,0,0,642,1225.430064047367,2339.0636166217014,4464.733454092831,8522.147356080051,0,0.0,0.0,0.0,0.0,3
24,35,5,6.0,35.0,0,0,0,1,0,0,0,476,881.795032597145,1633.5346208256278,3026.1401559233177,5605.956633268756,43,62.634743194944704,91.2351408162016,132.89510733435824,193.5779283663287,3
25,62,7,7.0,47.66666666666667,0,0,0,0,0,0,1,330,589.3392062915007,1052.486969916047,1879.6116226741503,3356.754005585037,0,0.0,0.0,0.0,0.0,3
26,37,1,1.0,4.0,0,0,0,0,0,0,1,750,1454.009987691058,2818.8600590737965,5464.8675730622745,10594.62937685537,0,0.0,0.0,0.0,0.0,3
27,59,7,6.0,44.5,1,0,0,0,0,0,0,193,326.6728488261277,552.9282391719064,935.8893424181404,1584.0913869105952,2095,4500.931775704546,9669.874391191814,20774.91404028014,44633.16025843782,4
28,42,9,8.0,72.83333333333333,1,0,0,0,0,0,0,104,165.47663209633416,263.29342086486054,418.9318128638442,666.5713987569286,288,507.3781218831488,893.8630505752469,1574.7449854917045,2774.274837443356,4
29,44,5,4.0,26.0,0,0,0,0,0,1,0,133,216.8886397719965,353.689338813134,576.7759368198303,940.5725442862546,6,7.177387193107894,8.585814486631532,10.270619156458231,12.286035066475314,4
30,29,10,9.0,87.4444,0,0,0,0,0,1,0,170,284.11477128140115,474.8306074134282,793.5669966039702,1326.2594455094422,11,13.98079776731155,17.769336928223957,22.584500550247288,28.7044849880676,4
31,24,10,11.0,89.61106666666666,0,0,0,0,0,1,0,109,174.24853993250795,278.5555382441356,445.3017965977478,711.8641090502762,363,654.4813681826378,1180.0161468270437,2127.5443037271843,3835.917649511138,4
32,28,3,2.0,20.0,0,0,1,0,0,0,0,136,222.27611589052924,363.284350701323,593.7458414536981,970.408231356484,17,22.56803847310483,29.959785913149386,39.77256477258468,52.79933952716144,4
33,41,2,1.0,13.333333333333332,0,0,1,0,0,0,0,136,222.27611589052924,363.284350701323,593.7458414536981,970.408231356484,37,53.09112112998832,76.18019304970512,109.31059072723754,156.84923819163083,4
34,39,6,5.0,44.333333333333336,0,0,1,0,0,0,0,594,1125.032554213941,2130.8051313823944,4035.732558066174,7643.654053746706,9,11.21157845653966,13.966610165238237,17.398638404385867,21.674022167526225,4
35,45,8,7.0,50.66666666666667,0,0,0,1,0,0,0,1847,3918.443463217157,8313.047739268675,17636.279140958046,37415.680950384434,218,373.5099219707152,639.9525771127045,1096.4616382675429,1878.6206465742755,4
36,30,10,10.0,89.22216666666667,0,0,0,1,0,0,0,344,616.8993133259976,1106.292915064206,1983.9283129085024,3557.80236605017,0,0.0,0.0,0.0,0.0,4
37,50,4,3.0,25.33333333333333,0,0,0,0,0,0,1,36,51.51488691978921,73.71621039885189,105.4856178570068,150.94665765466107,129,209.72426513862052,340.96331308476255,554.3277540769863,901.2091540289751,4
38,38,8,8.0,64.66666666666667,1,0,0,0,0,0,0,54,80.46983962849211,119.91472388583766,178.69478889237536,266.2877963817905,2095,4500.931775704546,9669.874391191814,20774.91404028014,44633.16025843782,5
39,56,7,7.0,57.0,1,0,0,0,0,0,0,235,405.67164067317873,700.2956597722061,1208.8939968344553,2086.868132322508,129,209.72426513862052,340.96331308476255,554.3277540769863,901.2091540289751,5
40,23,6,6.0,54.0,1,0,0,0,0,0,0,481,891.989175232087,1654.1469620191633,3067.528449821488,5688.57000406908,61,92.01588733744936,138.80202495898632,209.3769096858348,315.83610053631253,5
41,35,9,9.0,75.83333333333333,1,0,0,0,0,0,0,155,256.6639466385112,425.0089129293964,703.7707416064661,1165.371458512434,65,98.67444498786934,149.7945552871391,227.3983785409717,345.206289133412,5
42,30,4,4.0,27.666666666666668,0,0,0,0,0,1,0,1249,2548.112992153886,5198.462626728118,10605.500527135577,21636.52016132026,218,373.5099219707152,639.9525771127045,1096.4616382675429,1878.6206465742755,5
43,29,1,1.0,5.333333333333333,0,0,1,0,0,0,0,190,321.09161242560003,542.630650368798,917.0218446235228,1549.726435366656,37,53.09112112998832,76.18019304970512,109.31059072723754,156.84923819163083,5
44,22,2,2.0,14.0,0,0,1,0,0,0,0,30,42.15347479450939,59.23051457504459,83.22573344016544,116.94179522748564,34,48.37564947394369,68.82951358899608,97.9315418483329,139.33829237934694,5
45,32,10,12.0,88.83330000000001,0,0,0,0,0,1,0,16,21.112126572366314,27.85761802547597,36.75834735990512,48.50293012833273,363,654.4813681826378,1180.0161468270437,2127.5443037271843,3835.917649511138,5
46,32,10,11.0,90.77773333333332,0,0,0,1,0,0,0,520,971.859933493805,1816.368712174196,3394.723030411235,6344.6063433948975,11,13.98079776731155,17.769336928223957,22.584500550247288,28.7044849880676,5
47,65,3,3.0,17.333333333333332,0,0,0,1,0,0,0,224,384.83345529246367,661.1463763943592,1135.8537700086297,1951.40415633657,288,507.3781218831488,893.8630505752469,1574.7449854917045,2774.274837443356,5
48,47,10,10.0,80.83333333333333,0,0,0,1,0,0,0,431,790.5420892887222,1450.0157655150283,2659.625273252521,4878.296334668524,9,11.21157845653966,13.966610165238237,17.398638404385867,21.674022167526225,5
49,49,5,5.0,34.0,0,0,0,0,0,0,1,734,1419.9258507865593,2746.8520732042657,5313.796004127236,10279.559008265089,0,0.0,0.0,0.0,0.0,5
50,34,10,10.0,82.5,1,0,0,0,0,0,0,0,0.0,0.0,0.0,0.0,466,861.4389576254592,1592.4400809331262,2943.755200429258,5441.771269017813,6
51,49,3,3.0,18.33333333333333,1,0,0,0,0,0,0,207,352.8315235446996,601.401372013883,1025.0887070025651,1747.2638176820335,50,73.93788183141571,109.3362073943278,161.6817516443394,239.0881249475092,6
52,62,5,5.0,38.0,1,0,0,0,0,0,0,297,524.8462448172644,927.4868036996075,1639.016720671065,2896.403269484561,63,95.33988075395158,144.28083908218568,218.3447300504073,330.4279448612628,6
53,42,6,6.0,44.66666666666666,1,0,0,0,0,0,0,182,306.2517131444878,515.3302846369975,867.1471566226207,1459.1500124398283,24,32.9786114475993,45.316200542155286,62.26939041505117,85.56491798236814,6
54,34,7,7.0,56.5,1,0,0,0,0,0,0,300,530.680806142328,938.7403933595692,1660.5716956880742,2937.4450870829287,315,559.9401498267218,995.3427663110202,1769.309135546465,3145.10229348468,6
55,35,9,9.0,69.66666666666667,1,0,0,0,0,0,0,123,199.01949622581813,322.02243803234467,521.046694232577,843.0768341162217,235,405.67164067317873,700.2956597722061,1208.8939968344553,2086.868132322508,6
56,33,10,11.0,87.16666666666667,0,0,0,0,0,1,0,340,609.0133443479486,1090.874275276096,1953.9911489677645,3500.0196601739626,3193,7155.151115165073,16033.882706184746,35930.11391343056,80515.31307099601,6
57,36,10,12.0,94.0,0,0,0,0,0,1,0,368,664.4045539771043,1199.5473134388978,2165.719287390774,3910.091731463254,248,430.42436646606313,747.0368356762564,1296.543777107924,2250.2582010370725,6
58,34,2,2.0,10.0,0,0,0,0,0,1,0,297,524.8462448172644,927.4868036996075,1639.016720671065,2896.403269484561,11,13.98079776731155,17.769336928223957,22.584500550247288,28.7044849880676,6
59,53,2,1.0,11.0,1,0,0,0,0,0,0,183,308.1031927098604,518.7299309180836,873.3461632241906,1470.3865640998893,0,0.0,0.0,0.0,0.0,6
60,43,4,4.0,24.666666666666664,0,0,0,0,0,0,1,305,540.4180216581051,957.5463545339665,1696.6403493874643,3006.213183873077,979,1949.2204585484244,3880.960567950688,7727.117199049228,15384.93864145876,6
61,21,8,8.0,67.33333333333334,0,0,0,1,0,0,0,842,1651.3658554834817,3238.728252561386,6351.930227398521,12457.673033182102,365,658.449012842302,1187.822198665757,2142.7954908044944,3865.5385634058994,6
62,50,1,2.0,6.166666666666667,1,0,0,0,0,0,0,72,110.42457745237616,169.35537924355296,259.73605822578133,398.3506177601062,18,24.03254452572564,32.08684424338806,42.840472942735936,57.19808741663585,7
63,82,6,7.0,35.0,1,0,0,0,0,0,0,206,350.9570269639541,597.916673666881,1018.6556221471131,1735.4580031498422,92,144.59943968031956,227.27171691154732,357.2104665281951,561.4394924774185,7
64,61,7,8.0,51.16666666666667,1,0,0,0,0,0,0,160,265.7859263896685,441.5134916675887,733.4254524775452,1218.3385207781616,235,405.67164067317873,700.2956597722061,1208.8939968344553,2086.868132322508,7
65,18,9,10.0,68.5,1,0,0,0,0,0,0,877,1727.0286916884568,3400.944243916919,6697.295653451795,13188.622292168327,979,1949.2204585484244,3880.960567950688,7727.117199049228,15384.93864145876,7
66,31,2,4.0,14.0,0,0,0,0,0,1,0,0,0.0,0.0,0.0,0.0,43,62.634743194944704,91.2351408162016,132.89510733435824,193.5779283663287,7
67,34,8,9.0,59.833333333333336,0,0,0,0,0,1,0,0,0.0,0.0,0.0,0.0,466,861.4389576254592,1592.4400809331262,2943.755200429258,5441.771269017813,7
68,35,10,12.0,80.83333333333334,0,0,0,0,0,1,0,357,642.5915905260846,1156.6497260919962,2081.942260983238,3747.447027643389,0,0.0,0.0,0.0,0.0,7
69,43,1,1.0,4.0,1,0,0,0,0,0,0,0,0.0,0.0,0.0,0.0,3193,7155.151115165073,16033.882706184746,35930.11391343056,80515.31307099601,7
70,40,5,6.0,37.16666666666667,0,0,0,1,0,0,0,436,800.6360447244283,1470.2249452109538,2699.8052408002,4957.709608992092,51,75.56613219696311,111.96549676880196,165.89803000646933,245.8092640526393,7
71,29,10,11.0,81.16666666666667,0,0,0,1,0,0,0,571,1077.2083695363,2032.185414008848,3833.77782210144,7232.535125937501,374,676.3301721575581,1223.0548175686406,2211.73496076024,3999.633921865938,7
72,27,2,3.0,11.833333333333334,0,0,0,0,0,0,1,1243,2534.6514225214546,5168.509922518119,10539.316997125345,21491.146274471645,248,430.42436646606313,747.0368356762564,1296.543777107924,2250.2582010370725,7
73,41,4,5.0,23.833333333333336,0,0,0,0,0,0,1,53,78.83216547687636,117.25491158063416,174.40487910756713,259.4097035807988,365,658.449012842302,1187.822198665757,2142.7954908044944,3865.5385634058994,7
74,37,10,13.0,89.83333333333333,0,0,0,0,0,0,1,339,607.0432970689194,1087.0252640598935,1946.5233046965504,3485.6162970633663,315,559.9401498267218,995.3427663110202,1769.309135546465,3145.10229348468,7
75,33,11,12.0,101.5,1,0,0,0,0,0,0,128,207.9366134671964,337.79402515786086,548.7480128185822,891.4437768152308,617,1173.0423198379913,2230.1917084779484,4240.047415553364,8061.191339649579,8
76,38,3,2.0,18.33333333333333,1,0,0,0,0,0,0,240,415.176119970688,718.2133774746453,1242.4376807123597,2149.2935649314054,80,123.99351900386702,192.17990943702893,297.86329066177115,461.6639698903082,8
77,52,5,5.0,34.666666666666664,1,0,0,0,0,0,0,127,206.15035786672092,334.6296854218667,543.1813338783156,881.7088690199803,35,49.9430255960178,71.26588016241392,101.69239077354788,145.10930500924405,8
78,50,7,7.0,46.0,0,0,0,0,0,1,0,174,291.47692091886864,488.2689392433582,817.9260171895185,1370.1526266082426,4447,10300.868484656386,23860.555776520563,55269.72049128549,128024.76320315916,8
79,39,10,10.0,72.66666666666667,0,0,0,0,0,1,0,132,215.0954998477668,350.5005610209135,571.1446467402732,930.68669148466,173,289.6347811475164,484.903505493466,811.8203508165523,1359.1410961841148,8
80,17,11,13.0,97.0,0,0,0,0,0,1,0,477,883.8330081429164,1637.6536400061957,3034.407427553192,5622.45166588164,567,1068.9105531100631,2015.1142337743563,3798.9010056502807,7161.702601693142,8
81,58,4,4.0,17.333333333333336,0,0,0,0,1,0,0,556,1046.121844183118,1968.2930087717384,3703.371065160125,6967.944907157739,523,978.0292821853518,1828.950816084117,3420.205456610061,6395.91030144313,8
82,50,2,1.0,11.666666666666668,0,0,0,1,0,0,0,412,752.2928559812008,1373.6517989328904,2508.224356657617,4579.901127940694,17,22.56803847310483,29.959785913149386,39.77256477258468,52.79933952716144,8
83,29,8,8.0,61.16666666666667,0,0,0,1,0,0,0,157,260.3092600463528,431.5981583813991,715.5987085708954,1186.4775179504156,1370,2820.9320420890144,5808.509186922981,11960.153052671129,24626.84596683844,8
84,34,9,9.0,76.66666666666667,0,0,0,1,0,0,0,532,996.5584948945476,1866.7835220798588,3496.915370409486,6550.52766599414,514,959.531929383781,1791.248100208093,3343.8905556375566,6242.35361186596,8
85,34,6,6.0,31.666666666666668,0,0,0,0,0,0,1,195,330.39850420768386,559.8111363214091,948.5167286122942,1607.1205556382936,580,1095.899661832891,2070.6828772507647,3912.5183878315015,7392.6337554129395,8
86,30,4,3.0,23.0,0,0,0,0,0,0,1,335,599.168933965845,1071.651974417214,1916.7181226685227,3428.1729978278,219,375.3950367364225,643.4768657823737,1103.004665157133,1890.69624108268,8
87,26,11,11.0,97.83333333333334,0,0,0,0,0,0,1,381,690.2675752512897,1250.5756573314811,2265.700332426481,4104.828017611721,376,680.3096469794633,1230.907488758833,2227.1229764412224,4029.609696496217,8
88,34,1,1.0,6.3333,1,0,0,0,0,0,0,0,0.0,0.0,0.0,0.0,4447,10300.868484656386,23860.555776520563,55269.72049128549,128024.76320315916,9
89,45,3,5.0,20.0,1,0,0,0,0,0,0,77,118.88848632220072,183.56457376602725,283.4248612652329,437.60977586887344,80,123.99351900386702,192.17990943702893,297.86329066177115,461.6639698903082,9
90,33,6,8.0,45.66663333333334,1,0,0,0,0,0,0,322,573.6426836306308,1021.943877276247,1820.592013293908,3243.382882926736,567,1068.9105531100631,2015.1142337743563,3798.9010056502807,7161.702601693142,9
91,45,7,11.0,56.49993333333333,1,0,0,0,0,0,0,95,149.79453384941735,236.19370917014965,372.4265954032359,587.2365079110866,580,1095.899661832891,2070.6828772507647,3912.5183878315015,7392.6337554129395,9
92,39,4,6.0,25.0,0,0,0,0,0,1,0,315,559.9401498267218,995.3427663110202,1769.309135546465,3145.10229348468,69,105.37412947279287,160.92329220505667,245.75582359425687,375.3087822335369,9
93,27,5,7.0,39.99993333333333,0,0,0,0,0,1,0,97,153.2670885632895,242.1732003780124,382.6513541236297,604.6171029002984,138,225.8743912136058,369.7046420733115,605.1218185300962,990.4458142793868,9
94,21,6,9.0,42.6666,0,0,0,0,0,1,0,103,163.72724238452105,260.25834853242407,413.7027350753724,657.6156114643177,173,289.6347811475164,484.903505493466,811.8203508165523,1359.1410961841148,9
95,43,7,10.0,45.1666,0,0,0,0,0,1,0,158,262.1336626162108,434.8990954214516,721.529700957608,1197.071032901246,44,64.238877587428,93.78712258392171,136.92680652149207,199.90964460389907,9
96,30,9,13.0,81.16659999999999,0,0,1,0,0,0,0,348,624.7944575652664,1121.7474546099854,2013.9700931846671,3615.854459551671,514,959.531929383781,1791.248100208093,3343.8905556375566,6242.35361186596,9
97,46,2,3.0,12.666633333333332,0,0,1,0,0,0,0,132,215.0954998477668,350.5005610209135,571.1446467402732,930.68669148466,376,680.3096469794633,1230.907488758833,2227.1229764412224,4029.609696496217,9
98,62,3,4.0,17.666633333333333,0,0,0,0,1,0,0,505,941.0669381737988,1753.6771923243707,3267.975496883009,6089.868702730075,617,1173.0423198379913,2230.1917084779484,4240.047415553364,8061.191339649579,9
99,42,1,2.0,6.3333,0,0,0,1,0,0,0,129,209.72426513862052,340.96331308476255,554.3277540769863,901.2091540289751,17,22.56803847310483,29.959785913149386,39.77256477258468,52.79933952716144,9
100,21,8,12.0,68.83323333333334,0,0,0,1,0,0,0,130,211.5133031369914,344.1375184916982,559.9204866888196,911.004858720184,523,978.0292821853518,1828.950816084117,3420.205456610061,6395.91030144313,9
101,29,10,15.0,94.77766666666668,0,0,0,1,0,0,0,671,1286.4555122446031,2466.419947815979,4728.672932008812,9065.912606534392,219,375.3950367364225,643.4768657823737,1103.004665157133,1890.69624108268,9
102,51,10,16.0,88.22206666666668,0,0,0,1,0,0,0,264,461.0672972956314,805.2388357405224,1406.3230820922863,2456.096903730121,35,49.9430255960178,71.26588016241392,101.69239077354788,145.10930500924405,9
103,24,10,14.0,81.57386666666666,0,0,0,0,0,0,1,357,642.5915905260846,1156.6497260919962,2081.942260983238,3747.447027643389,132,215.0954998477668,350.5005610209135,571.1446467402732,930.68669148466,9
104,32,4,3.0,23.5,1,0,0,0,0,0,0,52,77.19757853713917,114.60511792303392,170.13918445425972,252.58332796447127,5606,13289.79870041852,31505.306724517563,74687.68896963616,177057.50121404414,10
105,38,2,1.0,12.666666666666668,1,0,0,0,0,0,0,357,642.5915905260846,1156.6497260919962,2081.942260983238,3747.447027643389,693,1332.9275919805957,2563.77484193822,4931.206675967018,9484.763982908144,10
106,40,8,7.0,55.99993333333333,1,0,0,0,0,0,0,127,206.15035786672092,334.6296854218667,543.1813338783156,881.7088690199803,171,285.95370072925533,478.18432140793226,799.6407972941865,1337.1944166103196,10
107,80,3,2.0,13.0,0,0,0,0,1,0,0,185,311.8091829453244,525.5403598325981,885.7746497524012,1492.933350340415,141,231.2815684787204,379.369956865085,622.278572038733,1020.7203132752938,10
108,32,9,8.0,66.49996666666667,0,0,0,0,0,1,0,0,0.0,0.0,0.0,0.0,552,1037.846166492103,1951.312799460784,3668.772660411863,6897.865292281668,10
109,24,10,10.0,87.62956666666668,0,0,0,0,0,1,0,463,855.3406062527982,1580.1459021704177,2919.1424490935638,5392.78849275586,175,293.3201197010616,491.6382435511143,824.0422197030429,1381.1895001258558,10
110,42,7,6.0,54.6666,0,0,1,0,0,0,0,868,1707.5431912148117,3359.105702608362,6608.085335322298,12999.528941585277,14,18.22807636044455,23.73305484301409,30.90056685321995,40.23270658439391,10
111,31,10,11.0,93.59253333333334,0,0,0,1,0,0,0,1002,1999.6523307563969,3990.628187524436,7963.94107421698,15893.326677709145,879,1731.3615264202074,3410.2533960956835,6717.157594247917,13230.74883456444,10
112,32,10,9.0,83.1666,0,0,0,0,0,0,1,246,426.60762916434766,739.8132896797779,1282.967453392548,2224.893104011443,32,45.25483399593906,63.99999999999999,90.5096679918781,127.99999999999996,10
113,35,5,4.0,25.666666666666664,0,0,0,0,0,0,1,602,1141.710881774287,2165.2886006010262,4106.534148651178,7788.163993177325,466,861.4389576254592,1592.4400809331262,2943.755200429258,5441.771269017813,10
114,32,6,5.0,42.66663333333333,0,0,0,0,0,0,1,67,102.0192867638687,155.34231151952935,236.53599739512077,360.1676678840373,151,249.38747725467337,411.8815484201997,680.2523197898158,1123.48615847034,10
115,58,1,1.0,5.0,1,0,0,0,0,0,0,680,1305.4486816052176,2506.170971036468,4811.290573554154,9236.6072589204,133,216.8886397719965,353.689338813134,576.7759368198303,940.5725442862546,11
116,76,5,5.0,31.83333333333333,1,0,0,0,0,0,0,121,195.4627062104636,315.7493348687436,510.05966510412,823.9474584301981,111,177.76869188586318,284.700070403702,455.9527846439572,730.2173881790349,11
117,19,10,11.0,82.48603333333332,1,0,0,0,0,0,0,371,670.3649522032478,1211.2915610308949,2188.6992167511407,3954.7904200125663,373,674.3412319191319,1219.1316275233562,2204.050197253824,3984.670040825061,11
118,50,10,12.0,89.95833333333334,1,0,0,0,0,0,0,224,384.83345529246367,661.1463763943592,1135.8537700086297,1951.40415633657,879,1731.3615264202074,3410.2533960956835,6717.157594247917,13230.74883456444,11
119,41,7,7.0,55.45833333333333,0,0,0,0,0,1,0,132,215.0954998477668,350.5005610209135,571.1446467402732,930.68669148466,552,1037.846166492103,1951.312799460784,3668.772660411863,6897.865292281668,11
120,39,8,8.0,58.749966666666666,0,0,0,0,0,1,0,640,1221.231425700701,2330.322179873382,4446.660434482399,8485.00228439036,175,293.3201197010616,491.6382435511143,824.0422197030429,1381.1895001258558,11
121,41,3,3.0,17.0,1,0,0,0,0,0,0,169,282.2769232445831,471.48083666525537,787.5039049860953,1315.35017362467,171,285.95370072925533,478.18432140793226,799.6407972941865,1337.1944166103196,11
122,57,2,2.0,9.333333333333332,0,0,0,1,0,0,0,163,271.2728716881002,451.466079226432,751.3527593958379,1250.4393907489998,151,249.38747725467337,411.8815484201997,680.2523197898158,1123.48615847034,11
123,31,9,9.0,79.79163333333334,0,0,0,1,0,0,0,112,179.53115501748678,287.7806751956504,461.2999732998868,739.4439019291465,32,45.25483399593906,63.99999999999999,90.5096679918781,127.99999999999996,11
124,28,4,4.0,22.333333333333336,0,0,0,0,0,0,1,32,45.25483399593906,63.99999999999999,90.5096679918781,127.99999999999996,645,1231.73047328519,2352.185982665668,4491.874656873756,8577.951778370316,11
125,25,6,6.0,48.6666,0,0,0,0,0,0,1,345,618.8722429507604,1110.1531973765348,1991.4289834184765,3572.290207667662,466,861.4389576254592,1592.4400809331262,2943.755200429258,5441.771269017813,11
126,19,10,10.0,73.68046666666666,0,0,0,0,0,0,1,809,1580.313949921643,3087.011347734167,6030.218907775915,11779.529123658242,693,1332.9275919805957,2563.77484193822,4931.206675967018,9484.763982908144,11
127,49,9,8.0,69.58333333333334,1,0,0,0,0,0,0,268,468.7575475345071,819.9016357110651,1434.0861193113797,2508.35332926,839,1644.894910746185,3224.8858967803285,6322.524909834457,12395.576933555025,12
128,22,10,9.0,86.55553333333334,1,0,0,0,0,0,0,579,1093.8214107075464,2066.3994447707173,3903.751218936781,7374.795622363951,847,1662.1558841324738,3261.820759334358,6401.008935198415,12561.363242059704,12
129,60,10,10.0,79.66663333333334,1,0,0,0,0,0,0,249,432.3338912437965,750.6529860160748,1303.3442828036336,2262.9715076901584,114,183.06079178697712,293.9583639445171,472.0372882112955,757.9957871310279,12
130,35,10,11.0,86.47220000000002,0,0,0,0,0,1,0,351,630.7217797985433,1133.3617194080955,2036.5695749874965,3659.569193788247,295,520.959806515326,919.9970169643578,1624.6829422116236,2869.133936350227,12
131,54,4,3.0,25.0,0,0,0,0,0,1,0,197,334.1279827982114,566.7081669482321,961.1830287192124,1630.2443984052047,220,377.28101248452657,647.0043744606788,1109.5566612656485,1902.7939116875195,12
132,40,6,5.0,44.66666666666667,0,0,0,0,0,1,0,1368,2816.402409025015,5798.335182428285,11937.459924068364,24576.528426743906,635,1210.7405773731234,2308.492512909925,4401.552059751331,8392.342806553039,12
133,31,5,4.0,35.333333333333336,0,0,1,0,0,0,0,11,13.98079776731155,17.769336928223957,22.584500550247288,28.7044849880676,191,322.9510522932139,546.0595925512778,923.3011519855432,1561.1574796715574,12
134,32,2,1.0,10.0,0,0,0,0,0,0,1,102,161.97955031042886,257.2291639094973,408.488865654784,648.6945369174415,750,1454.009987691058,2818.8600590737965,5464.8675730622745,10594.62937685537,12
135,21,8,7.0,62.5,0,0,0,1,0,0,0,163,271.2728716881002,451.466079226432,751.3527593958379,1250.4393907489998,453,835.0414280333827,1539.2807649713686,2837.446375554104,5230.431067132101,12
136,46,3,2.0,15.333333333333334,0,0,0,0,0,0,1,300,530.680806142328,938.7403933595692,1660.5716956880742,2937.4450870829287,466,861.4389576254592,1592.4400809331262,2943.755200429258,5441.771269017813,12
137,25,7,6.0,49.29166666666667,0,0,0,0,0,0,1,38,54.67162168889681,78.65753205510133,113.16670619733615,162.8159828684024,100,158.48931924611142,251.188643150958,398.1071705534973,630.957344480193,12
138,33,2,2.0,12.0,1,0,0,0,0,0,0,136,222.27611589052924,363.284350701323,593.7458414536981,970.408231356484,96,151.52990687977484,239.18034040617928,377.5309865543874,595.9087003834978,13
139,40,7,7.0,51.5,1,0,0,0,0,0,0,173,289.6347811475164,484.903505493466,811.8203508165523,1359.1410961841148,295,520.959806515326,919.9970169643578,1624.6829422116236,2869.133936350227,13
140,42,10,10.0,88.66659999999999,1,0,0,0,0,0,0,183,308.1031927098604,518.7299309180836,873.3461632241906,1470.3865640998893,1079,2169.319844706019,4361.398135899294,8768.551924810174,17629.09518056148,13
141,28,10,12.0,87.72216666666667,1,0,0,0,0,0,0,221,379.1678456920018,650.5350914330927,1116.1175980350008,1914.913598126074,839,1644.894910746185,3224.8858967803285,6322.524909834457,12395.576933555025,13
142,31,1,1.0,4.666666666666667,0,0,0,0,0,1,0,0,0.0,0.0,0.0,0.0,0,0.0,0.0,0.0,0.0,13
143,30,9,9.0,69.1666,0,0,0,0,0,1,0,410,748.2767346534964,1365.6538332285324,2492.4072951104317,4548.805834662889,114,183.06079178697712,293.9583639445171,472.0372882112955,757.9957871310279,13
144,43,4,4.0,30.0,0,0,0,1,0,0,0,55,82.11054948483415,122.5844061218435,183.008598998848,273.21702953172843,466,861.4389576254592,1592.4400809331262,2943.755200429258,5441.771269017813,13
145,24,3,3.0,21.666666666666664,0,0,0,0,0,0,1,305,540.4180216581051,957.5463545339665,1696.6403493874643,3006.213183873077,847,1662.1558841324738,3261.820759334358,6401.008935198415,12561.363242059704,13
146,41,5,5.0,32.333333333333336,0,0,0,0,0,0,1,39,56.25628739463053,81.14794542121189,117.0533881820382,168.84587297651242,220,377.28101248452657,647.0043744606788,1109.5566612656485,1902.7939116875195,13
147,42,6,6.0,37.66666666666667,0,0,0,0,0,0,1,156,258.48601915381016,428.3014237050246,709.6790385347509,1175.9109586394295,750,1454.009987691058,2818.8600590737965,5464.8675730622745,10594.62937685537,13
148,51,8,8.0,56.33333333333333,0,0,0,0,0,0,1,252,438.06705675071066,761.5188341675798,1323.7948981905722,2301.2338682220234,83,129.11773577858514,200.86011677817484,312.4651022484354,486.0817652065305,13
149,24,10,11.0,81.27766666666668,0,0,0,0,0,0,1,0,0.0,0.0,0.0,0.0,635,1210.7405773731234,2308.492512909925,4401.552059751331,8392.342806553039,13
150,31,10,10.0,92.55553333333334,1,0,0,0,0,0,0,449,826.9342408091075,1522.9849412528597,2804.9184769680105,5165.8867066436005,953,1892.3531641765903,3757.608077617155,7461.407697181887,14815.969008366934,14
151,52,3,2.0,22.666666666666668,1,0,0,0,0,0,0,61,92.01588733744936,138.80202495898632,209.3769096858348,315.83610053631253,236,407.5709327080969,703.8731575785926,1215.5857599258486,2099.311109998552,14
152,44,4,3.0,30.333333333333336,1,0,0,0,0,0,0,0,0.0,0.0,0.0,0.0,207,352.8315235446996,601.401372013883,1025.0887070025651,1747.2638176820335,14
153,35,7,6.0,60.49993333333333,1,0,0,0,0,0,0,360,648.5340022902561,1168.3232003517148,2104.71478081294,3791.608612444648,365,658.449012842302,1187.822198665757,2142.7954908044944,3865.5385634058994,14
154,20,8,7.0,69.33326666666666,1,0,0,0,0,0,0,286,503.5036653640534,886.4193742483789,1560.54337057262,2747.3402344156907,602,1141.710881774287,2165.2886006010262,4106.534148651178,7788.163993177325,14
155,47,8,8.0,61.99999999999999,1,0,0,0,0,0,0,81,125.6994914871442,195.06619950773603,302.71261832657075,469.76323691841816,126,204.36550822692,331.4703250225972,537.6277891697256,872.0045743697319,14
156,55,2,1.0,12.333333333333334,0,0,0,0,0,1,0,192,324.8114659486767,549.492127144418,929.5903299220575,1572.6124885088398,723,1396.535972892022,2697.5279717585945,5210.50463408483,10064.532722572669,14
157,37,10,12.0,90.38883333333334,0,0,0,0,0,1,0,138,225.8743912136058,369.7046420733115,605.1218185300962,990.4458142793868,153,253.02333395142028,418.4366504829535,691.9884728932162,1144.3740553424404,14
158,35,5,4.0,35.66666666666667,0,0,0,1,0,0,0,279,489.96451004573066,860.448821162554,1511.0730648040765,2653.663705519817,974,1938.272582503443,3857.1874785262426,7675.852910886041,15275.046452258352,14
159,67,6,5.0,44.0,0,0,0,1,0,0,0,74,113.80330944684268,175.01612487910566,269.1542461865422,413.9276211851177,136,222.27611589052924,363.284350701323,593.7458414536981,970.408231356484,14
160,31,10,11.0,95.16663333333332,0,0,0,1,0,0,0,111,177.76869188586318,284.700070403702,455.9527846439572,730.2173881790349,1027,2054.600965948333,4110.404215458439,8223.213701576444,16451.239351955697,14
161,33,9,9.0,80.16663333333334,0,0,0,0,0,0,1,195,330.39850420768386,559.8111363214091,948.5167286122942,1607.1205556382936,1419,2932.112537801082,6058.691990366657,12519.21546696904,25868.744632933816,14
162,36,8,8.0,74.38416666666666,1,0,0,0,0,0,0,47,69.0728926279167,101.5120105529299,149.185706497159,219.24868694676917,153,253.02333395142028,418.4366504829535,691.9884728932162,1144.3740553424404,15
163,28,6,6.0,53.29166666666666,1,0,0,0,0,0,0,103,163.72724238452105,260.25834853242407,413.7027350753724,657.6156114643177,749,1451.8775819358805,2814.350484550035,5455.397031012789,10574.858010530064,15
164,61,8,7.0,64.5833,1,0,0,0,0,0,0,122,197.24037236001516,318.88331548129,515.5464252862771,833.4964663306549,126,204.36550822692,331.4703250225972,537.6277891697256,872.0045743697319,15
165,36,10,11.0,90.6434,1,0,0,0,0,0,0,100,158.48931924611142,251.188643150958,398.1071705534973,630.957344480193,207,352.8315235446996,601.401372013883,1025.0887070025651,1747.2638176820335,15
166,30,9,9.0,82.3379,0,0,0,0,0,1,0,135,220.47895679186277,360.0812621335409,588.0766002629657,960.4334469606208,974,1938.272582503443,3857.1874785262426,7675.852910886041,15275.046452258352,15
167,43,9,10.0,81.35176666666666,0,0,0,0,0,1,0,148,243.94273402786365,402.08146949316864,662.7354930412474,1092.3615412823374,953,1892.3531641765903,3757.608077617155,7461.407697181887,14815.969008366934,15
168,20,10,12.0,94.5508,0,0,0,0,0,1,0,202,343.4681780810956,584.0118284868665,993.0172213276898,1688.464434715709,1419,2932.112537801082,6058.691990366657,12519.21546696904,25868.744632933816,15
169,45,1,1.0,5.666666666666667,0,0,1,0,0,0,0,255,443.80705167223175,772.4105847607793,1344.3186835415918,2339.6788684332905,136,222.27611589052924,363.284350701323,593.7458414536981,970.408231356484,15
170,37,3,4.0,23.333333333333336,0,0,0,0,0,1,0,5,5.873094715440096,6.898648307306074,8.103282983463814,9.518269693579391,602,1141.710881774287,2165.2886006010262,4106.534148651178,7788.163993177325,15
171,35,2,2.0,14.333333333333332,0,0,0,1,0,0,0,88,137.69904852264557,215.4662268641123,337.15334577219045,527.5647149892853,365,658.449012842302,1187.822198665757,2142.7954908044944,3865.5385634058994,15
172,36,3,3.0,22.666666666666668,0,0,0,1,0,0,0,32,45.25483399593906,63.99999999999999,90.5096679918781,127.99999999999996,236,407.5709327080969,703.8731575785926,1215.5857599258486,2099.311109998552,15
173,21,4,5.0,28.0,0,0,0,0,0,0,1,140,229.47788538288188,376.14357056999296,616.5473655340627,1010.5998977224518,1027,2054.600965948333,4110.404215458439,8223.213701576444,16451.239351955697,15
174,29,10,13.0,94.70356666666666,0,0,0,0,0,0,1,58,87.05040438186573,130.65125694907485,196.0904267313105,294.30605073057205,723,1396.535972892022,2697.5279717585945,5210.50463408483,10064.532722572669,15
175,41,9,8.0,67.5,1,0,0,0,0,0,0,40,57.84502198367701,83.65116420730185,120.97008581328876,174.93793183092444,509,949.2695728764472,1770.3589822967217,3301.6658447206105,6157.506731235135,16
176,16,10,11.0,90.99993333333332,1,0,0,0,0,0,0,229,394.2929669439088,678.894951010612,1168.9236003371782,2012.6565699026255,392,712.2208342385072,1294.0268283760065,2351.104253145329,4271.697532032823,16
177,56,2,1.0,12.0,0,0,0,0,0,1,0,30,42.15347479450939,59.23051457504459,83.22573344016544,116.94179522748564,210,358.4604322979179,611.8756263010001,1044.443816744837,1782.8180098154344,16
178,26,6,5.0,39.333333333333336,0,0,0,0,0,1,0,124,200.80006713708295,325.1666690504595,526.5603949683381,852.6884085594443,19,25.50521336828,34.237679419025696,45.95996414826417,61.69572063157768,16
179,18,10,9.0,88.16666666666667,0,0,0,0,0,1,0,0,0.0,0.0,0.0,0.0,1241,2530.1656748931646,5158.532105082653,10517.27708711886,21442.75058756524,16
180,28,10,10.0,83.9999,0,0,0,0,0,1,0,272,476.4592847342218,834.6082720935514,1461.9737513049936,2560.9226759080275,1108,2233.540009592798,4502.437702573816,9076.150495846294,18295.9794815507,16
181,50,5,4.0,27.666666666666664,1,0,0,0,0,0,0,62,93.67654367085214,141.53701345350098,213.8499713196592,323.1084867312341,1093,2200.3014154712628,4429.392789501221,8916.742199833248,17950.15597775426,16
182,47,7,6.0,44.16666666666667,1,0,0,0,0,0,0,47,69.0728926279167,101.5120105529299,149.185706497159,219.24868694676917,0,0.0,0.0,0.0,0.0,16
183,48,3,2.0,17.0,0,0,0,1,0,0,0,9,11.21157845653966,13.966610165238237,17.398638404385867,21.674022167526225,820,1603.9662936698578,3137.4486234500205,6137.026634310643,12004.370566815158,16
184,26,10,12.0,89.16666666666667,0,0,0,1,0,0,0,316,561.8958064589934,999.13575100064,1776.6145207927743,3159.089395340547,1826,3869.4643564966655,8199.755972726252,17376.047901662037,36821.46660036136,16
185,52,4,3.0,25.0,0,0,0,0,0,0,1,102,161.97955031042886,257.2291639094973,408.488865654784,648.6945369174415,0,0.0,0.0,0.0,0.0,16
186,29,8,7.0,57.333333333333336,0,0,0,0,0,0,1,0,0.0,0.0,0.0,0.0,265,462.9887744689417,808.9003972990653,1413.2520891054123,2469.1315198135303,16
187,74,4,3.0,24.666666666666664,1,0,0,0,0,0,0,180,302.55181013510816,508.5422100890579,854.7798121808496,1436.750996901464,210,358.4604322979179,611.8756263010001,1044.443816744837,1782.8180098154344,17
188,28,8,6.0,68.83333333333334,1,0,0,0,0,0,0,56,83.754245320012,125.26381444865618,187.34600437595023,280.1968430397744,265,462.9887744689417,808.9003972990653,1413.2520891054123,2469.1315198135303,17
189,39,9,7.0,79.6666,1,0,0,0,0,0,0,45,65.84666218484509,96.35073157522456,140.98609051769998,206.29918833513275,392,712.2208342385072,1294.0268283760065,2351.104253145329,4271.697532032823,17
190,43,10,8.0,82.95830000000001,1,0,0,0,0,0,0,298,526.7904467197197,931.2354857555756,1646.1944883974325,2910.065536679271,820,1603.9662936698578,3137.4486234500205,6137.026634310643,12004.370566815158,17
191,24,11,11.0,101.43043333333334,1,0,0,0,0,0,0,80,123.99351900386702,192.17990943702893,297.86329066177115,461.6639698903082,1108,2233.540009592798,4502.437702573816,9076.150495846294,18295.9794815507,17
192,27,11,12.0,101.31936666666668,1,0,0,0,0,0,0,149,245.7564332079556,405.34378834292806,668.5627090346208,1102.708635893936,1826,3869.4643564966655,8199.755972726252,17376.047901662037,36821.46660036136,17
193,41,2,1.0,11.666666666666668,0,0,0,0,0,1,0,42,61.03433533185527,88.69500212860365,128.89144052801933,187.3048429188811,0,0.0,0.0,0.0,0.0,17
194,56,11,9.0,83.33326666666667,1,0,0,0,0,0,0,41,59.43773377225613,86.16693160930716,124.91627173088293,181.09122202348823,93,146.32928259906882,230.23934350492604,362.2662146360904,570.0016698664444,17
195,31,5,4.0,41.66666666666666,0,0,0,1,0,0,0,191,322.9510522932139,546.0595925512778,923.3011519855432,1561.1574796715574,1241,2530.1656748931646,5158.532105082653,10517.27708711886,21442.75058756524,17
196,25,7,5.0,58.66666666666667,0,0,0,0,0,0,1,106,168.9804459047716,269.3810480959945,429.4351851467536,684.5863120122311,0,0.0,0.0,0.0,0.0,17
197,27,11,10.0,95.70823333333333,0,0,0,0,0,0,1,64,97.00586025666551,147.03338943962046,222.86094420380783,337.7940251578608,1093,2200.3014154712628,4429.392789501221,8916.742199833248,17950.15597775426,17
198,57,3,2.0,15.666666666666668,0,0,0,0,0,0,1,75,115.4961186794112,177.85804573344834,273.8921861082466,421.77979242828536,3841,8767.761706470174,20013.966503890817,45685.41762754247,104285.04431628836,17
199,76,2,3.0,10.0,1,0,0,0,0,0,0,76,117.1911865599665,180.70755535964287,278.64911622299184,429.673954790242,159,263.95922024405166,438.2042135336334,727.4719654842503,1207.691400997674,18
200,39,8,7.0,70.25,1,0,0,0,0,0,0,75,115.4961186794112,177.85804573344834,273.8921861082466,421.77979242828536,599,1135.4538955270696,2152.346492266436,4079.950265722786,7733.882174910906,18
201,23,10,9.0,88.75000000000001,1,0,0,0,0,0,0,320,569.7246052401426,1014.3316431751124,1805.905296845394,3215.214632332261,380,688.2749384814936,1246.6378708992188,2257.972641847,4089.752582000362,18
202,37,10,10.0,82.99993333333335,1,0,0,0,0,0,0,124,200.80006713708295,325.1666690504595,526.5603949683381,852.6884085594443,1392,2870.8014624659454,5920.618560988935,12210.431338785962,25182.273092476076,18
203,33,2,2.0,13.666666666666668,0,0,0,0,0,1,0,65,98.67444498786934,149.7945552871391,227.3983785409717,345.206289133412,1178,2389.240233928083,4845.898892547294,9828.537014958858,19934.410931062044,18
204,64,1,1.0,6.0,0,0,0,0,0,1,0,91,142.87147603923682,224.31053478714503,352.1711779801098,552.9144617197254,25,34.493241536530384,47.59134846789696,65.6631951100942,90.59745795971192,18
205,26,9,8.0,81.20833333333334,0,0,0,0,0,1,0,199,337.8612496458904,573.6192161421233,973.88796576218,1653.46233732414,174,291.47692091886864,488.2689392433582,817.9260171895185,1370.1526266082426,18
206,34,10,11.0,91.26386666666669,0,0,0,0,0,1,0,138,225.8743912136058,369.7046420733115,605.1218185300962,990.4458142793868,2134,4593.18414037763,9886.28891631516,21279.074722403904,45800.70690574319,18
207,27,10,12.0,93.58333333333334,0,0,0,0,0,1,0,244,422.7939936724824,732.6014798587166,1269.4242026222848,2199.6103618491047,135,220.47895679186277,360.0812621335409,588.0766002629657,960.4334469606208,18
208,55,6,5.0,44.75,1,0,0,0,0,0,0,82,127.40757146080264,197.9596251895063,307.57994015470405,477.9026000630465,1187,2409.327240201189,4890.360362574111,9926.266584625078,20147.95659295365,18
209,17,5,4.0,39.66666666666666,0,0,0,1,0,0,0,378,684.2912391158458,1238.7685183351828,2242.5355671674142,4059.6493175088463,192,324.8114659486767,549.492127144418,929.5903299220575,1572.6124885088398,18
210,46,7,6.0,55.25,0,0,0,0,0,0,1,153,253.02333395142028,418.4366504829535,691.9884728932162,1144.3740553424404,921,1822.575773831576,3606.7127593461046,7137.358630134034,14124.187761596084,18
211,42,7,6.0,49.875,1,0,0,0,0,0,0,3,3.348369522101714,3.737192818846552,4.171167510947728,4.655536721746079,1187,2409.327240201189,4890.360362574111,9926.266584625078,20147.95659295365,19
212,33,6,5.0,43.0,1,0,0,0,0,0,0,86,134.26051117823482,209.6033123469872,327.22613791113633,510.8552156607987,278,488.0330968950883,856.74929375903,1504.036011136328,2640.357382577686,19
213,53,9,8.0,76.25,1,0,0,0,0,0,0,70,107.05521894516544,163.7259986199614,250.39603756108315,382.9457517729086,308,546.268034665598,968.8596288877096,1718.3670303224994,3047.691495092307,19
214,25,11,11.0,99.49995,1,0,0,0,0,0,0,165,274.9364613380433,458.1215622611228,763.3595223680555,1271.9719139913443,599,1135.4538955270696,2152.346492266436,4079.950265722786,7733.882174910906,19
215,42,11,13.0,101.0,1,0,0,0,0,0,0,162,269.44275846045565,448.1444449801196,745.365897803539,1239.712614608268,192,324.8114659486767,549.492127144418,929.5903299220575,1572.6124885088398,19
216,32,1,1.0,5.5,0,0,0,0,0,1,0,96,151.52990687977484,239.18034040617928,377.5309865543874,595.9087003834978,0,0.0,0.0,0.0,0.0,19
217,51,3,3.0,21.25,0,0,0,0,0,1,0,77,118.88848632220072,183.56457376602725,283.4248612652329,437.60977586887344,1178,2389.240233928083,4845.898892547294,9828.537014958858,19934.410931062044,19
218,76,10,9.0,71.625,1,0,0,0,0,0,0,104,165.47663209633416,263.29342086486054,418.9318128638442,666.5713987569286,380,688.2749384814936,1246.6378708992188,2257.972641847,4089.752582000362,19
219,72,4,4.0,26.5,0,0,1,0,0,0,0,27,37.540507598529565,52.19591521315758,72.57263524710174,100.90420610885688,921,1822.575773831576,3606.7127593461046,7137.358630134034,14124.187761596084,19
220,51,8,7.0,51.25,0,0,0,0,0,1,0,182,306.2517131444878,515.3302846369975,867.1471566226207,1459.1500124398283,159,263.95922024405166,438.2042135336334,727.4719654842503,1207.691400997674,19
221,50,2,2.0,14.25,0,0,0,0,0,0,1,37,53.09112112998832,76.18019304970512,109.31059072723754,156.84923819163083,174,291.47692091886864,488.2689392433582,817.9260171895185,1370.1526266082426,19
222,18,11,10.0,99.125,0,1,0,0,0,0,0,412,752.2928559812008,1373.6517989328904,2508.224356657617,4579.901127940694,2134,4593.18414037763,9886.28891631516,21279.074722403904,45800.70690574319,19
223,17,11,12.0,96.7083,0,0,0,0,0,0,1,192,324.8114659486767,549.492127144418,929.5903299220575,1572.6124885088398,1392,2870.8014624659454,5920.618560988935,12210.431338785962,25182.273092476076,19
224,68,5,4.0,33.5,1,0,0,0,0,0,0,76,117.1911865599665,180.70755535964287,278.64911622299184,429.673954790242,981,1953.6011763907964,3890.476612023953,7747.644939827599,15428.958479821991,20
225,14,7,6.0,59.375,1,0,0,0,0,0,0,150,247.5713500530704,408.6104891139991,674.4016695719879,1113.0835454265437,1444,2988.9862180938526,6187.007348999292,12806.703391554202,26509.04427740391,20
226,23,10,11.0,90.75,1,0,0,0,0,0,0,197,334.1279827982114,566.7081669482321,961.1830287192124,1630.2443984052047,440,808.719554199479,1486.4257212377347,2732.048969613681,5021.503238084363,20
227,26,10,12.0,90.625,1,0,0,0,0,0,0,120,193.6865086154477,312.62053016368213,504.5864917409488,814.4299656651809,851,1670.792496132742,3280.3144126127795,6440.33455411224,12644.49194547018,20
228,25,9,9.0,81.875,0,0,0,0,0,1,0,75,115.4961186794112,177.85804573344834,273.8921861082466,421.77979242828536,2448,5341.860652144496,11656.648377013713,25436.35265565913,55505.49484695116,20
229,25,4,3.0,27.0,0,0,0,0,0,1,0,122,197.24037236001516,318.88331548129,515.5464252862771,833.4964663306549,494,918.5433213866372,1707.9389337327814,3175.7406901142926,5904.9704480977125,20
230,52,8,7.0,59.625,0,0,0,0,1,0,0,147,242.13025991512544,398.8235562351439,656.9200770849662,1082.042374204401,907,1792.1238343309865,3541.0229741755147,6996.639106872698,13824.524480307397,20
231,21,3,2.0,17.5,0,0,1,0,0,0,0,190,321.09161242560003,542.630650368798,917.0218446235228,1549.726435366656,66,100.34559884453336,152.56423041618189,231.9568039904113,352.66430912851274,20
232,33,10,10.0,80.125,0,0,0,0,1,0,0,166,276.76992550052086,461.4553714552036,769.3793299968186,1282.777468944939,311,552.1237485993213,980.1949638822064,1740.1572920154986,3089.331727395626,20
233,39,2,1.0,13.25,0,0,0,1,0,0,0,222,381.055532866118,654.069005080545,1122.6874471269314,1927.055240572316,222,381.055532866118,654.069005080545,1122.6874471269314,1927.055240572316,20
234,70,6,5.0,41.5,0,0,0,1,0,0,0,168,280.4401623761583,468.1350278188448,781.4515667588346,1304.4666920889915,390,708.2246977429628,1286.108262802847,2335.5221427904444,4241.216573460915,20
235,33,8,8.0,56.75,0,0,0,0,0,0,1,65,98.67444498786934,149.7945552871391,227.3983785409717,345.206289133412,438,804.6768766838691,1478.321634405721,2715.916062803169,4989.577293954343,20
236,71,4,4.0,22.08333333333333,1,0,0,0,0,0,0,168,280.4401623761583,468.1350278188448,781.4515667588346,1304.4666920889915,356,640.6118939782662,1152.7629177146648,2074.364146137932,3732.7593945450208,21
237,27,9,8.0,76.6666,1,0,0,0,0,0,0,164,273.10410803576934,454.791791622031,757.3506499568551,1261.192522724249,1444,2988.9862180938526,6187.007348999292,12806.703391554202,26509.04427740391,21
238,26,11,10.0,98.99993333333332,1,0,0,0,0,0,0,151,249.38747725467337,411.8815484201997,680.2523197898158,1123.48615847034,438,804.6768766838691,1478.321634405721,2715.916062803169,4989.577293954343,21
239,43,2,2.0,11.166666666666668,0,0,0,0,0,1,0,146,240.3190183677181,395.5700725289285,651.1165172999939,1071.7512484968609,1254,2559.335909097654,5223.445211799605,10660.72639534524,21757.87869272107,21
240,22,11,11.0,90.3333,0,0,0,0,1,0,0,150,247.5713500530704,408.6104891139991,674.4016695719879,1113.0835454265437,159,263.95922024405166,438.2042135336334,727.4719654842503,1207.691400997674,21
241,62,2,1.0,9.333333333333332,0,0,0,1,0,0,0,109,174.24853993250795,278.5555382441356,445.3017965977478,711.8641090502762,66,100.34559884453336,152.56423041618189,231.9568039904113,352.66430912851274,21
242,31,8,7.0,65.58326666666667,0,0,0,1,0,0,0,231,398.08258413006337,686.0162068730251,1182.2125731044068,2037.3083813526116,440,808.719554199479,1486.4257212377347,2732.048969613681,5021.503238084363,21
243,38,9,9.0,76.83333333333333,0,0,0,1,0,0,0,462,853.3086991369466,1576.0513766726992,2910.948809527218,5376.489051757382,851,1670.792496132742,3280.3144126127795,6440.33455411224,12644.49194547018,21
244,35,11,12.0,100.16666666666669,0,0,0,1,0,0,0,145,238.5090169811638,392.32104262980016,645.3248704735096,1061.4882792422998,311,552.1237485993213,980.1949638822064,1740.1572920154986,3089.331727395626,21
245,15,7,6.0,55.833333333333336,0,1,0,0,0,0,0,147,242.13025991512544,398.8235562351439,656.9200770849662,1082.042374204401,222,381.055532866118,654.069005080545,1122.6874471269314,1927.055240572316,21
246,17,11,13.0,102.08333333333334,0,0,0,0,0,0,1,232,399.97862526110345,689.5814683869053,1188.870033322963,2049.6663859596574,2448,5341.860652144496,11656.648377013713,25436.35265565913,55505.49484695116,21
247,37,2,3.0,10.166666666666668,0,0,0,0,0,0,1,164,273.10410803576934,454.791791622031,757.3506499568551,1261.192522724249,981,1953.6011763907964,3890.476612023953,7747.644939827599,15428.958479821991,21
248,68,6,5.0,34.66666666666667,0,0,0,0,0,0,1,122,197.24037236001516,318.88331548129,515.5464252862771,833.4964663306549,807,1576.0169652256052,3077.855606789248,6010.845914268407,11738.779598815378,21
249,30,3,2.0,16.333333333333332,1,0,0,0,0,0,0,28,39.07273703241922,54.52424211444941,76.08612050106568,106.17474921982496,490,910.3652842358492,1691.3570423302397,3142.3525195617835,5838.140091102237,22
250,46,7,5.0,52.0,1,0,0,0,0,0,0,85,132.54422749424077,206.6820263770004,322.2883473303977,502.55835326238906,128,207.9366134671964,337.79402515786086,548.7480128185822,891.4437768152308,22
251,34,8,7.0,63.66666666666667,1,0,0,0,0,0,0,73,112.11278631541047,172.18187473157366,264.4354757420232,406.1177806312237,125,202.58207458659535,328.31597555047085,532.0874515754905,862.3310384132589,22
252,53,6,4.0,38.333333333333336,0,0,0,0,0,1,0,128,207.9366134671964,337.79402515786086,548.7480128185822,891.4437768152308,1295,2651.531221516288,5429.048508629843,11116.0553079216,22760.28394521693,22
253,27,7,6.0,52.25,0,0,0,0,0,1,0,720,1390.1630664142965,2684.101876697772,5182.415688164642,10006.1151173507,482,894.0292792316881,1658.274589467906,3075.8216514319824,5705.134054097411,22
254,27,9,8.0,71.08333333333333,0,0,0,0,0,1,0,572,1079.2837336538933,2036.456954073228,3842.508504925853,7250.274345792322,335,599.168933965845,1071.651974417214,1916.7181226685227,3428.1729978278,22
255,22,10,11.0,86.9722,0,0,0,0,0,1,0,177,297.0096725649708,498.3883932042434,836.3060648348828,1403.338929269534,1689,3551.342956322376,7467.162103860585,15700.682972920462,33012.735278467524,22
256,72,2,1.0,8.666666666666666,0,0,0,0,0,0,1,95,149.79453384941735,236.19370917014965,372.4265954032359,587.2365079110866,9135,22739.42123772637,56604.4092202255,140903.2846383525,350745.39060435136,22
257,26,10,12.0,86.9166,0,0,1,0,0,0,0,319,567.766483201362,1010.5290891750536,1798.5722480676986,3201.1568654199486,645,1231.73047328519,2352.185982665668,4491.874656873756,8577.951778370316,22
258,35,10,10.0,84.61106666666666,0,0,0,0,0,0,1,56,83.754245320012,125.26381444865618,187.34600437595023,280.1968430397744,1065,2138.3784474597824,4293.5797038126775,8620.937371909657,17309.69640656541,22
259,42,9,9.0,77.08333333333334,0,0,0,1,0,0,0,10,12.589254117941676,15.848931924611133,19.9526231496888,25.118864315095795,293,517.0760022129999,912.5173790599932,1610.3782877618637,2841.9384542202024,22
260,52,4,3.0,27.666666666666668,0,0,0,0,0,0,1,253,439.9796331740918,765.1465518103089,1330.628060039213,2314.0286393170186,1022,2043.6004299395047,4086.40187597742,8171.2060965294095,16339.217506841273,22
261,21,2,1.0,11.5,1,0,0,0,0,0,0,34,48.37564947394369,68.82951358899608,97.9315418483329,139.33829237934694,62,93.67654367085214,141.53701345350098,213.8499713196592,323.1084867312341,23
262,60,7,6.0,51.0,1,0,0,0,0,0,0,60,90.3579512768954,136.07598931596323,204.92579354278573,308.6112478053024,490,910.3652842358492,1691.3570423302397,3142.3525195617835,5838.140091102237,23
263,64,9,8.0,69.66666666666667,1,0,0,0,0,0,0,48,70.69120116166508,104.10929003497904,153.32522426376747,225.80717232473725,2739,6044.372701434385,13338.60582469702,29435.37967214032,64957.43167091685,23
264,32,8,7.0,58.0,0,0,0,0,0,1,0,521,973.915988610096,1820.561137946985,3403.2122850072155,6361.6945431915965,1271,2597.527209825224,5308.534701638398,10848.987672546942,22171.94388552248,23
265,30,11,11.0,93.833275,0,0,0,0,0,1,0,448,824.9085697572192,1518.915509952902,2796.800046645771,5149.786442802419,293,517.0760022129999,912.5173790599932,1610.3782877618637,2841.9384542202024,23
266,16,11,13.0,100.54163333333337,0,0,0,0,0,1,0,318,565.8089748986946,1006.7289184777082,1791.246092341961,3187.116714777661,1065,2138.3784474597824,4293.5797038126775,8620.937371909657,17309.69640656541,23
267,32,6,5.0,41.25,0,0,1,0,0,0,0,424,776.4302409499065,1421.801695899833,2603.608097477578,4767.735996376512,157,260.3092600463528,431.5981583813991,715.5987085708954,1186.4775179504156,23
268,66,3,2.0,16.25,0,0,0,0,1,0,0,265,462.9887744689417,808.9003972990653,1413.2520891054123,2469.1315198135303,280,491.8966155846359,864.151001512924,1518.1176892795747,2666.989119342106,23
269,29,11,12.0,100.24988333333332,0,0,0,0,0,1,0,89,139.42126128924411,218.40773145487256,342.14248758158254,535.9768220141992,335,599.168933965845,1071.651974417214,1916.7181226685227,3428.1729978278,23
270,57,4,3.0,26.25,0,0,0,1,0,0,0,84,130.82996182444748,203.76760608317105,317.36795386809905,494.3004439150759,516,963.639673470782,1799.6151555947167,3360.81504052396,6276.385093500381,23
271,48,4,4.0,26.166666666666668,0,0,0,1,0,0,0,80,123.99351900386702,192.17990943702893,297.86329066177115,461.6639698903082,482,894.0292792316881,1658.274589467906,3075.8216514319824,5705.134054097411,23
272,32,11,10.0,94.0,0,0,0,1,0,0,0,138,225.8743912136058,369.7046420733115,605.1218185300962,990.4458142793868,132,215.0954998477668,350.5005610209135,571.1446467402732,930.68669148466,23
273,36,10,9.0,82.45833333333334,0,0,0,0,0,0,1,715,1379.54746017711,2661.749922910646,5135.6788052839165,9908.968744216549,128,207.9366134671964,337.79402515786086,548.7480128185822,891.4437768152308,23
274,66,3,2.0,17.5,1,0,0,0,0,0,0,129,209.72426513862052,340.96331308476255,554.3277540769863,901.2091540289751,173,289.6347811475164,484.903505493466,811.8203508165523,1359.1410961841148,24
275,64,4,3.0,23.5,1,0,0,0,0,0,0,51,75.56613219696311,111.96549676880196,165.89803000646933,245.8092640526393,792,1543.823685902502,3009.3327943858385,5866.009149919219,11434.449327482424,24
276,30,6,5.0,49.25,1,0,0,0,0,0,0,75,115.4961186794112,177.85804573344834,273.8921861082466,421.77979242828536,159,263.95922024405166,438.2042135336334,727.4719654842503,1207.691400997674,24
277,47,7,6.0,56.875,0,0,0,0,0,1,0,104,165.47663209633416,263.29342086486054,418.9318128638442,666.5713987569286,577,1089.6659857372404,2057.83701988338,3886.230510845422,7339.156326520815,24
278,29,8,8.0,56.875,0,0,0,0,0,1,0,55,82.11054948483415,122.5844061218435,183.008598998848,273.21702953172843,566,1066.837011897884,2010.850194267145,3790.193308526927,7144.025625060451,24
279,20,9,9.0,79.125,0,0,0,0,0,1,0,261,455.30724192928136,794.2708220430992,1385.5833614151209,2417.111642716554,200,339.7292929268496,577.0799623628853,980.25483787898,1665.1064148037456,24
280,40,10,11.0,78.208325,0,0,0,0,0,1,0,201,341.5982704666927,580.544171073809,986.631267504144,1676.7738038197815,436,800.6360447244283,1470.2249452109538,2699.8052408002,4957.709608992092,24
281,32,10,12.0,87.91665,0,0,0,0,0,1,0,116,186.5966266390735,300.1577678713944,482.8312667613472,776.6783242546371,405,738.2450191866538,1345.693107046672,2452.9660089654767,4471.333181118335,24
282,46,2,1.0,9.75,1,0,0,0,0,0,0,63,95.33988075395158,144.28083908218568,218.3447300504073,330.4279448612628,744,1441.2198302449046,2791.820697703157,5408.101279594025,10476.15968833836,24
283,45,5,4.0,35.0,0,0,0,1,0,0,0,187,315.5191818973852,532.3655301882093,898.2435109911845,1515.5778488372896,213,364.0973883561053,622.3798507405464,1063.8820573713408,1818.575955905281,24
284,20,10,10.0,89.70830000000001,0,0,0,1,0,0,0,435,798.616323206169,1466.179383198481,2691.7581337256543,4941.797663715583,1257,2566.071808651043,5238.444333455549,10693.893655742311,21830.78682156925,24
285,36,7,7.0,50.875,0,0,0,0,0,0,1,88,137.69904852264557,215.4662268641123,337.15334577219045,527.5647149892853,737,1426.3110166110123,2760.3298725996424,5342.047363323395,10338.427415964668,24
286,21,5,4.0,35.83333333333333,1,0,0,0,0,0,0,168,280.4401623761583,468.1350278188448,781.4515667588346,1304.4666920889915,213,364.0973883561053,622.3798507405464,1063.8820573713408,1818.575955905281,25
287,31,10,11.0,83.80550833333334,1,0,0,0,0,0,0,195,330.39850420768386,559.8111363214091,948.5167286122942,1607.1205556382936,744,1441.2198302449046,2791.820697703157,5408.101279594025,10476.15968833836,25
288,23,10,13.0,91.75,1,0,0,0,0,0,0,126,204.36550822692,331.4703250225972,537.6277891697256,872.0045743697319,436,800.6360447244283,1470.2249452109538,2699.8052408002,4957.709608992092,25
289,43,4,3.0,27.0,0,0,0,0,0,1,0,88,137.69904852264557,215.4662268641123,337.15334577219045,527.5647149892853,566,1066.837011897884,2010.850194267145,3790.193308526927,7144.025625060451,25
290,33,7,6.0,54.16666666666667,0,0,0,0,0,1,0,641,1223.3305811205255,2334.6922163879576,4455.694829659045,8503.569025370536,577,1089.6659857372404,2057.83701988338,3886.230510845422,7339.156326520815,25
291,43,8,8.0,60.75,0,0,0,0,0,1,0,596,1129.2000422236697,2139.417341204589,4053.406295339383,7679.708993031732,1348,2771.1426429925573,5696.759308465701,11711.077630974847,24074.97523634318,25
292,22,9,9.0,73.58333333333333,0,0,0,0,0,1,0,24,32.9786114475993,45.316200542155286,62.26939041505117,85.56491798236814,1257,2566.071808651043,5238.444333455549,10693.893655742311,21830.78682156925,25
293,68,2,1.0,10.333333333333334,0,0,0,0,1,0,0,65,98.67444498786934,149.7945552871391,227.3983785409717,345.206289133412,173,289.6347811475164,484.903505493466,811.8203508165523,1359.1410961841148,25
294,31,10,12.0,88.83333333333334,0,0,0,1,0,0,0,176,295.1643720461378,495.0114007124475,830.1689161759582,1392.2516297460184,1748,3688.039561980284,7781.256184629119,16417.380235020566,34638.41407942158,25
295,47,2,2.0,12.5,0,0,0,1,0,0,0,72,110.42457745237616,169.35537924355296,259.73605822578133,398.3506177601062,3,3.348369522101714,3.737192818846552,4.171167510947728,4.655536721746079,25
296,43,6,5.0,40.5,0,0,0,1,0,0,0,50,73.93788183141571,109.3362073943278,161.6817516443394,239.0881249475092,737,1426.3110166110123,2760.3298725996424,5342.047363323395,10338.427415964668,25
297,39,10,10.0,78.375,0,0,0,0,0,0,1,464,857.3729522731986,1584.242196744956,2927.3413994375014,5409.102021438112,405,738.2450191866538,1345.693107046672,2452.9660089654767,4471.333181118335,25
298,36,7,7.0,56.5,0,0,0,0,0,0,1,38,54.67162168889681,78.65753205510133,113.16670619733615,162.8159828684024,159,263.95922024405166,438.2042135336334,727.4719654842503,1207.691400997674,25
299,27,1,1.0,6.333333333333333,0,0,0,0,0,1,0,46,67.45802388973735,98.9257605893124,145.07252872052766,212.74578496030333,643,1227.5298740220674,2343.4363788750084,4473.776303171336,8540.737265684,26
300,44,1,2.0,6.0,0,0,0,0,0,1,0,24,32.9786114475993,45.316200542155286,62.26939041505117,85.56491798236814,484,898.1107563489134,1666.5349807223472,3092.423537228241,5738.303392502549,26
301,71,2,3.0,13.041666666666668,0,0,0,0,0,1,0,133,216.8886397719965,353.689338813134,576.7759368198303,940.5725442862546,511,953.3733113261812,1778.709727493241,3318.540866513347,6191.405664734011,26
302,21,2,4.0,15.416666666666668,0,0,0,0,0,1,0,35,49.9430255960178,71.26588016241392,101.69239077354788,145.10930500924405,259,451.4708769374236,786.9727904349265,1371.796508971226,2391.2207447294777,26
303,37,3,5.0,22.125,0,0,0,0,0,1,0,47,69.0728926279167,101.5120105529299,149.185706497159,219.24868694676917,265,462.9887744689417,808.9003972990653,1413.2520891054123,2469.1315198135303,26
304,29,3,6.0,23.5,0,0,0,0,0,1,0,43,62.634743194944704,91.2351408162016,132.89510733435824,193.5779283663287,824,1612.575038192577,3155.823123545858,6175.972808229344,12086.431537750894,26
305,25,3,7.0,25.666666666666668,0,0,0,0,0,1,0,133,216.8886397719965,353.689338813134,576.7759368198303,940.5725442862546,3,3.348369522101714,3.737192818846552,4.171167510947728,4.655536721746079,26
306,47,4,8.0,34.0,0,0,0,0,0,1,0,1813,3839.172132447509,8129.753261203268,17215.401083334713,36454.98515611979,291,513.1948480865826,905.047945369795,1596.1028963406382,2814.8171251480667,26
307,30,4,9.0,34.875,0,0,0,0,0,1,0,240,415.176119970688,718.2133774746453,1242.4376807123597,2149.2935649314054,659,1261.1709426422103,2413.584440918118,4619.032723064152,8839.741810989417,26
308,28,4,10.0,37.16666666666666,0,0,0,0,0,1,0,230,396.18736362084815,682.4540308384259,1175.5637533491172,2024.9717574244137,241,417.0794064615188,721.8059389804673,1249.1717535700109,2161.841549989519,26
309,39,8,9.0,73.0,1,0,0,0,0,0,0,44,64.238877587428,93.78712258392171,136.92680652149207,199.90964460389907,1426,2948.02714460864,6094.575066864906,12599.56012059801,26047.577311115976,27
310,27,9,11.0,78.16666666666666,1,0,0,0,0,0,0,123,199.01949622581813,322.02243803234467,521.046694232577,843.0768341162217,265,462.9887744689417,808.9003972990653,1413.2520891054123,2469.1315198135303,27
311,52,3,3.0,20.666666666666664,1,0,0,0,0,0,0,69,105.37412947279287,160.92329220505667,245.75582359425687,375.3087822335369,1345,2764.359443846732,5681.548799096357,11677.206749782952,23999.997588485687,27
312,58,7,6.0,50.5,1,0,0,0,0,0,0,115,184.8279405441204,297.05537048505107,477.4272378636755,767.3208098609648,484,898.1107563489134,1666.5349807223472,3092.423537228241,5738.303392502549,27
313,17,9,12.0,81.83333333333333,1,0,0,0,0,0,0,246,426.60762916434766,739.8132896797779,1282.967453392548,2224.893104011443,824,1612.575038192577,3155.823123545858,6175.972808229344,12086.431537750894,27
314,46,2,2.0,12.166666666666668,0,0,0,0,0,1,0,11,13.98079776731155,17.769336928223957,22.584500550247288,28.7044849880676,643,1227.5298740220674,2343.4363788750084,4473.776303171336,8540.737265684,27
315,50,6,5.0,47.333333333333336,0,0,0,0,0,1,0,84,130.82996182444748,203.76760608317105,317.36795386809905,494.3004439150759,291,513.1948480865826,905.047945369795,1596.1028963406382,2814.8171251480667,27
316,36,7,7.0,57.66666666666666,0,0,0,0,0,1,0,32,45.25483399593906,63.99999999999999,90.5096679918781,127.99999999999996,511,953.3733113261812,1778.709727493241,3318.540866513347,6191.405664734011,27
317,34,1,1.0,5.833333333333333,1,0,0,0,0,0,0,54,80.46983962849211,119.91472388583766,178.69478889237536,266.2877963817905,259,451.4708769374236,786.9727904349265,1371.796508971226,2391.2207447294777,27
318,38,9,13.0,67.16666666666667,0,0,0,0,0,0,1,166,276.76992550052086,461.4553714552036,769.3793299968186,1282.777468944939,659,1261.1709426422103,2413.584440918118,4619.032723064152,8839.741810989417,27
319,25,4,4.0,34.0,0,0,0,1,0,0,0,415,758.3206916707991,1385.6633046170562,2531.993145976027,4626.657334366893,1,1.0,1.0,1.0,1.0,27
320,21,9,10.0,79.5,0,1,0,0,0,0,0,182,306.2517131444878,515.3302846369975,867.1471566226207,1459.1500124398283,3,3.348369522101714,3.737192818846552,4.171167510947728,4.655536721746079,27
321,32,8,8.0,50.0,0,0,0,0,0,0,1,4,4.59479341998814,5.278031643091577,6.062866266041593,6.964404506368992,241,417.0794064615188,721.8059389804673,1249.1717535700109,2161.841549989519,27
