index,celebrity_industry,celebrity_age_during_season,placement,season,1,2,3,4,5,6,7,8,9,10,11,weeks,elimination_order,score_sum
0,Actor/Actress,50,2,1,6.666666666666667,8.666666666666666,8.0,7.0,9.0,9.0,,,,,,6,5.0,48.33333333333333
1,Actor/Actress,29,1,1,4.333333333333333,5.666666666666667,7.0,8.666666666666666,7.833333333333333,9.166666666666666,,,,,,6,6.0,42.666666666666664
2,Athlete,42,5,1,6.0,4.666666666666667,4.333333333333333,,,,,,,,,3,2.0,15.0
3,Model,35,4,1,6.666666666666667,8.0,8.666666666666666,8.333333333333334,,,,,,,,4,3.0,31.666666666666668
4,Singer/Rapper,32,3,1,6.666666666666667,7.0,7.333333333333333,6.666666666666667,7.5,,,,,,,5,4.0,35.16666666666667
5,TV Personality,32,6,1,6.0,6.333333333333333,,,,,,,,,,2,1.0,12.333333333333332
6,Actor/Actress,42,9,2,7.666666666666667,5.666666666666667,,,,,,,,,,2,2.0,13.333333333333334
7,Actor/Actress,39,6,2,6.666666666666667,7.333333333333333,8.666666666666666,8.333333333333334,7.333333333333333,,,,,,,5,5.0,38.333333333333336
8,Actor/Actress,66,5,2,6.0,7.333333333333333,7.333333333333333,7.0,8.0,7.666666666666667,,,,,,6,6.0,43.33333333333333
9,Actor/Actress,42,4,2,6.333333333333333,6.666666666666667,8.333333333333334,8.666666666666666,8.333333333333334,9.0,8.833333333333334,,,,,7,7.0,56.16666666666667
10,Athlete,26,3,2,7.333333333333333,9.666666666666666,9.0,8.666666666666666,10.0,10.0,9.166666666666666,9.5555,,,,8,8.0,73.38883333333334
11,Athlete,43,2,2,7.0,7.666666666666667,6.333333333333333,8.0,7.666666666666667,7.666666666666667,6.833333333333333,8.888866666666667,,,,8,9.0,60.05553333333334
12,News Anchor,44,8,2,7.666666666666667,8.0,7.333333333333333,,,,,,,,,3,3.0,23.0
13,Singer/Rapper,35,7,2,4.0,5.333333333333333,4.666666666666667,2.6666666666666665,,,,,,,,4,4.0,16.666666666666664
14,Singer/Rapper,29,1,2,8.0,9.0,9.0,9.333333333333334,9.0,10.0,9.166666666666666,9.6666,,,,8,10.0,73.1666
15,Sports Broadcaster,46,10,2,4.333333333333333,,,,,,,,,,,1,1.0,4.333333333333333
16,Actor/Actress,54,9,3,5.666666666666667,7.0,7.333333333333333,,,,,,,,,3,3.0,20.0
17,Actor/Actress,42,8,3,7.333333333333333,8.0,9.0,8.0,,,,,,,,4,4.0,32.33333333333333
18,Actor/Actress,25,4,3,6.333333333333333,8.666666666666666,9.0,8.0,9.0,7.666666666666667,9.0,8.833333333333334,,,,8,8.0,66.5
19,Actor/Actress,30,3,3,7.0,9.666666666666666,7.333333333333333,9.0,8.333333333333334,8.0,9.5,9.0,9.833333333333334,,,9,9.0,77.66666666666667
20,Actor/Actress,32,2,3,8.666666666666666,7.0,7.333333333333333,9.666666666666666,9.0,9.333333333333334,9.333333333333334,9.5,9.833333333333334,9.888866666666667,,10,10.0,89.55553333333334
21,Athlete,37,1,3,8.0,8.0,6.333333333333333,8.0,9.0,8.333333333333334,9.5,9.0,9.833333333333334,9.888866666666667,,10,11.0,85.88886666666667
22,Model,31,10,3,6.0,7.333333333333333,,,,,,,,,,2,2.0,13.333333333333332
23,Singer/Rapper,25,7,3,7.333333333333333,7.666666666666667,7.333333333333333,9.333333333333334,9.0,,,,,,,5,5.0,40.66666666666667
24,Singer/Rapper,35,6,3,5.0,7.0,8.333333333333334,6.666666666666667,8.0,,,,,,,5,6.0,35.0
25,TV Personality,62,5,3,5.333333333333333,6.333333333333333,7.0,7.333333333333333,8.0,6.0,7.666666666666667,,,,,7,7.0,47.66666666666667
26,TV Personality,37,11,3,4.0,,,,,,,,,,,1,1.0,4.0
27,Actor/Actress,59,6,4,5.666666666666667,7.0,6.666666666666667,5.333333333333333,6.0,6.333333333333333,7.5,,,,,7,6.0,44.5
28,Actor/Actress,42,4,4,7.0,7.333333333333333,8.0,8.0,8.0,8.0,9.0,7.833333333333333,9.666666666666666,,,9,8.0,72.83333333333333
29,Athlete,44,8,4,5.333333333333333,6.0,5.333333333333333,5.0,4.333333333333333,,,,,,,5,4.0,25.999999999999996
30,Athlete,29,3,4,7.666666666666667,9.0,7.0,7.0,9.333333333333334,9.333333333333334,9.833333333333334,8.833333333333334,10.0,9.444400000000002,,10,9.0,87.4444
31,Athlete,24,1,4,7.0,8.666666666666666,7.666666666666667,8.666666666666666,10.0,9.333333333333334,9.0,9.666666666666666,9.833333333333334,9.777733333333334,,10,11.0,89.61106666666666
32,Beauty Pagent,28,10,4,6.333333333333333,6.666666666666667,7.0,,,,,,,,,3,2.0,20.0
33,Model,41,11,4,6.333333333333333,7.0,,,,,,,,,,2,1.0,13.333333333333332
34,Model,39,7,4,6.0,8.0,8.0,7.666666666666667,7.0,7.666666666666667,,,,,,6,5.0,44.333333333333336
35,Singer/Rapper,45,5,4,4.333333333333333,7.0,7.0,7.0,5.666666666666667,7.0,6.333333333333333,6.333333333333333,,,,8,7.0,50.66666666666667
36,Singer/Rapper,30,2,4,8.0,8.0,8.0,9.333333333333334,8.333333333333334,9.0,9.833333333333334,9.166666666666666,10.0,9.5555,,10,10.0,89.22216666666667
37,TV Personality,50,9,4,5.0,7.0,8.0,5.333333333333333,,,,,,,,4,3.0,25.333333333333332
38,Actor/Actress,38,5,5,7.0,7.0,7.666666666666667,9.0,8.666666666666666,8.333333333333334,8.5,8.5,,,,8,8.0,64.66666666666667
39,Actor/Actress,56,6,5,8.0,7.0,9.0,8.666666666666666,8.666666666666666,7.333333333333333,8.333333333333334,,,,,7,7.0,57.0
40,Actor/Actress,23,7,5,8.666666666666666,8.666666666666666,9.0,10.0,9.333333333333334,8.333333333333334,,,,,,6,6.0,54.0
41,Actor/Actress,35,4,5,7.0,7.0,8.666666666666666,9.0,8.333333333333334,9.0,8.833333333333334,8.333333333333334,9.666666666666666,,,9,9.0,75.83333333333333
42,Athlete,30,9,5,6.0,7.0,7.0,7.666666666666667,,,,,,,,4,4.0,27.666666666666668
43,Model,29,12,5,5.333333333333333,,,,,,,,,,,1,1.0,5.333333333333333
44,Model,22,11,5,7.0,7.0,,,,,,,,,,2,2.0,14.0
45,Racing Driver,32,1,5,8.333333333333334,9.0,8.0,9.0,7.666666666666667,9.333333333333334,8.666666666666666,9.5,10.0,9.333300000000001,,10,12.0,88.83330000000001
46,Singer/Rapper,32,2,5,8.0,7.666666666666667,9.0,8.666666666666666,9.666666666666666,10.0,9.0,9.333333333333334,10.0,9.4444,,10,11.0,90.77773333333333
47,Singer/Rapper,65,10,5,6.333333333333333,5.0,6.0,,,,,,,,,3,3.0,17.333333333333332
48,Singer/Rapper,47,3,5,7.0,8.0,8.666666666666666,8.666666666666666,7.0,7.666666666666667,8.666666666666666,8.166666666666666,9.333333333333334,7.666666666666667,,10,10.0,80.83333333333333
49,TV Personality,49,8,5,7.0,6.0,6.666666666666667,7.333333333333333,7.0,,,,,,,5,5.0,34.0
50,Actor/Actress,34,3,6,7.0,6.666666666666667,8.333333333333334,8.666666666666666,7.666666666666667,9.0,7.666666666666667,9.5,9.333333333333334,8.666666666666666,,10,10.0,82.5
51,Actor/Actress,49,10,6,6.0,5.333333333333333,7.0,,,,,,,,,3,3.0,18.333333333333332
52,Actor/Actress,62,8,6,8.0,7.0,8.666666666666666,7.333333333333333,7.0,,,,,,,5,5.0,38.0
53,Actor/Actress,42,7,6,7.333333333333333,8.0,7.0,8.0,7.333333333333333,7.0,,,,,,6,6.0,44.666666666666664
54,Actor/Actress,34,6,6,7.0,8.0,8.0,9.333333333333334,7.666666666666667,8.0,8.5,,,,,7,7.0,56.5
55,Actor/Actress,35,4,6,6.0,7.0,6.333333333333333,8.0,8.0,8.666666666666666,8.666666666666666,8.333333333333334,8.666666666666666,,,9,9.0,69.66666666666667
56,Athlete,33,2,6,7.333333333333333,9.0,7.666666666666667,9.666666666666666,9.0,8.0,9.166666666666666,8.666666666666666,9.166666666666666,9.5,,10,11.0,87.16666666666667
57,Athlete,36,1,6,9.0,9.0,9.0,9.666666666666666,9.666666666666666,10.0,9.0,9.166666666666666,9.5,10.0,,10,12.0,94.0
58,Athlete,34,11,6,5.0,5.0,,,,,,,,,,2,2.0,10.0
59,Magician,53,12,6,5.333333333333333,5.666666666666667,,,,,,,,,,2,1.0,11.0
60,Radio Personality,43,9,6,5.0,6.333333333333333,7.0,6.333333333333333,,,,,,,,4,4.0,24.666666666666664
61,Singer/Rapper,21,5,6,8.0,8.666666666666666,7.0,8.0,9.0,9.333333333333334,8.5,8.833333333333334,,,,8,8.0,67.33333333333334
62,Actor/Actress,50,12,7,6.166666666666667,,,,,,,,,,,1,2.0,6.166666666666667
63,Actor/Actress,82,7,7,5.333333333333333,5.0,5.333333333333333,7.333333333333333,7.0,5.0,,,,,,6,7.0,35.0
64,Actor/Actress,61,6,7,6.166666666666667,7.0,7.0,8.0,7.333333333333333,7.666666666666667,8.0,,,,,7,8.0,51.16666666666667
65,Actor/Actress,18,4,7,6.833333333333333,7.0,7.0,7.666666666666667,9.333333333333334,7.666666666666667,7.333333333333333,8.0,7.666666666666667,,,9,10.0,68.5
66,Athlete,31,10,7,7.0,7.0,,,,,,,,,,2,4.0,14.0
67,Athlete,34,5,7,6.5,6.333333333333333,8.0,6.666666666666667,9.0,7.0,8.333333333333334,8.0,,,,8,9.0,59.833333333333336
68,Athlete,35,2,7,7.166666666666667,8.0,8.333333333333334,7.333333333333333,8.333333333333334,8.333333333333334,7.0,9.0,8.166666666666666,9.166666666666666,,10,12.0,80.83333333333334
69,Comedian,43,13,7,4.0,,,,,,,,,,,1,1.0,4.0
70,Singer/Rapper,40,8,7,7.5,7.666666666666667,7.333333333333333,7.333333333333333,7.333333333333333,,,,,,,5,6.0,37.16666666666667
71,Singer/Rapper,29,3,7,7.166666666666667,6.666666666666667,7.333333333333333,8.666666666666666,7.0,9.0,8.333333333333334,8.333333333333334,9.5,9.166666666666666,,10,11.0,81.16666666666667
72,TV Personality,27,11,7,6.166666666666667,5.666666666666667,,,,,,,,,,2,3.0,11.833333333333334
73,TV Personality,41,9,7,5.833333333333333,5.333333333333333,6.666666666666667,6.0,,,,,,,,4,5.0,23.833333333333336
74,TV Personality,37,1,7,8.166666666666666,8.0,9.333333333333334,8.666666666666666,9.666666666666666,8.666666666666666,10.0,9.166666666666666,8.166666666666666,10.0,,10,13.0,89.83333333333333
75,Actor/Actress,33,2,8,8.0,9.0,9.0,10.0,9.666666666666666,8.666666666666666,9.0,9.166666666666666,9.333333333333334,10.0,9.666666666666666,11,12.0,101.5
76,Actor/Actress,38,12,8,6.0,7.0,5.333333333333333,,,,,,,,,3,2.0,18.333333333333332
77,Actor/Actress,52,9,8,6.333333333333333,5.666666666666667,8.0,7.333333333333333,7.333333333333333,,,,,,,5,5.0,34.666666666666664
78,Athlete,50,7,8,5.333333333333333,6.666666666666667,6.666666666666667,6.333333333333333,6.666666666666667,7.333333333333333,7.0,,,,,7,7.0,46.0
79,Athlete,39,4,8,4.666666666666667,6.666666666666667,7.666666666666667,8.333333333333334,7.0,6.0,8.0,8.666666666666666,7.666666666666667,8.0,,10,10.0,72.66666666666667
80,Athlete,17,1,8,7.666666666666667,8.0,9.0,8.333333333333334,8.666666666666666,8.666666666666666,9.333333333333334,8.666666666666666,9.333333333333334,9.333333333333334,10.0,11,13.0,96.99999999999999
81,Entrepreneur,58,10,8,4.333333333333333,5.666666666666667,3.3333333333333335,4.0,,,,,,,,4,4.0,17.333333333333336
82,Singer/Rapper,50,13,8,5.666666666666667,6.0,,,,,,,,,,2,1.0,11.666666666666668
83,Singer/Rapper,29,6,8,6.666666666666667,6.666666666666667,7.666666666666667,7.333333333333333,7.666666666666667,7.666666666666667,9.0,8.5,,,,8,8.0,61.16666666666667
84,Singer/Rapper,34,5,8,7.0,7.666666666666667,8.333333333333334,9.0,8.666666666666666,9.333333333333334,8.666666666666666,9.333333333333334,8.666666666666666,,,9,9.0,76.66666666666667
85,TV Personality,34,8,8,5.666666666666667,4.666666666666667,5.0,5.0,6.0,5.333333333333333,,,,,,6,6.0,31.666666666666668
86,TV Personality,30,11,8,6.0,6.0,5.666666666666667,5.333333333333333,,,,,,,,4,3.0,23.0
87,TV Personality,26,3,8,7.666666666666667,8.666666666666666,9.0,9.666666666666666,8.333333333333334,9.0,9.666666666666666,7.666666666666667,9.5,9.166666666666666,9.5,11,11.0,97.83333333333334
88,Actor/Actress,34,16,9,6.3333,,,,,,,,,,,1,1.0,6.3333
89,Actor/Actress,45,12,9,7.333333333333333,7.0,5.666666666666667,,,,,,,,,3,5.0,20.0
90,Actor/Actress,33,9,9,8.0,6.333333333333333,6.333333333333333,9.333333333333334,7.666666666666667,7.9999666666666664,,,,,,6,8.0,45.66663333333334
91,Actor/Actress,45,6,9,9.6666,7.0,6.0,7.333333333333333,8.666666666666666,10.666666666666666,7.166666666666667,,,,,7,11.0,56.49993333333333
92,Athlete,39,11,9,7.333333333333333,6.333333333333333,5.666666666666667,5.666666666666667,,,,,,,,4,6.0,25.0
93,Athlete,27,10,9,8.999933333333333,7.0,8.666666666666666,8.0,7.333333333333333,,,,,,,5,7.0,39.99993333333333
94,Athlete,21,8,9,8.999933333333333,6.333333333333333,6.666666666666667,5.333333333333333,7.333333333333333,8.0,,,,,,6,9.0,42.6666
95,Athlete,43,7,9,6.333333333333333,6.666666666666667,4.666666666666667,5.333333333333333,7.0,7.333266666666667,7.833333333333333,,,,,7,10.0,45.1666
96,Model,30,4,9,11.3333,6.666666666666667,7.666666666666667,8.666666666666666,8.0,11.999966666666666,9.166666666666666,8.666666666666666,9.0,,,9,13.0,81.16659999999999
97,Model,46,14,9,6.666633333333333,6.0,,,,,,,,,,2,3.0,12.666633333333333
98,Politician,62,13,9,6.666633333333333,6.0,5.0,,,,,,,,,3,4.0,17.666633333333333
99,Singer/Rapper,42,15,9,6.3333,,,,,,,,,,,1,2.0,6.3333
100,Singer/Rapper,21,5,9,10.666633333333332,9.0,7.0,6.0,8.0,10.999933333333333,8.833333333333334,8.333333333333334,,,,8,12.0,68.83323333333334
101,Singer/Rapper,29,2,9,10.3333,9.0,9.0,9.333333333333334,9.0,11.0,8.166666666666666,9.833333333333334,9.666633333333333,9.4444,,10,15.0,94.77766666666668
102,Singer/Rapper,51,1,9,9.999966666666666,8.333333333333334,7.0,8.0,9.666666666666666,10.3333,8.666666666666666,8.333333333333334,8.2222,9.6666,,10,16.0,88.22206666666668
103,TV Personality,24,3,9,10.333266666666667,6.333333333333333,6.666666666666667,7.666666666666667,8.0,8.333266666666667,8.666666666666666,8.5,8.6666,8.4074,,10,14.0,81.57386666666666
104,Actor/Actress,32,9,10,5.0,6.333333333333333,6.666666666666667,5.5,,,,,,,,4,3.0,23.5
105,Actor/Actress,38,11,10,6.0,6.666666666666667,,,,,,,,,,2,1.0,12.666666666666668
106,Actor/Actress,40,5,10,6.0,7.0,7.0,6.0,6.0,8.6666,8.166666666666666,7.166666666666667,,,,8,7.0,55.99993333333333
107,Astronaut,80,10,10,4.666666666666667,4.0,4.333333333333333,,,,,,,,,3,2.0,13.0
108,Athlete,32,4,10,6.0,5.333333333333333,6.666666666666667,7.333333333333333,6.0,10.3333,8.666666666666666,7.5,8.666666666666666,,,9,8.0,66.49996666666667
109,Athlete,24,2,10,7.666666666666667,8.0,8.666666666666666,8.666666666666666,9.0,9.0,9.0,8.833333333333334,9.833333333333334,8.9629,,10,10.0,87.62956666666668
110,Model,42,6,10,7.0,7.333333333333333,7.0,7.833333333333333,7.0,9.999933333333333,8.5,,,,,7,6.0,54.666599999999995
111,Singer/Rapper,31,1,10,8.333333333333334,9.333333333333334,7.666666666666667,8.333333333333334,9.666666666666666,11.999966666666666,9.0,9.833333333333334,9.833333333333334,9.592566666666666,,10,11.0,93.59253333333334
112,Sports Broadcaster,32,3,10,7.0,7.666666666666667,7.666666666666667,6.5,7.333333333333333,11.333333333333334,8.5,8.833333333333334,9.333333333333334,8.999933333333333,,10,9.0,83.1666
113,TV Personality,35,8,10,5.333333333333333,5.0,5.0,5.333333333333333,5.0,,,,,,,5,4.0,25.666666666666664
114,TV Personality,32,7,10,6.666666666666667,6.666666666666667,7.0,6.333333333333333,7.666666666666667,8.3333,,,,,,6,5.0,42.66663333333333
115,Actor/Actress,58,12,11,5.0,,,,,,,,,,,1,1.0,5.0
116,Actor/Actress,76,8,11,6.0,6.333333333333333,6.666666666666667,5.833333333333333,7.0,,,,,,,5,5.0,31.833333333333332
117,Actor/Actress,19,2,11,7.666666666666667,7.333333333333333,7.666666666666667,6.666666666666667,6.666666666666667,9.999966666666666,8.375,9.333333333333334,9.666666666666666,9.111066666666666,,10,11.0,82.48603333333332
118,Actor/Actress,50,1,11,8.0,8.0,8.0,9.333333333333334,8.333333333333334,9.666666666666666,9.125,9.5,10.0,10.0,,10,12.0,89.95833333333334
119,Athlete,41,6,11,7.333333333333333,7.0,8.0,6.5,8.0,10.0,8.625,,,,,7,7.0,55.45833333333333
120,Athlete,39,5,11,6.333333333333333,7.0,7.666666666666667,5.666666666666667,8.0,7.3333,8.75,8.0,,,,8,8.0,58.749966666666666
121,Comedian,41,10,11,5.0,6.0,6.0,,,,,,,,,3,3.0,17.0
122,Singer/Rapper,57,11,11,5.333333333333333,4.0,,,,,,,,,,2,2.0,9.333333333333332
123,Singer/Rapper,31,4,11,7.666666666666667,7.0,8.0,8.0,9.0,11.999966666666666,9.125,9.5,9.5,,,9,9.0,79.79163333333334
124,TV Personality,28,9,11,5.0,6.0,6.666666666666667,4.666666666666667,,,,,,,,4,4.0,22.333333333333336
125,TV Personality,25,7,11,6.333333333333333,7.666666666666667,8.666666666666666,7.666666666666667,7.666666666666667,10.6666,,,,,,6,6.0,48.6666
126,TV Personality,19,3,11,6.0,7.333333333333333,6.333333333333333,5.333333333333333,6.0,9.333266666666667,8.125,7.833333333333333,8.833333333333334,8.555533333333335,,10,10.0,73.68046666666666
127,Actor/Actress,49,4,12,8.0,7.0,7.0,8.333333333333334,7.333333333333333,8.0,8.25,7.666666666666667,8.0,,,9,8.0,69.58333333333334
128,Actor/Actress,22,3,12,7.0,6.0,7.666666666666667,8.666666666666666,8.666666666666666,9.333333333333334,8.0,9.166666666666666,12.166666666666666,9.888866666666667,,10,9.0,86.55553333333334
129,Actor/Actress,60,2,12,7.666666666666667,6.666666666666667,7.0,7.333333333333333,7.666666666666667,8.666666666666666,7.5,8.833333333333334,9.0,9.3333,,10,10.0,79.66663333333334
130,Athlete,35,1,12,7.0,7.666666666666667,8.333333333333334,8.333333333333334,9.0,9.0,8.25,9.0,10.0,9.888866666666667,,10,11.0,86.47220000000002
131,Athlete,54,9,12,5.666666666666667,5.666666666666667,6.666666666666667,7.0,,,,,,,,4,3.0,25.0
132,Athlete,40,7,12,6.333333333333333,7.666666666666667,7.0,7.666666666666667,8.666666666666666,7.333333333333333,,,,,,6,5.0,44.66666666666667
133,Model,31,8,12,6.0,6.0,8.333333333333334,7.666666666666667,7.333333333333333,,,,,,,5,4.0,35.333333333333336
134,Radio Personality,32,11,12,4.333333333333333,5.666666666666667,,,,,,,,,,2,1.0,10.0
135,Singer/Rapper,21,5,12,6.333333333333333,7.666666666666667,6.666666666666667,7.666666666666667,8.666666666666666,9.333333333333334,7.5,8.666666666666666,,,,8,7.0,62.5
136,TV Personality,46,10,12,4.666666666666667,5.666666666666667,5.0,,,,,,,,,3,2.0,15.333333333333334
137,TV Personality,25,6,12,6.0,6.333333333333333,7.666666666666667,6.0,7.333333333333333,8.333333333333334,7.625,,,,,7,6.0,49.29166666666667
138,Actor/Actress,33,11,13,5.0,7.0,,,,,,,,,,2,2.0,12.0
139,Actor/Actress,40,6,13,6.0,6.0,8.0,7.666666666666667,8.333333333333334,7.666666666666667,7.833333333333333,,,,,7,7.0,51.5
140,Actor/Actress,42,3,13,6.666666666666667,7.666666666666667,9.0,9.666666666666666,8.0,9.666666666666666,8.833333333333334,8.666666666666666,11.166633333333332,9.3333,,10,10.0,88.66659999999999
141,Actor/Actress,28,1,13,7.333333333333333,7.333333333333333,8.666666666666666,8.666666666666666,9.333333333333334,9.666666666666666,8.0,10.0,9.333333333333334,9.388833333333332,,10,12.0,87.72216666666667
142,Athlete,31,12,13,4.666666666666667,,,,,,,,,,,1,1.0,4.666666666666667
143,Athlete,30,4,13,7.0,6.333333333333333,8.0,8.0,8.0,6.666666666666667,8.333333333333334,8.666666666666666,8.1666,,,9,9.0,69.1666
144,Singer/Rapper,43,9,13,7.333333333333333,7.0,8.666666666666666,7.0,,,,,,,,4,4.0,30.0
145,TV Personality,24,10,13,6.333333333333333,7.333333333333333,8.0,,,,,,,,,3,3.0,21.666666666666664
146,TV Personality,41,8,13,5.666666666666667,6.0,7.666666666666667,6.666666666666667,6.333333333333333,,,,,,,5,5.0,32.333333333333336
147,TV Personality,42,7,13,5.666666666666667,5.666666666666667,6.0,7.0,7.0,6.333333333333333,,,,,,6,6.0,37.66666666666667
148,TV Personality,51,5,13,5.333333333333333,7.0,7.0,7.0,7.333333333333333,8.0,7.333333333333333,7.333333333333333,,,,8,8.0,56.33333333333333
149,TV Personality,24,2,13,5.333333333333333,7.0,8.0,8.0,8.333333333333334,7.333333333333333,8.5,8.5,10.833266666666667,9.4444,,10,11.0,81.27766666666668
150,Actor/Actress,31,3,14,8.0,8.333333333333334,9.333333333333334,7.333333333333333,9.666666666666666,12.0,8.833333333333334,9.5,9.666666666666666,9.888866666666667,,10,10.0,92.55553333333334
151,Actor/Actress,52,11,14,7.666666666666667,7.0,8.0,,,,,,,,,3,2.0,22.666666666666668
152,Actor/Actress,44,10,14,7.666666666666667,7.666666666666667,8.0,7.0,,,,,,,,4,3.0,30.333333333333336
153,Actor/Actress,35,7,14,8.666666666666666,7.333333333333333,8.333333333333334,7.333333333333333,8.0,12.333266666666667,8.5,,,,,7,6.0,60.49993333333333
154,Actor/Actress,20,6,14,7.666666666666667,8.666666666666666,8.333333333333334,8.666666666666666,8.666666666666666,9.333266666666667,8.666666666666666,9.333333333333334,,,,8,7.0,69.33326666666666
155,Actor/Actress,47,5,14,6.666666666666667,6.666666666666667,8.0,7.333333333333333,7.0,10.0,7.833333333333333,8.5,,,,8,8.0,61.99999999999999
156,Athlete,55,12,14,6.666666666666667,5.666666666666667,,,,,,,,,,2,1.0,12.333333333333334
157,Athlete,37,1,14,7.0,8.0,8.666666666666666,9.0,9.0,11.3333,8.833333333333334,9.166666666666666,9.5,9.888866666666667,,10,12.0,90.38883333333334
158,Singer/Rapper,35,9,14,6.666666666666667,7.0,8.0,7.666666666666667,6.333333333333333,,,,,,,5,4.0,35.66666666666667
159,Singer/Rapper,67,8,14,7.666666666666667,6.333333333333333,8.0,6.666666666666667,7.333333333333333,8.0,,,,,,6,5.0,44.0
160,Singer/Rapper,31,2,14,8.666666666666666,8.666666666666666,9.666666666666666,8.0,9.666666666666666,12.999966666666666,9.0,9.166666666666666,9.333333333333334,10.0,,10,11.0,95.16663333333332
161,TV Personality,33,4,14,7.0,8.333333333333334,9.0,8.666666666666666,9.0,9.999966666666666,9.5,8.833333333333334,9.833333333333334,,,9,9.0,80.16663333333334
162,Actor/Actress,36,6,15,8.0,8.5,8.5,9.875,9.416666666666666,9.166666666666666,11.1666,9.759233333333333,,,,8,8.0,74.38416666666666
163,Actor/Actress,28,8,15,7.5,8.666666666666666,8.5,8.875,9.75,10.0,,,,,,6,6.0,53.291666666666664
164,Actor/Actress,61,7,15,6.333333333333333,7.0,8.0,7.5,8.75,9.166666666666666,9.3333,8.5,,,,8,7.0,64.5833
165,Actor/Actress,36,3,15,7.166666666666667,7.333333333333333,9.0,9.375,8.583333333333334,9.0,12.0,9.444433333333334,9.036999999999999,9.703633333333334,,10,11.0,90.64340000000001
166,Athlete,30,5,15,7.333333333333333,8.166666666666666,8.5,8.625,9.416666666666666,10.0,11.0,9.759233333333333,9.537,,,9,9.0,82.3379
167,Athlete,43,4,15,8.166666666666666,7.5,8.333333333333334,9.0,9.333333333333334,8.833333333333334,11.499966666666666,9.685133333333333,9.0,,,9,10.0,81.35176666666666
168,Athlete,20,2,15,7.333333333333333,8.333333333333334,8.833333333333334,9.875,9.416666666666666,9.333333333333334,12.6666,9.277766666666666,9.833333333333334,9.648100000000001,,10,12.0,94.5508
169,Model,45,13,15,5.666666666666667,,,,,,,,,,,1,1.0,5.666666666666667
170,Racing Driver,37,10,15,7.166666666666667,7.666666666666667,8.5,,,,,,,,,3,4.0,23.333333333333336
171,Singer/Rapper,35,12,15,6.833333333333333,7.5,,,,,,,,,,2,2.0,14.333333333333332
172,Singer/Rapper,36,11,15,7.166666666666667,7.5,8.0,,,,,,,,,3,3.0,22.666666666666668
173,TV Personality,21,9,15,6.5,6.0,7.5,8.0,,,,,,,,4,5.0,28.0
174,TV Personality,29,1,15,7.0,7.833333333333333,9.0,9.25,9.416666666666666,9.833333333333334,12.999966666666666,10.0,9.592566666666666,9.7777,,10,13.0,94.70356666666666
175,Actor/Actress,41,5,16,6.666666666666667,6.666666666666667,7.0,7.666666666666667,7.0,7.666666666666667,8.333333333333334,8.0,8.5,,,9,8.0,67.5
176,Actor/Actress,16,2,16,8.0,8.666666666666666,8.6666,8.666666666666666,9.666666666666666,8.5,10.0,9.666666666666666,9.166666666666666,10.0,,10,11.0,90.99993333333333
177,Athlete,56,12,16,7.0,5.0,,,,,,,,,,2,1.0,12.0
178,Athlete,26,8,16,6.0,6.0,7.666666666666667,6.0,7.0,6.666666666666667,,,,,,6,5.0,39.333333333333336
179,Athlete,18,4,16,7.0,8.0,7.666666666666667,9.0,8.333333333333334,8.666666666666666,10.666666666666666,9.333333333333334,9.833333333333334,9.666666666666666,,10,9.0,88.16666666666667
180,Athlete,28,3,16,6.666666666666667,7.666666666666667,8.6666,8.0,8.666666666666666,7.5,9.0,8.666666666666666,9.833333333333334,9.3333,,10,10.0,83.9999
181,Comedian,50,9,16,4.0,5.333333333333333,5.333333333333333,7.0,6.0,,,,,,,5,4.0,27.666666666666664
182,Comedian,47,7,16,5.666666666666667,6.666666666666667,6.0,7.0,6.0,7.166666666666667,5.666666666666667,,,,,7,6.0,44.16666666666667
183,Singer/Rapper,48,11,16,6.0,6.0,5.0,,,,,,,,,3,2.0,17.0
184,Singer/Rapper,26,1,16,7.0,8.666666666666666,8.333333333333334,8.666666666666666,9.0,9.0,9.666666666666666,9.166666666666666,9.666666666666666,10.0,,10,12.0,89.16666666666667
185,TV Personality,52,10,16,6.0,6.0,7.0,6.0,,,,,,,,4,3.0,25.0
186,TV Personality,29,6,16,6.333333333333333,6.666666666666667,7.0,6.666666666666667,8.0,7.666666666666667,8.0,7.0,,,,8,7.0,57.333333333333336
187,Actor/Actress,74,10,17,7.0,6.333333333333333,5.333333333333333,6.0,,,,,,,,4,3.0,24.666666666666664
188,Actor/Actress,28,7,17,7.333333333333333,7.666666666666667,9.0,7.0,9.0,10.333333333333334,9.5,9.0,,,,8,6.0,68.83333333333334
189,Actor/Actress,39,6,17,8.0,8.333333333333334,8.333333333333334,9.0,8.666666666666666,10.6666,9.0,8.333333333333334,9.333333333333334,,,9,7.0,79.6666
190,Actor/Actress,43,5,17,7.0,8.0,8.0,8.0,7.333333333333333,9.3333,8.833333333333334,9.333333333333334,9.0,8.125,,10,8.0,82.95830000000001
191,Actor/Actress,24,2,17,8.0,8.666666666666666,8.666666666666666,9.0,9.333333333333334,8.999966666666666,9.833333333333334,10.0,9.666666666666666,9.375,9.8888,11,11.0,101.43043333333334
192,Actor/Actress,27,1,17,9.0,8.0,8.0,9.0,8.666666666666666,10.666633333333332,9.833333333333334,9.333333333333334,8.5,9.875,10.4444,11,12.0,101.31936666666667
193,Athlete,41,12,17,5.666666666666667,6.0,,,,,,,,,,2,1.0,11.666666666666668
194,Comedian,56,4,17,6.0,7.0,8.0,7.0,8.0,7.9999666666666664,8.333333333333334,8.0,7.0,7.5,8.499966666666666,11,9.0,83.33326666666667
195,Singer/Rapper,31,9,17,7.333333333333333,8.333333333333334,8.666666666666666,8.0,9.333333333333334,,,,,,,5,4.0,41.666666666666664
196,TV Personality,25,8,17,7.666666666666667,6.666666666666667,8.333333333333334,8.0,9.0,10.0,9.0,,,,,7,5.0,58.66666666666667
197,TV Personality,27,3,17,7.666666666666667,8.0,7.333333333333333,8.0,9.0,8.999933333333333,9.5,10.0,9.0,8.875,9.3333,11,10.0,95.70823333333333
198,TV Personality,57,11,17,4.666666666666667,5.666666666666667,5.333333333333333,,,,,,,,,3,2.0,15.666666666666668
199,Actor/Actress,76,10,18,5.0,5.0,,,,,,,,,,2,3.0,10.0
200,Actor/Actress,39,6,18,8.0,8.0,9.0,8.0,9.75,9.0,9.0,9.5,,,,8,7.0,70.25
201,Actor/Actress,23,4,18,7.0,8.333333333333334,9.0,8.75,10.0,8.75,8.75,9.0,9.5,9.666666666666666,,10,9.0,88.75000000000001
202,Actor/Actress,37,3,18,8.333333333333334,7.0,8.0,7.0,8.75,8.0,9.25,9.0,9.0,8.6666,,10,10.0,82.99993333333335
203,Athlete,33,11,18,6.666666666666667,7.0,,,,,,,,,,2,2.0,13.666666666666668
204,Athlete,64,12,18,6.0,,,,,,,,,,,1,1.0,6.0
205,Athlete,26,5,18,9.0,8.333333333333334,9.0,8.25,9.25,9.0,8.875,10.0,9.5,,,9,8.0,81.20833333333334
206,Athlete,34,2,18,8.0,8.0,9.0,8.5,9.25,9.5,9.375,10.0,9.75,9.888866666666667,,10,11.0,91.26386666666667
207,Athlete,27,1,18,8.0,8.333333333333334,9.75,9.75,9.0,10.0,9.75,9.0,10.0,10.0,,10,12.0,93.58333333333334
208,Comedian,55,8,18,7.0,7.0,7.5,8.25,7.0,8.0,,,,,,6,5.0,44.75
209,Singer/Rapper,17,9,18,7.333333333333333,7.333333333333333,8.75,7.75,8.5,,,,,,,5,4.0,39.666666666666664
210,TV Personality,46,7,18,7.0,7.0,7.75,8.0,9.0,8.25,8.25,,,,,7,6.0,55.25
211,Actor/Actress,42,8,19,6.25,7.75,7.25,7.25,7.0,7.0,7.375,,,,,7,6.0,49.875
212,Actor/Actress,33,9,19,7.5,7.5,8.0,6.0,6.0,8.0,,,,,,6,5.0,43.0
213,Actor/Actress,53,6,19,8.0,8.75,7.75,9.75,8.5,8.0,8.75,8.0,8.75,,,9,8.0,76.25
214,Actor/Actress,25,3,19,7.25,8.5,10.0,9.0,8.25,8.25,8.375,10.75,9.625,9.75,9.749950000000002,11,11.0,99.49995
215,Actor/Actress,42,1,19,9.0,8.0,8.0,10.0,8.5,9.75,8.5,10.25,9.625,9.375,10.0,11,13.0,101.0
216,Athlete,32,13,19,5.5,,,,,,,,,,,1,1.0,5.5
217,Athlete,51,11,19,7.75,7.0,6.5,,,,,,,,,3,3.0,21.25
218,Comedian,76,5,19,6.75,7.0,8.5,7.0,5.75,7.0,7.5,7.25,7.125,7.75,,10,9.0,71.625
219,Fashion Designer,72,10,19,5.0,7.0,7.25,7.25,,,,,,,,4,4.0,26.5
220,Racing Driver,51,7,19,6.25,6.0,7.0,6.25,5.0,7.5,7.0,6.25,,,,8,7.0,51.25
221,Radio Personality,50,12,19,7.25,7.0,,,,,,,,,,2,2.0,14.25
222,Social Media Personality,18,4,19,8.0,8.25,10.0,8.25,8.0,9.0,9.375,10.0,9.25,9.5,9.5,11,10.0,99.125
223,TV Personality,17,2,19,8.5,7.75,8.0,9.25,9.0,8.75,7.75,9.5,9.125,9.25,9.833300000000001,11,12.0,96.70830000000001
224,Actor/Actress,68,9,20,6.25,7.0,6.25,7.0,7.0,,,,,,,5,4.0,33.5
225,Actor/Actress,14,7,20,6.25,8.0,8.0,9.75,8.5,9.125,9.75,,,,,7,6.0,59.375
226,Actor/Actress,23,2,20,7.75,8.0,8.5,8.5,9.5,9.5,9.25,9.75,10.0,10.0,,10,11.0,90.75
227,Actor/Actress,26,1,20,8.0,8.0,8.25,8.75,9.75,8.875,9.25,10.0,9.75,10.0,,10,12.0,90.625
228,Athlete,25,4,20,7.5,8.5,8.5,9.0,9.5,9.125,10.25,9.5,10.0,,,9,9.0,81.875
229,Athlete,25,10,20,6.5,7.0,6.0,7.5,,,,,,,,4,3.0,27.0
230,Entrepreneur,52,6,20,7.0,7.0,7.25,8.5,6.0,8.375,7.75,7.75,,,,8,7.0,59.625
231,Model,21,11,20,5.5,6.5,5.5,,,,,,,,,3,2.0,17.5
232,Motivational Speaker,33,3,20,6.5,6.75,7.5,8.0,7.0,8.5,9.5,7.875,9.5,9.0,,10,10.0,80.125
233,Singer/Rapper,39,12,20,5.5,7.75,,,,,,,,,,2,1.0,13.25
234,Singer/Rapper,70,8,20,6.25,7.0,5.5,7.5,6.75,8.5,,,,,,6,5.0,41.5
235,TV Personality,33,5,20,6.5,5.25,7.0,6.75,6.75,8.75,7.75,8.0,,,,8,8.0,56.75
236,Actor/Actress,71,10,21,5.0,5.5,6.25,5.333333333333333,,,,,,,,4,4.0,22.083333333333332
237,Actor/Actress,27,6,21,7.333333333333333,7.666666666666667,9.0,7.0,10.0,7.5,9.166666666666666,8.999933333333333,10.0,,,9,8.0,76.6666
238,Actor/Actress,26,4,21,7.666666666666667,7.5,7.75,8.333333333333334,9.75,9.5,9.333333333333334,9.6666,9.0,10.5,10.0,11,10.0,98.99993333333333
239,Athlete,43,12,21,5.0,6.166666666666667,,,,,,,,,,2,2.0,11.166666666666668
240,Military,22,3,21,7.333333333333333,7.5,8.25,8.0,7.25,7.5,8.833333333333334,8.333333333333334,8.5,9.5,9.3333,11,11.0,90.3333
241,Singer/Rapper,62,13,21,4.333333333333333,5.0,,,,,,,,,,2,1.0,9.333333333333332
242,Singer/Rapper,31,7,21,7.0,7.333333333333333,7.25,7.666666666666667,9.0,10.0,9.333333333333334,7.999933333333334,,,,8,7.0,65.58326666666667
243,Singer/Rapper,38,5,21,7.666666666666667,8.166666666666666,8.25,9.0,7.25,10.0,9.0,9.333333333333334,8.166666666666666,,,9,9.0,76.83333333333333
244,Singer/Rapper,35,2,21,8.0,7.5,9.0,9.0,8.75,9.75,9.0,11.0,9.166666666666666,9.0,10.0,11,12.0,100.16666666666667
245,Social Media Personality,15,8,21,7.0,7.5,7.5,9.0,7.5,8.0,9.333333333333334,,,,,7,6.0,55.833333333333336
246,TV Personality,17,1,21,8.0,8.0,8.0,9.333333333333334,9.25,10.0,9.666666666666666,9.333333333333334,10.0,10.5,10.0,11,13.0,102.08333333333334
247,TV Personality,37,11,21,4.0,6.166666666666667,,,,,,,,,,2,3.0,10.166666666666668
248,TV Personality,68,9,21,5.0,6.166666666666667,5.0,6.0,6.5,6.0,,,,,,6,5.0,34.66666666666667
249,Actor/Actress,30,11,22,5.333333333333333,5.0,6.0,,,,,,,,,3,2.0,16.333333333333332
250,Actor/Actress,46,8,22,6.666666666666667,6.333333333333333,7.333333333333333,8.0,7.0,8.0,8.666666666666666,,,,,7,5.0,52.0
251,Actor/Actress,34,6,22,6.666666666666667,7.0,7.666666666666667,6.75,8.75,8.333333333333334,8.5,10.0,,,,8,7.0,63.66666666666667
252,Athlete,53,9,22,5.0,6.666666666666667,6.666666666666667,6.0,7.0,7.0,,,,,,6,4.0,38.333333333333336
253,Athlete,27,7,22,7.0,6.666666666666667,6.666666666666667,8.0,7.25,8.0,8.666666666666666,,,,,7,6.0,52.25
254,Athlete,27,5,22,7.0,6.333333333333333,6.666666666666667,8.75,6.5,9.0,8.666666666666666,9.0,9.166666666666666,,,9,8.0,71.08333333333333
255,Athlete,22,2,22,7.0,8.0,7.666666666666667,9.0,7.75,9.333333333333334,9.166666666666666,9.333333333333334,9.833333333333334,9.888866666666667,,10,11.0,86.9722
256,Journalist,72,12,22,4.333333333333333,4.333333333333333,,,,,,,,,,2,1.0,8.666666666666666
257,Model,26,1,22,7.666666666666667,6.666666666666667,8.333333333333334,8.5,9.25,8.333333333333334,9.333333333333334,9.666666666666666,9.5,9.6666,,10,12.0,86.9166
258,News Anchor,35,3,22,7.666666666666667,7.0,7.0,9.0,8.0,8.0,9.166666666666666,10.0,9.333333333333334,9.4444,,10,10.0,84.61106666666666
259,Singer/Rapper,42,4,22,7.666666666666667,8.0,8.0,8.75,7.5,9.666666666666666,9.166666666666666,8.333333333333334,10.0,,,9,9.0,77.08333333333334
260,TV Personality,52,10,22,7.0,6.666666666666667,7.0,7.0,,,,,,,,4,3.0,27.666666666666668
261,Actor/Actress,21,13,23,5.5,6.0,,,,,,,,,,2,1.0,11.5
262,Actor/Actress,60,8,23,5.5,6.5,7.0,8.0,8.0,7.75,8.25,,,,,7,6.0,51.0
263,Actor/Actress,64,6,23,6.75,6.75,7.0,7.0,9.0,8.5,8.0,7.666666666666667,9.0,,,9,8.0,69.66666666666667
264,Athlete,32,7,23,6.0,6.0,6.25,7.333333333333333,8.0,7.5,8.25,8.666666666666666,,,,8,7.0,58.0
265,Athlete,30,3,23,6.5,7.0,8.0,7.666666666666667,8.0,9.25,9.25,10.0,9.25,9.333333333333334,9.583275,11,11.0,93.833275
266,Athlete,16,1,23,7.75,8.0,7.75,10.0,8.333333333333334,9.25,8.625,11.0,10.0,10.0,9.833300000000001,11,13.0,100.54163333333335
267,Model,32,9,23,6.0,6.0,6.25,8.0,8.0,7.0,,,,,,6,5.0,41.25
268,Politician,66,12,23,5.0,5.5,5.75,,,,,,,,,3,2.0,16.25
269,Racing Driver,29,2,23,7.75,7.25,7.25,9.333333333333334,9.666666666666666,9.5,9.25,11.6666,9.0,9.833333333333334,9.74995,11,12.0,100.24988333333333
270,Singer/Rapper,57,11,23,6.5,7.5,6.25,6.0,,,,,,,,4,3.0,26.25
271,Singer/Rapper,48,10,23,6.25,6.5,5.75,7.666666666666667,,,,,,,,4,4.0,26.166666666666668
272,Singer/Rapper,32,4,23,6.75,7.25,6.5,7.666666666666667,8.666666666666666,10.0,8.625,10.0,10.0,9.666666666666666,8.875,11,10.0,94.0
273,TV Personality,36,5,23,6.25,7.75,7.5,8.333333333333334,9.0,7.5,8.625,8.0,9.5,10.0,,10,9.0,82.45833333333334
274,Actor/Actress,66,11,24,5.25,6.25,6.0,,,,,,,,,3,2.0,17.5
275,Actor/Actress,64,10,24,5.0,5.5,6.0,7.0,,,,,,,,4,3.0,23.5
276,Actor/Actress,30,8,24,7.0,7.5,8.25,8.75,8.5,9.25,,,,,,6,5.0,49.25
277,Athlete,47,7,24,7.0,7.0,8.25,8.25,9.0,8.375,9.0,,,,,7,6.0,56.875
278,Athlete,29,5,24,5.5,7.0,6.0,8.0,7.5,7.875,7.75,7.25,,,,8,8.0,56.875
279,Athlete,20,4,24,8.0,7.25,8.0,9.0,9.5,8.625,9.75,9.0,10.0,,,9,9.0,79.125
280,Athlete,40,2,24,7.0,6.75,7.75,7.75,7.25,7.75,8.0,8.125,8.75,9.083325,,10,11.0,78.208325
281,Athlete,32,1,24,7.75,8.0,7.0,9.75,8.0,8.75,9.75,9.375,9.625,9.91665,,10,12.0,87.91665
282,Comedian,46,12,24,4.25,5.5,,,,,,,,,,2,1.0,9.75
283,Singer/Rapper,45,9,24,6.0,7.0,6.5,7.5,8.0,,,,,,,5,4.0,35.0
284,Singer/Rapper,20,3,24,6.75,8.0,8.5,8.0,9.75,9.0,10.5,9.875,9.5,9.833300000000001,,10,10.0,89.70830000000001
285,TV Personality,36,6,24,6.0,6.25,6.5,7.5,8.5,7.625,8.5,,,,,7,7.0,50.875
286,Actor/Actress,21,10,25,6.0,7.5,6.333333333333333,8.0,8.0,,,,,,,5,4.0,35.83333333333333
287,Actor/Actress,31,3,25,6.333333333333333,8.0,7.0,8.0,9.666666666666666,7.75,10.0,8.833333333333334,8.5,9.722175,,10,11.0,83.80550833333334
288,Actor/Actress,23,1,25,7.333333333333333,8.0,8.333333333333334,9.666666666666666,10.0,9.75,9.0,10.0,9.666666666666666,10.0,,10,13.0,91.75
289,Athlete,43,11,25,6.0,6.333333333333333,7.0,7.666666666666667,,,,,,,,4,3.0,27.0
290,Athlete,33,8,25,6.666666666666667,6.5,7.0,8.0,9.0,9.0,8.0,,,,,7,6.0,54.16666666666667
291,Athlete,43,6,25,5.0,6.5,7.0,8.0,8.333333333333334,9.25,8.166666666666666,8.5,,,,8,8.0,60.75
292,Athlete,22,5,25,6.333333333333333,7.333333333333333,7.333333333333333,9.0,9.0,7.75,9.5,8.0,9.333333333333334,,,9,9.0,73.58333333333333
293,Entrepreneur,68,13,25,4.666666666666667,5.666666666666667,,,,,,,,,,2,1.0,10.333333333333334
294,Musician,31,2,25,7.333333333333333,7.5,9.0,8.666666666666666,9.333333333333334,10.0,8.5,9.0,9.5,10.0,,10,12.0,88.83333333333334
295,Singer/Rapper,47,12,25,5.666666666666667,6.833333333333333,,,,,,,,,,2,2.0,12.5
296,Singer/Rapper,43,9,25,6.0,6.333333333333333,7.0,7.333333333333333,7.333333333333333,6.5,,,,,,6,5.0,40.5
297,TV Personality,39,4,25,5.333333333333333,6.833333333333333,7.666666666666667,8.0,8.333333333333334,7.5,9.5,7.833333333333333,8.0,9.375,,10,10.0,78.375
298,TV Personality,36,7,25,7.0,7.833333333333333,7.666666666666667,8.0,8.0,9.0,9.0,,,,,7,7.0,56.5
299,Athlete,27,10,26,6.333333333333333,,,,,,,,,,,1,1.0,6.333333333333333
300,Athlete,44,9,26,6.0,,,,,,,,,,,1,2.0,6.0
301,Athlete,71,8,26,5.666666666666667,7.375,,,,,,,,,,2,3.0,13.041666666666668
302,Athlete,21,7,26,6.666666666666667,8.75,,,,,,,,,,2,4.0,15.416666666666668
303,Athlete,37,6,26,7.0,7.875,7.25,,,,,,,,,3,5.0,22.125
304,Athlete,29,5,26,7.0,8.25,8.25,,,,,,,,,3,6.0,23.5
305,Athlete,25,4,26,7.666666666666667,9.25,8.75,,,,,,,,,3,7.0,25.666666666666668
306,Athlete,47,3,26,7.666666666666667,8.25,8.75,9.333333333333334,,,,,,,,4,8.0,34.0
307,Athlete,30,2,26,8.0,7.875,9.5,9.5,,,,,,,,4,9.0,34.875
308,Athlete,28,1,26,8.0,9.25,10.25,9.666666666666666,,,,,,,,4,10.0,37.166666666666664
309,Actor/Actress,39,5,27,7.333333333333333,8.666666666666666,10.0,8.0,9.666666666666666,10.0,9.333333333333334,10.0,,,,8,9.0,73.0
310,Actor/Actress,27,3,27,6.0,8.0,9.0,8.0,8.0,9.666666666666666,9.833333333333334,9.666666666666666,10.0,,,9,11.0,78.16666666666666
311,Actor/Actress,52,11,27,6.5,6.833333333333333,7.333333333333333,,,,,,,,,3,3.0,20.666666666666664
312,Actor/Actress,58,8,27,6.0,7.166666666666667,7.0,7.0,8.0,6.333333333333333,9.0,,,,,7,6.0,50.5
313,Actor/Actress,17,2,27,6.666666666666667,8.666666666666666,9.0,9.666666666666666,9.0,10.0,9.666666666666666,9.166666666666666,10.0,,,9,12.0,81.83333333333333
314,Athlete,46,12,27,6.0,6.166666666666667,,,,,,,,,,2,2.0,12.166666666666668
315,Athlete,50,9,27,6.666666666666667,7.666666666666667,8.0,8.666666666666666,8.333333333333334,8.0,,,,,,6,5.0,47.333333333333336
316,Athlete,36,7,27,7.666666666666667,7.833333333333333,8.666666666666666,7.333333333333333,8.666666666666666,8.666666666666666,8.833333333333334,,,,,7,7.0,57.666666666666664
317,Comedian,34,13,27,5.833333333333333,,,,,,,,,,,1,1.0,5.833333333333333
318,Radio Personality,38,1,27,6.666666666666667,6.5,7.666666666666667,6.666666666666667,7.0,7.333333333333333,8.833333333333334,7.5,9.0,,,9,13.0,67.16666666666667
319,Singer/Rapper,25,10,27,7.666666666666667,8.666666666666666,9.0,8.666666666666666,,,,,,,,4,4.0,34.0
320,Social Media Personality,21,4,27,7.333333333333333,8.166666666666666,8.666666666666666,8.333333333333334,9.666666666666666,9.0,9.166666666666666,9.666666666666666,9.5,,,9,10.0,79.5
321,TV Personality,32,6,27,4.666666666666667,5.833333333333333,6.0,5.0,5.666666666666667,7.333333333333333,7.833333333333333,7.666666666666667,,,,8,8.0,50.0
322,Actor/Actress,55,7,28,5.0,7.0,8.0,6.5,8.0,9.0,8.0,8.6666,,,,8,6.0,60.1666
323,Actor/Actress,42,5,28,7.0,6.666666666666667,7.666666666666667,7.0,8.666666666666666,9.0,9.0,10.6666,9.0,8.5,,10,8.0,83.1666
324,Actor/Actress,41,2,28,5.333333333333333,6.666666666666667,6.666666666666667,8.0,8.666666666666666,8.666666666666666,8.5,9.999933333333333,9.25,9.5,9.833333333333334,11,11.0,91.08326666666666
325,Athlete,44,11,28,5.0,5.0,,,,,,,,,,2,2.0,10.0
326,Athlete,39,10,28,3.6666666666666665,4.0,4.0,5.0,,,,,,,,4,3.0,16.666666666666664
327,Model,21,9,28,6.0,6.0,7.666666666666667,7.75,8.0,9.0,,,,,,6,4.0,44.41666666666667
328,Politician,48,6,28,4.0,5.333333333333333,5.0,5.25,6.333333333333333,7.0,7.0,6.666666666666667,6.25,,,9,7.0,52.83333333333333
329,Singer/Rapper,75,12,28,5.666666666666667,5.0,,,,,,,,,,2,1.0,10.666666666666668
330,Singer/Rapper,24,4,28,6.333333333333333,6.333333333333333,6.666666666666667,8.0,7.666666666666667,8.666666666666666,9.0,8.0,8.75,9.0,9.5,11,9.0,87.91666666666666
331,Singer/Rapper,26,3,28,5.333333333333333,6.666666666666667,8.0,8.0,9.0,8.333333333333334,9.0,10.0,10.0,9.833333333333334,10.0,11,10.0,94.16666666666667
332,TV Personality,38,8,28,5.666666666666667,6.333333333333333,5.333333333333333,7.0,7.0,8.333333333333334,8.166666666666666,,,,,7,5.0,47.83333333333333
333,TV Personality,24,1,28,6.666666666666667,8.0,7.0,8.0,8.333333333333334,8.0,8.666666666666666,10.333266666666667,8.875,9.0,9.666666666666666,11,12.0,92.5416
334,Actor/Actress,51,13,29,6.0,6.0,5.0,7.0,,,,,,,,4,3.0,24.0
335,Actor/Actress,41,12,29,6.0,6.666666666666667,6.666666666666667,7.0,6.333333333333333,,,,,,,5,4.0,32.66666666666667
336,Actor/Actress,39,8,29,4.333333333333333,6.0,7.333333333333333,7.333333333333333,6.333333333333333,8.0,8.666666666666666,9.0,,,,8,8.0,57.0
337,Actor/Actress,18,5,29,7.0,5.0,6.0,9.333333333333334,8.0,6.0,9.0,8.999933333333333,9.6666,9.5,,10,11.0,78.49986666666666
338,Actor/Actress,48,4,29,7.0,7.0,6.333333333333333,8.0,8.0,9.0,8.666666666666666,9.6666,8.6666,9.666666666666666,10.0,11,12.0,91.99986666666668
339,Athlete,56,15,29,4.0,5.0,,,,,,,,,,2,1.0,9.0
340,Athlete,36,11,29,5.666666666666667,6.0,7.333333333333333,7.333333333333333,7.0,7.0,,,,,,6,5.0,40.333333333333336
341,Athlete,36,6,29,6.0,6.0,8.0,8.0,9.666666666666666,7.333333333333333,9.0,10.0,10.0,9.5,,10,10.0,83.5
342,Producer,35,2,29,6.666666666666667,7.0,8.0,8.0,8.666666666666666,8.666666666666666,10.0,10.0,9.6666,10.0,10.0,11,14.0,96.6666
343,Singer/Rapper,42,7,29,6.0,6.333333333333333,7.0,8.0,8.0,9.0,8.666666666666666,9.0,8.333266666666667,,,9,9.0,70.33326666666667
344,Singer/Rapper,45,3,29,5.333333333333333,6.0,6.0,7.0,8.0,8.0,9.0,8.0,8.0,9.333333333333334,9.5,11,13.0,84.16666666666666
345,TV Personality,35,1,29,6.666666666666667,7.333333333333333,7.666666666666667,8.333333333333334,9.0,9.0,8.0,9.333333333333334,10.0,10.0,10.0,11,15.0,95.33333333333334
346,TV Personality,59,14,29,3.6666666666666665,5.333333333333333,4.0,,,,,,,,,3,2.0,13.0
347,TV Personality,48,10,29,6.333333333333333,5.333333333333333,7.0,8.0,8.666666666666666,9.0,7.333333333333333,,,,,7,6.0,51.66666666666666
348,TV Personality,41,9,29,6.0,6.0,7.333333333333333,7.0,8.0,8.333333333333334,8.333333333333334,,,,,7,7.0,51.0
349,Actor/Actress,75,15,30,3.25,3.75,,,,,,,,,,2,1.0,7.0
350,Actor/Actress,48,13,30,6.0,5.75,6.333333333333333,6.5,,,,,,,,4,3.0,24.583333333333332
351,Actor/Actress,54,6,30,6.5,6.75,7.666666666666667,9.125,9.0,8.5,9.5,10.5,9.0,,,9,10.0,76.54166666666667
352,Athlete,29,12,30,6.0,5.5,6.666666666666667,7.125,,,,,,,,4,4.0,25.291666666666668
353,Athlete,40,9,30,6.0,6.5,7.333333333333333,8.125,8.0,8.5,8.0,,,,,7,7.0,52.45833333333333
354,Athlete,18,5,30,7.0,7.0,7.0,8.5,9.0,9.0,8.5,10.5,9.375,,,9,11.0,75.875
355,Athlete,31,1,30,5.25,6.25,6.333333333333333,7.875,7.0,10.0,8.5,8.75,9.375,10.0,,10,15.0,79.33333333333333
356,Fitness Instructor,34,3,30,6.0,6.0,6.0,7.25,8.0,9.0,9.0,9.5,8.875,9.5,,10,13.0,79.125
357,Singer/Rapper,47,11,30,6.75,7.5,7.333333333333333,8.25,9.0,,,,,,,5,5.0,38.83333333333333
358,Singer/Rapper,36,7,30,5.5,6.75,6.666666666666667,8.125,8.5,9.5,9.5,8.0,,,,8,9.0,62.54166666666667
359,Social Media Personality,21,8,30,6.25,6.75,8.0,8.75,9.0,9.0,10.5,9.0,,,,8,8.0,67.25
360,Social Media Personality,18,2,30,7.25,7.75,8.0,8.75,10.0,10.0,9.75,10.25,10.0,10.0,,10,14.0,91.75
361,TV Personality,38,14,30,6.25,6.0,7.0,,,,,,,,,3,2.0,19.25
362,TV Personality,50,10,30,6.5,6.0,7.0,7.375,9.0,8.0,,,,,,6,6.0,43.875
363,TV Personality,39,4,30,7.0,8.0,8.0,8.5,9.75,9.5,8.5,10.5,9.875,9.75,,10,12.0,89.375
364,Actor/Actress,51,16,31,4.5,,,,,,,,,,,1,1.0,4.5
365,Actor/Actress,71,14,31,5.25,5.25,6.0,,,,,,,,,3,3.0,16.5
366,Actor/Actress,50,12,31,7.0,7.0,7.0,8.0,10.0,,,,,,,5,5.0,39.0
367,Actor/Actress,24,11,31,5.75,6.0,7.25,7.0,8.75,,,,,,,5,6.0,34.75
368,Actor/Actress,39,6,31,5.25,7.5,6.75,7.0,9.0,8.5,9.75,9.75,8.125,,,9,11.0,71.625
369,Actor/Actress,32,5,31,6.75,7.25,7.75,7.25,8.375,8.5,9.125,9.75,8.625,,,9,12.0,73.375
370,Comedian,50,3,31,7.25,8.0,8.25,9.0,10.25,8.5,9.5,11.25,9.125,9.5,,10,14.0,90.625
371,News Anchor,61,13,31,5.0,6.5,6.25,6.25,,,,,,,,4,4.0,24.0
372,Singer/Rapper,34,10,31,5.0,6.25,6.5,7.75,9.0,8.0,,,,,,6,7.0,42.5
373,Singer/Rapper,32,9,31,6.5,6.75,7.25,8.5,8.875,8.5,8.625,,,,,7,8.0,55.0
374,Social Media Personality,50,8,31,6.0,7.0,8.0,8.5,9.75,9.0,8.75,8.75,,,,8,9.0,65.75
375,Social Media Personality,18,1,31,8.0,8.0,8.25,9.0,10.5,10.0,9.75,11.25,10.0,10.0,,10,16.0,94.75
376,TV Personality,50,15,31,5.0,5.75,,,,,,,,,,2,2.0,10.75
377,TV Personality,34,7,31,4.25,6.75,5.75,7.25,7.75,7.0,7.875,7.25,,,,8,10.0,53.875
378,TV Personality,40,4,31,7.0,7.0,7.5,8.0,9.625,9.0,9.125,10.5,9.125,9.5,,10,13.0,86.375
379,TV Personality,31,2,31,7.0,8.0,8.25,9.0,10.25,9.25,8.875,10.0,10.0,10.0,,10,15.0,90.625
380,Actor/Actress,32,13,32,5.0,5.333333333333333,,,,,,,,,,2,2.0,10.333333333333332
381,Actor/Actress,55,10,32,5.666666666666667,6.0,6.5,7.0,7.333333333333333,,,,,,,5,5.0,32.5
382,Actor/Actress,68,7,32,5.333333333333333,5.0,6.25,6.0,8.0,8.0,8.125,8.75,,,,8,8.0,55.45833333333333
383,Actor/Actress,49,5,32,4.333333333333333,6.333333333333333,6.0,6.0,7.0,7.75,8.75,9.0,8.0,8.5,8.833333333333334,11,10.0,80.49999999999999
384,Actor/Actress,17,1,32,6.0,8.0,8.0,9.0,9.333333333333334,10.5,9.25,10.0,10.25,10.0,10.0,11,14.0,100.33333333333334
385,Athlete,38,11,32,6.0,5.0,5.5,7.0,,,,,,,,4,4.0,23.5
386,Comedian,58,14,32,4.0,,,,,,,,,,,1,1.0,4.0
387,Model,52,12,32,4.0,6.0,5.0,,,,,,,,,3,3.0,15.0
388,Singer/Rapper,46,2,32,7.0,8.0,8.5,8.0,9.0,9.75,9.0,8.25,10.75,9.5,10.0,11,13.0,97.75
389,Social Media Personality,27,8,32,6.333333333333333,7.0,6.75,7.333333333333333,8.0,9.25,9.125,,,,,7,7.0,53.791666666666664
390,TV Personality,26,6,32,4.0,5.0,6.0,7.0,6.0,7.25,8.0,7.0,7.5,,,9,9.0,57.75
391,TV Personality,53,9,32,5.0,4.0,5.75,6.333333333333333,8.0,8.25,,,,,,6,6.0,37.33333333333333
392,TV Personality,27,4,32,7.333333333333333,7.0,8.0,8.0,9.333333333333334,9.5,9.0,9.75,9.5,9.833333333333334,9.833333333333334,11,11.0,97.08333333333333
393,TV Personality,38,3,32,7.0,6.666666666666667,8.5,8.333333333333334,8.0,10.25,9.25,10.5,9.25,9.666666666666666,9.833333333333334,11,12.0,97.25
394,Actor/Actress,51,12,33,5.666666666666667,6.333333333333333,,,,,,,,,,2,1.0,12.0
395,Actor/Actress,68,10,33,5.0,5.0,5.75,,,,,,,,,3,3.0,15.75
396,Actor/Actress,74,10,33,5.333333333333333,5.0,5.25,,,,,,,,,3,3.0,15.583333333333332
397,Actor/Actress,24,3,33,7.666666666666667,8.0,8.625,8.0,9.0,10.666666666666666,10.0,9.666666666666666,10.0,,,9,11.0,81.625
398,Athlete,38,6,33,7.333333333333333,7.333333333333333,6.5,7.25,8.0,10.333333333333334,8.0,,,,,7,8.0,54.75
399,Athlete,39,5,33,6.666666666666667,7.0,7.5,9.0,8.5,9.333333333333334,8.5,9.0,9.333333333333334,,,9,9.0,74.83333333333333
400,Athlete,26,4,33,7.0,7.333333333333333,7.75,8.25,8.0,9.333333333333334,9.0,8.833333333333334,9.833333333333334,,,9,10.0,75.33333333333333
401,Athlete,28,2,33,6.0,7.0,7.0,8.0,8.666666666666666,8.0,8.666666666666666,9.5,9.5,,,9,12.0,72.33333333333333
402,Con artist,33,12,33,6.0,5.666666666666667,,,,,,,,,,2,1.0,11.666666666666668
403,Model,27,9,33,6.0,6.666666666666667,7.625,8.0,,,,,,,,4,5.0,28.291666666666668
404,TV Personality,51,8,33,6.333333333333333,7.0,7.0,8.0,8.0,,,,,,,5,6.0,36.33333333333333
405,TV Personality,26,7,33,6.333333333333333,6.333333333333333,7.75,8.0,8.5,10.333333333333334,,,,,,6,7.0,47.25
406,TV Personality,29,1,33,7.0,7.333333333333333,8.75,9.0,8.666666666666666,10.666666666666666,9.166666666666666,9.666666666666666,9.833333333333334,,,9,13.0,80.08333333333333
407,Actor/Actress,54,13,34,4.5,5.0,,,,,,,,,,2,1.0,9.5
408,Actor/Actress,44,8,34,6.0,6.333333333333333,7.0,7.0,7.25,9.0,8.75,9.25,,,,8,7.0,60.58333333333333
409,Actor/Actress,55,5,34,6.0,7.0,7.0,8.0,7.5,9.0,8.0,9.375,9.0,9.5,9.6666,11,10.0,90.0416
410,Athlete,46,13,34,5.0,6.0,,,,,,,,,,2,1.0,11.0
411,Athlete,24,3,34,5.0,7.333333333333333,8.0,8.0,8.0,9.75,9.5,9.75,9.75,9.5,9.888866666666667,11,12.0,94.4722
412,Comedian,59,7,34,4.5,5.333333333333333,6.0,6.0,6.0,6.75,7.25,8.5,7.25,,,9,8.0,57.58333333333333
413,Conservationist,22,1,34,7.5,7.333333333333333,7.333333333333333,7.333333333333333,8.75,9.0,10.25,9.5,10.5,9.833333333333334,9.888866666666667,11,14.0,97.2222
414,Entrepreneur,41,11,34,7.0,7.0,7.333333333333333,7.666666666666667,,,,,,,,4,4.0,29.0
415,Singer/Rapper,29,12,34,6.5,7.0,6.0,,,,,,,,,3,3.0,19.5
416,Singer/Rapper,34,10,34,5.0,6.0,7.333333333333333,7.0,7.5,7.0,,,,,,6,5.0,39.83333333333333
417,Social media personality,24,2,34,6.5,7.0,7.666666666666667,8.0,8.75,8.75,10.75,9.625,10.0,9.666666666666666,10.0,11,13.0,96.70833333333334
418,TV Personality,26,9,34,6.0,7.333333333333333,6.333333333333333,7.666666666666667,7.25,8.0,8.5,,,,,7,6.0,51.08333333333333
419,TV Personality,32,6,34,7.5,7.333333333333333,8.0,8.333333333333334,8.25,9.75,10.5,9.875,10.5,9.666666666666666,,10,9.0,89.70833333333334
420,TV Personality,33,4,34,5.0,6.666666666666667,7.666666666666667,7.666666666666667,9.0,8.0,9.5,9.5,10.5,9.166666666666666,9.777733333333334,11,11.0,92.4444
